property_type,society,sector,priceCr,area,bedRoom,bathroom,balcony,study room,servant room,floorNum,agePossession,furnishing_type,luxury_category,UserID,PricePerSquare,Rent,floor_category
flat,signature global park 4,sector 36,1.06,850,3,2,2,0,0,2,New Property,unfurnished,Low,1,12.47,21.2,Low Floor
flat,smart world gems,sector 89,1.22,1226,2,2,2,1,1,4,New Property,unfurnished,Low,1,9.95,24.4,Mid Floor
flat,breez global hill view,sohna road,0.41,1000,2,2,1,0,0,17,New Property,unfurnished,Low,1,4.1,8.2,High Floor
flat,bestech park view sanskruti,sector 92,2.06,1615,3,4,3+,0,1,10,Relatively New,semifurnished,High,1,12.76,41.2,Mid Floor
flat,suncity avenue,sector 102,0.62,582,2,2,1,0,0,5,Relatively New,unfurnished,High,1,10.65,12.4,Mid Floor
flat,paras quartier,gwal pahari,9.67,4842,4,4,3+,0,1,20,New Property,semifurnished,Low,1,19.97,193.4,High Floor
flat,experion the heartsong,sector 108,2.58,2116,3,3,3+,0,1,14,Relatively New,unfurnished,Medium,1,12.19,51.6,High Floor
flat,adani m2k oyster grande,sector 102,2.45,1710,3,4,3,0,1,8,Relatively New,unfurnished,High,1,14.33,49,Mid Floor
house,independent,sector 105,1.55,1185.51,3,2,1,0,0,2,Old Property,unfurnished,Low,1,13.07,31,Low Floor
house,dlf city phase 1,sector 26,5.79,1350,3,3,2,1,1,2,Moderately Old,unfurnished,Medium,1,42.89,115.8,Low Floor
house,independent,sector 109,2,2360,3,2,0,0,0,1,Undefined,unfurnished,Low,1,8.47,40,Low Floor
flat,dlf regency park,sector 28,2.06,1222,2,2,2,0,0,3,Relatively New,unfurnished,Medium,1,16.86,41.2,Mid Floor
flat,ats tourmaline,sector 109,2.9,2339,3,4,3,0,1,14,Relatively New,unfurnished,Medium,1,12.4,58,High Floor
flat,emaar mgf emerald floors premier,sector 65,3.57,2194,4,4,3+,1,1,3,Relatively New,furnished,High,1,16.27,71.4,Mid Floor
house,independent,sector 12,1.55,846,2,4,2,0,0,2,Relatively New,semifurnished,Low,1,18.32,31,Low Floor
flat,bestech park view sanskruti,sector 92,2,1805,3,4,3,0,1,16,Relatively New,semifurnished,Medium,1,11.08,40,High Floor
flat,ss the leaf,sector 85,1.4,1638,2,2,3,0,0,9,Relatively New,unfurnished,High,1,8.55,28,Mid Floor
flat,capital residences 360,sector 70a,1.48,1400,2,2,3,0,0,4,New Property,unfurnished,Medium,1,10.57,29.6,Mid Floor
flat,ss the leaf,sector 85,2.28,2179,3,4,3+,0,0,7,New Property,unfurnished,Medium,1,10.46,45.6,Mid Floor
flat,afnhb jalvayu vihar,sector 30,1.09,734,2,2,1,0,0,2,Old Property,semifurnished,Low,1,14.85,21.8,Low Floor
flat,m3m woodshire,sector 107,1.16,1236,2,2,3+,0,0,10,Relatively New,semifurnished,Low,1,9.39,23.2,Mid Floor
flat,godrej habitat,sector 3,1.55,1307,2,2,3,0,0,0,Under Construction,unfurnished,Medium,1,11.86,31,Low Floor
flat,ansal api celebrity suites,sector 2,0.78,665,1,1,1,0,0,5,Moderately Old,semifurnished,Medium,1,11.73,15.6,Mid Floor
house,independent,sector 41,11.59,3240,8,5,3+,0,1,3,Old Property,semifurnished,Low,1,35.77,231.8,Mid Floor
house,independent,sector 41,9.02,2475,7,7,3+,1,1,3,Moderately Old,furnished,High,1,36.44,180.4,Mid Floor
flat,chanderlok society,sector 28,1.16,1382,4,2,3+,0,0,1,Old Property,unfurnished,Low,1,8.39,23.2,Low Floor
house,independent,sector 4,0.51,450,1,1,0,0,0,1,Moderately Old,unfurnished,Low,1,11.33,10.2,Low Floor
house,international city by sobha phase 2,sector 109,7.27,5400,4,4,3+,0,1,2,New Property,semifurnished,Low,1,13.46,145.4,Low Floor
flat,emaar digihomes,sector 62,2.77,1676,2,2,3,0,0,31,Under Construction,unfurnished,Medium,1,16.53,55.4,High Floor
house,uppal southend,sector 49,5.67,2880,6,6,3,1,1,3,Moderately Old,furnished,Medium,1,19.69,113.4,Mid Floor
flat,vipul lavanya,sector 81,0.82,1361,2,2,3,0,0,12,Relatively New,semifurnished,Medium,1,6.02,16.4,High Floor
flat,m3m heights,sector 65,3.68,2267,3,3,3,0,1,45,Under Construction,unfurnished,Low,1,16.23,73.6,High Floor
flat,emaar mgf the palm drive,sector 66,4.5,2125,3,3,3,0,1,7,Moderately Old,semifurnished,Medium,1,21.18,90,Mid Floor
house,greenopolis,sector 89,0.9,1297,2,2,2,0,0,14,Undefined,unfurnished,Low,1,6.94,18,High Floor
flat,dlf the skycourt,sector 86,1.98,1780,3,3,3+,0,1,15,Relatively New,unfurnished,High,1,11.12,39.6,High Floor
house,vipul tatvam villa,sector 48,10.62,2160,4,4,3+,0,1,3,Relatively New,semifurnished,High,1,49.17,212.4,Mid Floor
house,international city by sobha phase 1,sector 109,7.85,2430,5,6,3+,0,1,2,Moderately Old,unfurnished,Low,1,32.3,157,Low Floor
flat,the arzoo cghs,sector 51,2.7,2300,4,4,3,0,0,1,Relatively New,unfurnished,Medium,1,11.74,54,Low Floor
flat,corona optus,sector 37,1.61,1563,3,3,3,1,0,2,Relatively New,unfurnished,Low,1,10.3,32.2,Low Floor
flat,lotus homz,sector 111,0.9,773,2,2,2,0,0,8,Relatively New,unfurnished,Medium,1,11.64,18,Mid Floor
flat,m3m merlin,sector 67,3.6,2047,3,3,3,0,1,5,Moderately Old,furnished,Low,1,17.59,72,Mid Floor
house,housing board colony,sector 28,7.09,1800,4,3,3,0,0,2,Old Property,semifurnished,Low,1,39.39,141.8,Low Floor
flat,puri diplomatic greens,sector 111,3.33,2200,3,4,2,0,1,10,Moderately Old,unfurnished,Medium,1,15.14,66.6,Mid Floor
flat,la vida by tata housing,sector 113,3.86,2460,3,3,3+,0,1,3,Relatively New,unfurnished,High,1,15.69,77.2,Mid Floor
house,ganpati heights apartment,sector 13,1.61,115,3,6,2,0,0,3,Old Property,unfurnished,Low,1,140,32.2,Mid Floor
flat,smart world orchard,sector 61,2.7,1534,3,2,3,0,0,3,Under Construction,unfurnished,Medium,1,17.6,54,Mid Floor
flat,tata gurgaon gateway,sector 113,3.16,2014,3,3,3,0,0,8,Relatively New,unfurnished,Medium,1,15.69,63.2,Mid Floor
flat,tulip violet,sector 69,1.78,1709,3,3,1,0,0,12,Relatively New,unfurnished,High,1,10.42,35.6,High Floor
flat,smart world gems,sector 89,2.2,1423,3,2,0,0,0,3,Undefined,unfurnished,Low,1,15.46,44,Mid Floor
flat,ireo the corridors,sector 67a,2.38,1941,3,4,3,1,0,4,New Property,semifurnished,High,1,12.26,47.6,Mid Floor
flat,signature global the millennia,sector 37d,0.78,625,2,2,3,0,0,7,New Property,unfurnished,Low,1,12.48,15.6,Mid Floor
flat,vatika the seven lamps,sector 82,1.05,1176,2,2,2,0,0,15,Relatively New,semifurnished,Medium,1,8.93,21,High Floor
flat,tulip monsella,sector 53,7.22,2617,3,3,3+,0,0,1,Under Construction,unfurnished,Low,1,27.59,144.4,Low Floor
flat,m3m skywalk,sector 74,1.93,1300,2,2,3,0,0,17,Relatively New,unfurnished,High,1,14.85,38.6,High Floor
flat,bptp terra,sector 37d,1.87,1639,3,3,3,0,0,9,Relatively New,unfurnished,Medium,1,11.41,37.4,Mid Floor
flat,experion the heartsong,sector 108,2.12,1771.32,3,4,3,1,0,3,Moderately Old,semifurnished,Medium,1,11.97,42.4,Mid Floor
flat,huda housing board society,sector 52,0.58,513,1,1,0,0,0,0,Moderately Old,semifurnished,Low,1,11.31,11.6,Low Floor
flat,shri balaji apartment,sector 12,0.46,737,2,2,1,0,0,1,Moderately Old,unfurnished,Low,1,6.24,9.2,Low Floor
house,independent,sector 43,7.41,2430,4,4,2,0,1,4,Under Construction,furnished,High,1,30.49,148.2,Mid Floor
flat,ss the leaf,sector 85,1.45,1485,2,2,3,0,0,10,Relatively New,unfurnished,Low,1,9.76,29,Mid Floor
flat,avl 36 gurgaon,sector 36,0.97,856,2,2,2,0,0,5,Relatively New,unfurnished,Low,1,11.33,19.4,Mid Floor
flat,adani aangan galleria,sector 89,0.32,430,1,1,1,0,0,6,New Property,unfurnished,Medium,1,7.44,6.4,Mid Floor
house,independent,sector 4,0.87,783,3,2,1,0,0,1,Moderately Old,unfurnished,Low,1,11.11,17.4,Low Floor
flat,bestech park view residency,sector 2,0.72,723,1,1,2,0,0,6,Moderately Old,unfurnished,Medium,1,9.96,14.4,Mid Floor
flat,aipl zen residences,sector 70a,2.26,1706,3,4,3+,0,0,20,Relatively New,furnished,Low,1,13.25,45.2,High Floor
house,independent,sector 14,5.35,2250,5,4,2,0,0,2,Old Property,semifurnished,Medium,1,23.78,107,Low Floor
flat,m3m merlin,sector 67,4.38,2134,3,4,3,0,1,17,Relatively New,semifurnished,High,1,20.52,87.6,High Floor
flat,dlf the ultima,sector 81,2.96,1617,3,3,3+,1,1,19,Relatively New,furnished,Low,1,18.31,59.2,High Floor
house,independent,sector 25,9.79,1961,2,9,3,1,0,4,Relatively New,semifurnished,Medium,1,49.92,195.8,Mid Floor
flat,rof ananda,sector 95,0.41,610,2,2,1,0,0,10,Relatively New,semifurnished,Medium,1,6.72,8.2,Mid Floor
flat,rof aalayas,sector 102,0.58,750,1,1,2,0,0,6,Undefined,unfurnished,Low,1,7.73,11.6,Mid Floor
house,independent,sector 56,3.85,1449,4,4,2,1,1,2,Moderately Old,semifurnished,Low,1,26.57,77,Low Floor
flat,ats tourmaline,sector 109,1.93,1797,3,4,3+,0,1,4,Relatively New,unfurnished,Low,1,10.74,38.6,Mid Floor
house,dlf south city 1,sector 41,3.41,1400,3,3,3,0,1,4,New Property,semifurnished,Low,1,24.36,68.2,Mid Floor
house,bhim garh kheri,sector 3,1.93,1980,7,2,0,0,0,1,Undefined,unfurnished,Low,1,9.75,38.6,Low Floor
flat,dlf the skycourt,sector 86,1.93,1719,3,3,1,0,0,16,Relatively New,unfurnished,Low,1,11.23,38.6,High Floor
flat,central park resorts,sector 48,11.98,3831,4,4,3+,1,1,10,Moderately Old,semifurnished,Medium,1,31.27,239.6,Mid Floor
flat,ss the leaf,sector 83,1.53,1630,2,2,3,0,0,4,Relatively New,unfurnished,Low,1,9.39,30.6,Mid Floor
flat,signature global solera,sector 107,0.64,850,3,2,2,0,0,5,Relatively New,unfurnished,Low,1,7.53,12.8,Mid Floor
flat,hero homes,sector 104,1.8,1120,3,2,2,0,0,4,Under Construction,unfurnished,Low,1,16.07,36,Mid Floor
flat,godrej oasis,sector 88a,1.29,1611,2,2,3,1,0,7,Relatively New,unfurnished,Medium,1,8.01,25.8,Mid Floor
flat,eldeco accolade,sohna road,1.68,1509,3,3,3+,0,0,10,Relatively New,unfurnished,Low,1,11.13,33.6,Mid Floor
flat,orris carnation residency,sector 85,1.16,1402,3,3,2,0,0,12,Relatively New,unfurnished,Medium,1,8.27,23.2,High Floor
house,independent,sector 105,0.64,100,2,2,0,0,0,1,Undefined,unfurnished,Low,1,64,12.8,Low Floor
flat,vatika gurgaon,sector 83,1.48,1350,3,3,2,1,1,3,Relatively New,semifurnished,High,1,10.96,29.6,Mid Floor
flat,tulip violet,sector 69,1.76,1428,3,3,2,0,0,12,Relatively New,semifurnished,Low,1,12.32,35.2,High Floor
flat,shapoorji pallonji joyville gurugram,sector 102,1.8,1286,2,2,3,0,0,0,Relatively New,unfurnished,Medium,1,14,36,Low Floor
house,independent,sector 55,3.6,1500,4,4,0,0,0,2,Undefined,unfurnished,Low,1,24,72,Low Floor
house,unitech espace,sector 50,13.46,3240,5,7,3+,1,1,3,Moderately Old,semifurnished,High,1,41.54,269.2,Mid Floor
flat,pivotal devaan,sector 84,0.43,537,2,2,1,0,0,1,Relatively New,semifurnished,Medium,1,8.01,8.6,Low Floor
flat,pivotal devaan apartments,sector 84,0.5,549,2,2,0,0,0,5,Undefined,unfurnished,Low,1,9.11,10,Mid Floor
house,independent,sector 4,1.41,990,3,4,1,0,0,2,Undefined,unfurnished,Low,1,14.24,28.2,Low Floor
flat,gls arawali homes,sohna road,0.46,521,2,2,2,0,0,12,New Property,unfurnished,Low,1,8.83,9.2,High Floor
flat,tarc maceo,sector 91,2.26,2107,4,3,3+,1,1,8,Relatively New,unfurnished,Medium,1,10.73,45.2,Mid Floor
flat,vatika city,sector 49,2.7,1604.25,3,3,3,0,0,9,Moderately Old,semifurnished,Medium,1,16.83,54,Mid Floor
flat,central park resorts,sector 48,4.7,2395,3,3,3+,0,0,9,Relatively New,semifurnished,High,1,19.62,94,Mid Floor
flat,ashiana mulberry,sohna road,1.22,1175.97,2,2,3+,1,0,3,New Property,unfurnished,Medium,1,10.37,24.4,Mid Floor
flat,tulip violet,sector 69,1.66,1419,3,3,1,0,0,12,Relatively New,semifurnished,Medium,1,11.7,33.2,High Floor
house,suncity avenue 76,sector 76,0.97,745,2,2,2,0,0,11,New Property,unfurnished,Low,1,13.02,19.4,High Floor
flat,dlf the primus,sector 82a,2.38,1668,3,3,3+,0,0,2,Relatively New,semifurnished,Low,1,14.27,47.6,Low Floor
flat,umang monsoon breeze,sector 78,0.9,1224,2,2,2,0,0,5,Undefined,unfurnished,Low,1,7.35,18,Mid Floor
flat,rof ananda,sector 95,0.41,610,2,2,1,0,0,9,Relatively New,semifurnished,Medium,1,6.72,8.2,Mid Floor
flat,the crew bos chs manesar,manesar,1.09,2556,3,3,2,0,0,2,Moderately Old,unfurnished,Low,1,4.26,21.8,Low Floor
flat,spaze privvy the address,sector 93,1.61,2105,4,4,3,0,0,16,Relatively New,unfurnished,Low,1,7.65,32.2,High Floor
flat,"m m residency, krishna colony, gurgaon",sector 7,0.7,1000,2,2,1,0,0,3,Relatively New,unfurnished,Medium,1,7,14,Mid Floor
flat,chd avenue,sector 71,1.01,1084,2,2,2,0,0,8,Relatively New,unfurnished,Low,1,9.32,20.2,Mid Floor
house,independent,sector 25,12.88,9500,5,5,3+,0,1,3,Moderately Old,furnished,Low,1,13.56,257.6,Mid Floor
flat,park royal apartment,sector 56,2.2,2251,3,3,3+,0,1,5,Moderately Old,semifurnished,Medium,1,9.77,44,Mid Floor
flat,mahindra aura,sector 110,1.8,1550,3,3,3,0,0,10,Relatively New,semifurnished,Medium,1,11.61,36,Mid Floor
flat,ireo victory valley,sector 67,4.7,2490,3,4,3+,0,1,18,Relatively New,semifurnished,Medium,1,18.88,94,High Floor
flat,signature global solera,sector 107,0.78,750,3,2,2,0,0,8,Undefined,unfurnished,Medium,1,10.4,15.6,Mid Floor
flat,tulip violet,sector 69,1.86,1381,3,3,2,0,0,1,Relatively New,unfurnished,High,1,13.47,37.2,Low Floor
flat,m3m capital,sector 113,3.06,2060,4,4,3+,1,0,20,Under Construction,unfurnished,Medium,1,14.85,61.2,High Floor
flat,zara aavaas,sector 104,0.26,334,1,2,2,0,0,3,New Property,unfurnished,Medium,1,7.78,5.2,Mid Floor
flat,godrej nature plus,sector 33,1.93,1539,2,2,3+,0,0,2,Under Construction,unfurnished,Medium,1,12.54,38.6,Low Floor
flat,m3m capital,sector 113,2.36,1310,2,2,0,0,0,7,Undefined,unfurnished,Medium,1,18.02,47.2,Mid Floor
house,independent,sector 4,4.13,2250,3,3,2,0,0,2,Old Property,unfurnished,Low,1,18.36,82.6,Low Floor
flat,breez global heights 88a,sector 88a,0.64,663,3,2,2,0,0,2,Under Construction,unfurnished,Low,1,9.65,12.8,Low Floor
flat,south city 1 floors,sector 41,4.38,2900,4,4,3,0,0,0,Undefined,unfurnished,Low,1,15.1,87.6,Low Floor
flat,adani m2k oyster grande,sector 102,5.86,4630,4,4,3+,0,0,11,Relatively New,semifurnished,Medium,1,12.66,117.2,High Floor
flat,vatika city,sector 49,2.21,2444,3,3,2,0,0,2,Old Property,semifurnished,Medium,1,9.04,44.2,Low Floor
flat,smart world orchard,sector 61,2.84,1778,3,3,2,0,0,1,Under Construction,unfurnished,Low,1,15.97,56.8,Low Floor
flat,vatika iris floors,sector 82,0.81,1026,2,2,3+,1,0,2,Relatively New,unfurnished,Medium,1,7.89,16.2,Low Floor
flat,corona optus,sector 37,1.8,1890,3,3,3+,0,1,4,Relatively New,unfurnished,Medium,1,9.52,36,Mid Floor
flat,unitech south park,sector 70,1.46,1457,3,3,2,0,0,1,Under Construction,unfurnished,Low,1,10.02,29.2,Low Floor
house,hero homes,sector 104,2.51,920,3,5,3+,0,0,2,Moderately Old,unfurnished,Medium,1,27.28,50.2,Low Floor
flat,shree vardhman victoria,sector 70,2.26,1950,3,5,0,0,0,0,Undefined,unfurnished,Low,1,11.59,45.2,Low Floor
flat,indiabulls centrum park,sector 103,3.16,2602,4,4,3,1,1,11,Relatively New,unfurnished,Low,1,12.14,63.2,High Floor
house,vatika signature villas,sector 82,6.05,2160,3,3,3+,0,1,3,New Property,unfurnished,Low,1,28.01,121,Mid Floor
house,independent,sector 28,0.9,864,2,2,0,0,0,2,Old Property,unfurnished,Low,1,10.42,18,Low Floor
flat,m3m soulitude,sector 89,1.68,1179,3,3,2,0,0,1,New Property,unfurnished,Low,1,14.25,33.6,Low Floor
house,international city by sobha phase 2,sector 109,8.37,5400,4,4,3+,0,1,1,New Property,semifurnished,High,1,15.5,167.4,Low Floor
flat,signature global the millennia,sector 37d,0.71,543,2,2,3,0,0,3,New Property,unfurnished,Medium,1,13.08,14.2,Mid Floor
flat,signature global park,sohna road,1.16,1014,3,2,2,0,0,2,Under Construction,unfurnished,Medium,1,11.44,23.2,Low Floor
flat,m3m woodshire,sector 107,1.48,1281,2,2,3,1,0,0,Relatively New,unfurnished,Low,1,11.55,29.6,Low Floor
flat,emaar mgf the palm drive,sector 66,4.5,2150,3,4,3,0,1,6,Relatively New,unfurnished,Medium,1,20.93,90,Mid Floor
flat,dlf regal gardens,sector 90,2.29,2000,4,4,3+,0,0,8,Relatively New,unfurnished,Medium,1,11.45,45.8,Mid Floor
flat,sanskriti apartments,sector 43,3.21,1674,3,2,3,1,0,5,Old Property,unfurnished,Low,1,19.18,64.2,Mid Floor
house,independent,sector 38,5.03,1836,6,6,3+,1,1,3,Moderately Old,unfurnished,Low,1,27.4,100.6,Mid Floor
house,independent,sector 3,0.71,810,2,2,1,0,0,2,Moderately Old,unfurnished,Low,1,8.77,14.2,Low Floor
flat,bptp terra,sector 37d,2.15,2091,4,4,3,0,0,11,Relatively New,semifurnished,Medium,1,10.28,43,High Floor
flat,shree vardhman flora,sector 90,0.83,1050,2,2,3,1,0,9,Relatively New,unfurnished,Medium,1,7.9,16.6,Mid Floor
flat,m3m golfestate,sector 65,7.09,2803,3,4,3,0,1,3,Relatively New,unfurnished,Low,1,25.29,141.8,Mid Floor
flat,dlf regal gardens,sector 90,2.64,2005,4,4,3+,0,0,5,Relatively New,semifurnished,Low,1,13.17,52.8,Mid Floor
house,independent,sector 51,2.9,900,6,3,3+,0,0,3,Relatively New,unfurnished,Medium,1,32.22,58,Mid Floor
house,unitech uniworld resorts,sector 33,14.17,4125,5,6,3,1,1,3,New Property,unfurnished,Medium,1,34.35,283.4,Mid Floor
flat,shapoorji pallonji joyville gurugram,sector 102,1.81,1238,2,2,3,0,0,0,Relatively New,unfurnished,Low,1,14.62,36.2,Low Floor
flat,mapsko mount ville,sector 79,2.12,1815,3,3,0,0,0,12,Undefined,unfurnished,Low,1,11.68,42.4,High Floor
flat,vatika gurgaon,sector 83,1.27,1300,2,2,3,0,0,5,Relatively New,semifurnished,Medium,1,9.77,25.4,Mid Floor
flat,essel towers,sector 14,2.84,1956,3,4,3+,0,0,3,Undefined,unfurnished,Low,1,14.52,56.8,Mid Floor
flat,dlf the skycourt,sector 86,1.93,1550,3,3,1,0,0,15,Relatively New,unfurnished,High,1,12.45,38.6,High Floor
house,satya the hermitage,sector 103,5.61,3222,4,4,3+,1,1,2,Relatively New,semifurnished,Medium,1,17.41,112.2,Low Floor
flat,tulip violet,sector 69,1.68,1419,3,3,1,0,0,12,Relatively New,unfurnished,Medium,1,11.84,33.6,High Floor
flat,chd avenue,sector 71,1.41,1631,3,4,3,0,1,3,Moderately Old,unfurnished,Low,1,8.65,28.2,Mid Floor
flat,dlf the primus,sector 82a,2.05,1668,3,3,3+,0,0,5,Relatively New,furnished,High,1,12.29,41,Mid Floor
flat,godrej icon,sector 88a,2.12,1652,3,3,3,0,0,12,New Property,unfurnished,Medium,1,12.83,42.4,High Floor
flat,dlf the ultima,sector 81,2.94,1750,3,3,3+,0,1,14,Relatively New,furnished,Low,1,16.8,58.8,High Floor
flat,dlf new town heights,sector 90,2.06,2139,4,4,3+,0,1,10,Relatively New,unfurnished,Medium,1,9.63,41.2,Mid Floor
flat,dlf regal gardens,sector 90,1.56,1581,3,3,3+,0,0,29,Relatively New,unfurnished,Medium,1,9.87,31.2,High Floor
flat,dlf regal gardens,sector 90,1.61,1437,3,3,3,0,1,18,Moderately Old,unfurnished,Medium,1,11.2,32.2,High Floor
flat,bestech park view residency,sector 2,1.27,1281,2,2,3,0,0,11,Moderately Old,unfurnished,Medium,1,9.91,25.4,High Floor
flat,experion the heartsong,sector 108,1.2,1161,2,3,3,0,0,10,Relatively New,unfurnished,Medium,1,10.34,24,Mid Floor
flat,smart world orchard,sector 61,2.88,1402,3,3,2,0,0,3,New Property,unfurnished,Medium,1,20.54,57.6,Mid Floor
flat,kiran residency,sector 56,2,1810,3,3,3,0,1,5,Old Property,semifurnished,Medium,1,11.05,40,Mid Floor
flat,supertech araville,sector 79,1,1172,2,2,3+,0,0,17,Relatively New,unfurnished,Low,1,8.53,20,High Floor
flat,la vida by tata housing,sector 113,2.49,1429,3,3,2,0,0,8,Under Construction,unfurnished,Medium,1,17.42,49.8,Mid Floor
flat,ats triumph,sector 104,3.35,3064,4,4,3+,0,1,16,Relatively New,semifurnished,High,1,10.93,67,High Floor
house,experion windchants,sector 112,9.61,6350,4,4,3+,0,1,2,Relatively New,semifurnished,Medium,1,15.13,192.2,Low Floor
flat,ambience creacions,sector 22,6.18,2778,4,6,3+,0,1,10,New Property,furnished,Low,1,22.25,123.6,Mid Floor
flat,experion the heartsong,sector 108,1.25,1167,2,2,3,0,1,10,Relatively New,unfurnished,High,1,10.71,25,Mid Floor
flat,shapoorji pallonji joyville gurugram,sector 102,1.25,828,2,2,2,0,0,12,Relatively New,unfurnished,Medium,1,15.1,25,High Floor
flat,dlf garden city floors,sector 92,2.19,1475,3,4,2,0,0,1,Under Construction,unfurnished,Medium,1,14.85,43.8,Low Floor
house,independent,sector 26,8.7,2430,3,3,3,0,0,2,Moderately Old,unfurnished,Low,1,35.8,174,Low Floor
flat,dlf new town heights,sector 90,1.55,2144,3,3,3+,0,1,8,Moderately Old,unfurnished,Medium,1,7.23,31,Mid Floor
flat,shree vardhman victoria,sector 70,2.12,1527,3,5,3,0,1,6,Relatively New,unfurnished,High,1,13.88,42.4,Mid Floor
house,independent,sector 13,1.93,1300,2,7,3,0,0,4,Moderately Old,unfurnished,Low,1,14.85,38.6,Mid Floor
flat,antriksh heights,sector 84,0.89,1222,2,2,3+,1,0,8,Relatively New,unfurnished,Medium,1,7.28,17.8,Mid Floor
flat,ss,sector 85,1.55,1660,2,2,3,0,0,15,Relatively New,unfurnished,Low,1,9.34,31,High Floor
flat,apartment,sector 92,0.97,1778,3,4,3,1,0,2,Moderately Old,unfurnished,Medium,1,5.46,19.4,Low Floor
flat,vatika city,sector 49,2.18,2178,3,3,3,0,0,3,Moderately Old,unfurnished,Medium,1,10.01,43.6,Mid Floor
flat,ireo victory valley,sector 67,5.79,3160,4,4,3+,0,1,0,Relatively New,semifurnished,Low,1,18.32,115.8,Low Floor
house,unitech uniworld resorts,sector 33,10.94,4770,5,5,3+,1,1,3,New Property,semifurnished,Medium,1,22.94,218.8,Mid Floor
flat,signature global solera,sector 107,0.51,577,2,2,1,0,0,7,Relatively New,semifurnished,Medium,1,8.84,10.2,Mid Floor
flat,hsiidc sidco aravali,manesar,1.16,2233,4,4,3,0,0,7,Moderately Old,unfurnished,Low,1,5.19,23.2,Mid Floor
flat,residency grand,sector 52,6.44,5778,5,7,3+,0,1,1,Moderately Old,unfurnished,Medium,1,11.15,128.8,Low Floor
flat,whiteland blissville,sector 76,2.45,1513,3,3,2,0,0,0,Under Construction,unfurnished,Medium,1,16.19,49,Low Floor
flat,spaze privy at,sector 84,1.6,1650,3,3,3,1,0,8,Relatively New,semifurnished,High,1,9.7,32,Mid Floor
flat,central park flower valley,sector 33,1.8,588,3,3,3,0,0,2,Under Construction,unfurnished,Medium,1,30.61,36,Low Floor
flat,rof ananda,sector 95,0.59,809,2,2,2,1,0,11,New Property,unfurnished,Medium,1,7.29,11.8,High Floor
flat,suncity vatsal valley,gwal pahari,1.78,1130,2,2,2,0,0,4,Under Construction,semifurnished,Medium,1,15.75,35.6,Mid Floor
flat,conscient heritage max,sector 102,2.35,1757,3,4,3+,0,1,15,Moderately Old,unfurnished,Medium,1,13.38,47,High Floor
flat,tulsiani easy in homes,sohna road,0.51,661,2,2,3,0,0,12,New Property,unfurnished,Low,1,7.72,10.2,High Floor
flat,hsiidc sidco aravali,manesar,1.11,1900,3,3,3+,0,1,3,Moderately Old,unfurnished,Medium,1,5.84,22.2,Mid Floor
flat,shree vardhman victoria,sector 70,2.12,2167,3,3,2,1,0,6,Relatively New,unfurnished,Medium,1,9.78,42.4,Mid Floor
flat,conscient elevate,sector 59,4.87,2550,3,3,3,0,0,3,Under Construction,unfurnished,Low,1,19.1,97.4,Mid Floor
flat,emaar gurgaon greens,sector 102,1.82,1315,3,3,3,0,1,7,Relatively New,unfurnished,Medium,1,13.84,36.4,Mid Floor
flat,ats tourmaline,sector 109,1.8,1466,3,3,3+,0,0,8,Relatively New,unfurnished,Medium,1,12.28,36,Mid Floor
flat,ramson kshitij sec-95 gurugram,sector 95,0.35,758,2,2,0,0,0,1,Undefined,unfurnished,Low,1,4.62,7,Low Floor
flat,pyramid urban homes 2,sector 86,0.54,557,2,2,1,1,1,2,New Property,unfurnished,Medium,1,9.69,10.8,Low Floor
flat,prime habitat,sector 99,0.33,611,2,2,1,0,0,6,Relatively New,unfurnished,Medium,1,5.4,6.6,Mid Floor
flat,ramsons kshitij,sector 95,0.51,761,3,2,2,0,0,6,Undefined,unfurnished,Low,1,6.7,10.2,Mid Floor
flat,the lions cghs,sector 56,2.64,2000,4,4,3,0,1,7,Relatively New,semifurnished,Low,1,13.2,52.8,Mid Floor
flat,sare crescent parc,sector 92,1.12,1584,4,4,2,0,0,2,Moderately Old,furnished,Medium,1,7.07,22.4,Low Floor
flat,microtek greenburg,sector 86,2.12,1715,3,4,3,0,1,8,Relatively New,unfurnished,Medium,1,12.36,42.4,Mid Floor
house,bhawani enclave,sector 12,0.54,567,3,3,0,0,0,2,New Property,unfurnished,Low,1,9.52,10.8,Low Floor
flat,emaar mgf emerald floors premier,sector 65,3.55,1975,4,4,3,1,1,3,Relatively New,semifurnished,Medium,1,17.97,71,Mid Floor
flat,the khushboo cooperative housing society ltd,sector 9,1.13,1438,3,3,2,0,0,2,Old Property,semifurnished,Low,1,7.86,22.6,Low Floor
flat,tarc maceo,sector 91,1.8,1700,3,3,3+,0,0,7,Relatively New,unfurnished,Medium,1,10.59,36,Mid Floor
flat,m3m golfestate,sector 65,7.6,3043,3,3,3,1,0,9,Moderately Old,furnished,Low,1,24.98,152,Mid Floor
flat,signature global city 81,sector 81,1.06,955,2,2,3,0,0,2,Undefined,unfurnished,Medium,1,11.1,21.2,Low Floor
flat,bestech park view grand spa,sector 81,4.25,3070,4,5,3+,1,1,4,Relatively New,semifurnished,High,1,13.84,85,Mid Floor
flat,gls avenue 51,sector 92,0.64,711,3,3,1,0,0,12,New Property,furnished,Medium,1,9,12.8,High Floor
flat,tulip purple,sector 69,2.31,2200,4,5,3+,0,1,4,Relatively New,unfurnished,High,1,10.5,46.2,Mid Floor
flat,ireo the grand arch,sector 58,6.25,3182,4,5,3,1,1,23,Relatively New,semifurnished,Low,1,19.64,125,High Floor
flat,emaar palm heights,sector 77,2.3,1600,3,3,3,0,1,1,New Property,semifurnished,Low,1,14.38,46,Low Floor
flat,pareena coban residences,sector 99,1.46,1790,3,5,3,0,1,5,Relatively New,unfurnished,Low,1,8.16,29.2,Mid Floor
flat,dlf the ultima,sector 81,2.95,1900,3,4,3+,0,1,15,Relatively New,furnished,Medium,1,15.53,59,High Floor
flat,breez global heights,sohna road,0.33,438,1,1,1,0,0,6,New Property,unfurnished,Low,1,7.53,6.6,Mid Floor
flat,ramsons kshitij,sector 95,0.38,507,2,2,2,0,0,14,Relatively New,unfurnished,Medium,1,7.5,7.6,High Floor
house,independent,sector 1,2.38,1284,4,3,2,0,0,3,Undefined,unfurnished,Low,1,18.54,47.6,Mid Floor
flat,bestech park view residency,sector 2,1.22,1573,2,2,3,0,0,10,Old Property,semifurnished,Medium,1,7.76,24.4,Mid Floor
flat,brisk lumbini terrace homes,sector 109,1.93,2519,3,3,1,0,1,4,New Property,unfurnished,Low,1,7.66,38.6,Mid Floor
flat,indiabulls enigma,sector 110,5.15,3350,4,4,3,0,0,17,New Property,unfurnished,Medium,1,15.37,103,High Floor
flat,global height,sohna road,0.58,789,2,2,2,0,0,6,Relatively New,furnished,Low,1,7.35,11.6,Mid Floor
flat,spectrum centre,sector 82a,0.8,650,1,1,0,0,0,6,Undefined,unfurnished,Low,1,12.31,16,Mid Floor
flat,dlf new town heights,sector 90,1.48,1747,3,3,3+,0,1,9,Relatively New,unfurnished,Medium,1,8.47,29.6,Mid Floor
flat,vatika gurgaon,sector 83,1.8,1570,3,3,2,0,0,7,Relatively New,semifurnished,Medium,1,11.46,36,Mid Floor
house,independent,sector 57,4.06,1548,5,4,3+,0,0,2,Moderately Old,semifurnished,Medium,1,26.23,81.2,Low Floor
flat,chd avenue,sector 71,1.27,1466,3,3,3,1,0,0,Moderately Old,unfurnished,Medium,1,8.66,25.4,Low Floor
flat,shapoorji pallonji joyville gurugram,sector 102,2.26,1465,3,3,3+,0,0,1,Relatively New,unfurnished,Low,1,15.43,45.2,Low Floor
flat,m3m golfestate,sector 65,6.44,3245,3,3,3,0,1,2,Relatively New,semifurnished,High,1,19.85,128.8,Low Floor
flat,emaar mgf emerald floors premier,sector 65,3.28,1650,3,3,3,1,1,3,Relatively New,unfurnished,Low,1,19.88,65.6,Mid Floor
flat,godrej nature plus,sector 33,2.12,2218,3,3,3,0,1,2,Under Construction,unfurnished,Low,1,9.56,42.4,Low Floor
flat,paras dews,sector 106,2.7,2131,4,6,3+,0,1,6,Relatively New,unfurnished,Medium,1,12.67,54,Mid Floor
flat,jammu and kashmir bank employees cghs,sector 9,1.22,1403,3,3,2,0,0,5,Moderately Old,unfurnished,Low,1,8.7,24.4,Mid Floor
flat,ats kocoon,sector 109,2.84,1860,3,4,3,0,1,13,Relatively New,unfurnished,High,1,15.27,56.8,High Floor
flat,vipul world,sector 48,1.78,1611,3,3,1,0,0,2,Relatively New,unfurnished,Medium,1,11.05,35.6,Low Floor
house,nul,sector 25,19.32,6400,5,5,3,1,1,2,Moderately Old,semifurnished,Medium,1,30.19,386.4,Low Floor
flat,uphaar residency 2,sector 105,0.54,833,3,2,1,0,0,0,Moderately Old,unfurnished,Low,1,6.48,10.8,Low Floor
flat,smart world orchard,sector 61,3.28,1630,3,3,2,0,0,4,New Property,unfurnished,Low,1,20.12,65.6,Mid Floor
flat,ats tourmaline,sector 109,2.96,2339,3,4,3+,0,1,10,New Property,unfurnished,Medium,1,12.65,59.2,Mid Floor
flat,emaar mgf emerald floors,sector 65,4.13,3150,4,3,2,0,1,1,Relatively New,unfurnished,Low,1,13.11,82.6,Low Floor
house,uppal southend,sector 49,4.83,1467,2,6,3,0,0,3,Moderately Old,unfurnished,Low,1,32.92,96.6,Mid Floor
flat,smartworld 1dxp,sector 113,3.55,2886,4,4,3+,1,1,20,Under Construction,furnished,Medium,1,12.3,71,High Floor
flat,central park flower valley aqua front towers,sector 33,2.58,1619,3,3,3+,0,0,8,New Property,unfurnished,Low,1,15.94,51.6,Mid Floor
flat,dlf the primus,sector 82a,2.38,1677,3,3,3,0,0,15,Moderately Old,unfurnished,Low,1,14.19,47.6,High Floor
flat,ramprastha city,dwarka expressway,1.68,1267,3,3,2,0,0,3,Under Construction,unfurnished,Low,1,13.26,33.6,Mid Floor
flat,dlf regal gardens,sector 90,1.58,1578,3,3,2,0,0,19,Relatively New,unfurnished,Low,1,10.01,31.6,High Floor
flat,m3m heights,sector 65,3.41,1433,2,2,3,1,0,4,New Property,unfurnished,Low,1,23.8,68.2,Mid Floor
house,independent,sector 9,2.12,900,2,3,0,0,0,3,Undefined,unfurnished,Low,1,23.56,42.4,Mid Floor
flat,dlf trinity towers,sector 43,4.89,2450,3,3,3+,0,1,1,Moderately Old,semifurnished,Medium,1,19.96,97.8,Low Floor
flat,emaar mgf emerald floors premier,sector 65,3.67,1975,4,4,3+,1,1,0,Relatively New,semifurnished,High,1,18.58,73.4,Low Floor
flat,dlf the arbour,sector 63,10.04,3950,4,4,0,0,0,6,Undefined,unfurnished,Medium,1,25.42,200.8,Mid Floor
flat,bestech park view residency,sector 2,1.93,1738,3,4,3+,0,1,10,Moderately Old,unfurnished,Medium,1,11.1,38.6,Mid Floor
house,ninex city,sector 76,2.26,3111,4,4,0,0,0,14,Undefined,unfurnished,Low,1,7.26,45.2,High Floor
flat,suposhaa smartworld orchard,sector 61,2.79,1721,3,3,3,0,0,1,Under Construction,unfurnished,Low,1,16.21,55.8,Low Floor
flat,emaar gurgaon greens,sector 102,1.74,1315,3,3,3,0,1,9,Relatively New,unfurnished,Medium,1,13.23,34.8,Mid Floor
flat,paras dews,sector 106,1.36,1345,3,4,3+,0,1,10,Relatively New,unfurnished,High,1,10.11,27.2,Mid Floor
flat,unitech heritage city,sector 14,5.48,3250,4,4,0,0,0,9,Undefined,unfurnished,Low,1,16.86,109.6,Mid Floor
flat,signature the roselia,sector 95,0.52,670,2,2,2,1,0,12,New Property,semifurnished,Medium,1,7.76,10.4,High Floor
house,ansals florence villa,sector 57,4.7,3450,6,6,2,1,1,3,Moderately Old,furnished,High,1,13.62,94,Mid Floor
flat,sbtl caladium,sector 109,1.55,1701,3,2,2,0,0,8,Relatively New,unfurnished,High,1,9.11,31,Mid Floor
flat,m3m woodshire,sector 107,1.27,1281,2,2,3,1,0,7,Relatively New,semifurnished,High,1,9.91,25.4,Mid Floor
house,independent,sector 56,9.67,3240,8,8,3+,1,1,3,Relatively New,furnished,Low,1,29.85,193.4,Mid Floor
flat,krrish florence estate,sector 70,2.12,1923,3,4,3+,1,1,27,New Property,unfurnished,Medium,1,11.02,42.4,High Floor
house,vipul tatvam villa,sector 48,7.09,2592,3,6,2,0,1,2,Moderately Old,semifurnished,Medium,1,27.35,141.8,Low Floor
flat,tulip violet,sector 69,1.78,1392,3,3,1,0,0,12,Relatively New,unfurnished,High,1,12.79,35.6,High Floor
house,independent,sector 69,1.03,763,1,1,0,0,0,1,Undefined,unfurnished,Low,1,13.5,20.6,Low Floor
flat,smart world gems,sector 89,1.16,998,2,2,2,1,0,3,New Property,unfurnished,Medium,1,11.62,23.2,Mid Floor
flat,green homes,sector 52,2.38,2127,3,3,3,0,1,7,Moderately Old,unfurnished,Low,1,11.19,47.6,Mid Floor
flat,umang monsoon breeze,sector 78,0.97,1239,2,2,1,0,0,5,Undefined,unfurnished,Low,1,7.83,19.4,Mid Floor
flat,pareena coban residences,sector 99,1.68,1997,3,3,0,0,0,16,Undefined,unfurnished,Low,1,8.41,33.6,High Floor
flat,signature global park,sohna road,0.7,828,2,1,3,0,0,1,New Property,unfurnished,Medium,1,8.45,14,Low Floor
flat,signature global the millennia,sector 37d,0.71,610,2,2,3,0,0,3,New Property,unfurnished,Medium,1,11.64,14.2,Mid Floor
flat,m3m heights,sector 65,2.58,1433,2,2,2,0,0,32,Undefined,unfurnished,Low,1,18,51.6,High Floor
flat,pareena coban residences,sector 99,1.7,1737,3,5,3,0,1,11,New Property,unfurnished,Medium,1,9.79,34,High Floor
flat,experion windchants,sector 112,7.07,3655.35,4,5,3+,0,1,5,Relatively New,semifurnished,High,1,19.34,141.4,Mid Floor
flat,smart world gems,sector 89,1.29,1233,2,2,3,1,0,3,New Property,unfurnished,Medium,1,10.46,25.8,Mid Floor
flat,supertech araville,sector 79,1.29,1700,2,2,3,1,0,4,Relatively New,unfurnished,Low,1,7.59,25.8,Mid Floor
flat,smart world gems,sector 89,1.16,998,2,2,2,1,0,2,New Property,unfurnished,Low,1,11.62,23.2,Low Floor
house,sector 57 huda,sector 57,4.89,1458,2,8,3+,0,0,4,Relatively New,semifurnished,Medium,1,33.54,97.8,Mid Floor
flat,sare homes,sector 92,0.83,1574,3,3,2,0,0,3,Relatively New,unfurnished,Low,1,5.27,16.6,Mid Floor
flat,signature global city 37d ph 2,sector 37d,1.76,1535,3,3,3,0,0,1,Under Construction,unfurnished,Low,1,11.47,35.2,Low Floor
house,international city by sobha phase 2,sector 109,14.56,4500,7,5,3+,1,1,4,Relatively New,unfurnished,Low,1,32.36,291.2,Mid Floor
flat,ramprastha skyz,sector 37d,1.61,1725,3,3,3+,0,0,2,Under Construction,unfurnished,Low,1,9.33,32.2,Low Floor
flat,my home,sector 110,0.36,1000,2,1,1,0,0,2,Relatively New,unfurnished,Low,1,3.6,7.2,Low Floor
flat,shapoorji pallonji joyville gurugram,sector 102,1.68,1009,2,2,3,0,0,0,Relatively New,unfurnished,Medium,1,16.65,33.6,Low Floor
house,dlf city plot phase 4,sector 28,16.75,8056,10,10,3+,0,0,1,Undefined,unfurnished,Low,1,20.79,335,Low Floor
flat,parsvnath exotica,sector 53,6.18,2500,3,4,3+,0,1,8,Relatively New,semifurnished,High,1,24.72,123.6,Mid Floor
flat,godrej summit,sector 104,1.74,2991,4,5,3+,1,1,0,Relatively New,unfurnished,Medium,1,5.82,34.8,Low Floor
flat,tulip monsella,sector 53,10.62,2661,3,4,3,0,1,8,Under Construction,furnished,Low,1,39.91,212.4,Mid Floor
house,independent,sector 5,1.09,1000,1,1,0,0,0,1,Undefined,unfurnished,Low,1,10.9,21.8,Low Floor
flat,sare crescent parc royal greens phase 1,sector 92,0.83,1304,3,3,3,0,0,1,Moderately Old,unfurnished,Medium,1,6.37,16.6,Low Floor
flat,surendra avenue 69,sector 69,0.97,1100,2,2,2,0,0,4,Moderately Old,unfurnished,Low,1,8.82,19.4,Mid Floor
house,independent,sector 7,0.89,758,1,1,1,0,0,2,Undefined,unfurnished,Low,1,11.74,17.8,Low Floor
house,independent,sector 40,6.44,2367,9,9,3+,0,1,3,Moderately Old,semifurnished,Medium,1,27.21,128.8,Mid Floor
flat,umang monsoon breeze,sector 78,1.13,1668,3,4,3,0,1,8,Moderately Old,unfurnished,Medium,1,6.77,22.6,Mid Floor
flat,emaar mgf the enclave,sector 66,2.7,1800,3,4,2,0,1,12,Relatively New,semifurnished,High,1,15,54,High Floor
flat,m3m skycity,sector 65,3.86,1828,3,3,3,0,0,17,Under Construction,unfurnished,Medium,1,21.12,77.2,High Floor
flat,dlf regal gardens,sector 90,2.19,2005,4,4,3+,0,1,15,Moderately Old,unfurnished,Low,1,10.92,43.8,High Floor
flat,emaar palm gardens,sector 83,2.31,1549,3,3,3,0,1,6,Relatively New,semifurnished,Medium,1,14.91,46.2,Mid Floor
flat,smart world orchard,sector 61,2.38,1389,2,2,2,0,0,3,New Property,unfurnished,Low,1,17.13,47.6,Mid Floor
flat,parsvnath exotica,sector 53,8.37,3000,4,5,3+,1,1,10,Relatively New,semifurnished,High,1,27.9,167.4,Mid Floor
house,independent,sector 26,7.47,4518,4,4,3+,0,0,4,Old Property,unfurnished,Low,1,16.53,149.4,Mid Floor
flat,godrej nature plus,sector 33,1.41,1533,2,2,2,0,0,14,Undefined,unfurnished,Medium,1,9.2,28.2,High Floor
house,independent,sector 5,1.93,3000,6,1,0,0,0,1,New Property,unfurnished,Low,1,6.43,38.6,Low Floor
flat,sare green parc phase 3,sector 92,0.9,1325,3,2,2,0,0,4,Relatively New,unfurnished,Medium,1,6.79,18,Mid Floor
flat,shapoorji pallonji joyville gurugram,sector 102,2.58,1456,3,3,3+,0,0,1,Relatively New,unfurnished,Medium,1,17.72,51.6,Low Floor
house,signature global park,sohna road,1.09,1120,3,2,2,0,0,1,Under Construction,unfurnished,Low,1,9.73,21.8,Low Floor
house,anamika enclave,sector 12,7.73,9000,9,9,3+,0,0,3,Old Property,unfurnished,Low,1,8.59,154.6,Mid Floor
house,sector 14 rwa,sector 14,8.37,3150,4,4,3+,0,0,2,Moderately Old,unfurnished,Low,1,26.57,167.4,Low Floor
flat,sare homes,sector 92,1.52,2518,4,4,3,0,1,8,Relatively New,unfurnished,Medium,1,6.04,30.4,Mid Floor
flat,paras dews,sector 106,1.48,1650,3,3,3,0,1,11,Relatively New,semifurnished,High,1,8.97,29.6,High Floor
flat,wings apartment,sector 9,1.55,2000,4,3,2,0,0,4,Moderately Old,semifurnished,Low,1,7.75,31,Mid Floor
flat,gls arawali homes,sohna road,0.36,520,2,2,2,0,0,3,Relatively New,unfurnished,Low,1,6.92,7.2,Mid Floor
house,independent,sector 23,3.48,1450,5,5,2,0,0,3,Old Property,semifurnished,Low,1,24,69.6,Mid Floor
flat,m3m skywalk,sector 74,3.48,2018,3,3,3,0,0,13,New Property,unfurnished,Medium,1,17.24,69.6,High Floor
flat,raheja sampada,sector 92,0.9,1572,3,3,0,0,0,7,Undefined,unfurnished,Low,1,5.73,18,Mid Floor
house,independent,sector 6,1.29,240,6,4,0,0,0,3,Undefined,unfurnished,Low,1,53.75,25.8,Mid Floor
house,independent,sector 53,5.15,2250,5,5,2,1,0,3,Relatively New,unfurnished,Low,1,22.89,103,Mid Floor
house,bhim garh kheri,sector 3,0.97,1170,4,2,2,0,0,2,Old Property,unfurnished,Low,1,8.29,19.4,Low Floor
flat,gls arawali homes,sohna road,0.36,500,2,2,2,0,0,3,Relatively New,semifurnished,Low,1,7.2,7.2,Mid Floor
house,independent,sector 28,5.79,3240,4,4,0,0,0,4,Undefined,unfurnished,Low,1,17.87,115.8,Mid Floor
flat,godrej summit,sector 104,1.09,1611,2,2,3,1,0,12,Relatively New,unfurnished,Medium,1,6.77,21.8,High Floor
house,spaze privy,sector 72,3.98,3653,5,5,3+,0,1,14,Relatively New,semifurnished,Low,1,10.9,79.6,High Floor
flat,conscient habitat,sector 99,0.46,606,2,2,1,0,0,3,Relatively New,unfurnished,Medium,1,7.59,9.2,Mid Floor
flat,bptp mansions park prime,sector 66,3.86,2700,4,4,3,1,1,3,Relatively New,semifurnished,High,1,14.3,77.2,Mid Floor
flat,unitech uniworld gardens,sector 47,1.36,1108,2,2,2,0,0,3,Relatively New,semifurnished,Low,1,12.27,27.2,Mid Floor
house,unitech nirvana birch court,sector 50,9.14,2259,3,3,3,0,1,1,Moderately Old,unfurnished,Low,1,40.46,182.8,Low Floor
house,sector 38 rwa,sector 38,5.54,1494,3,9,3+,0,0,3,Relatively New,semifurnished,Low,1,37.08,110.8,Mid Floor
flat,ramprastha the edge towers,sector 37d,0.91,1100,2,2,3,0,0,10,New Property,unfurnished,Low,1,8.27,18.2,Mid Floor
flat,sbtl caladium,sector 109,2.06,2303,3,3,3,0,1,9,Relatively New,unfurnished,Medium,1,8.94,41.2,Mid Floor
flat,emaar palm heights,sector 77,2.26,1900,3,3,3+,0,1,11,Relatively New,unfurnished,Medium,1,11.89,45.2,High Floor
flat,sushant lok 1 builder floors,sector 43,3.21,195,3,3,2,0,0,2,New Property,unfurnished,Low,1,164.62,64.2,Low Floor
flat,ats triumph,sector 104,2.51,2544,3,3,3+,0,1,3,New Property,unfurnished,Medium,1,9.87,50.2,Mid Floor
flat,alpha corp gurgaonone,sector 84,2.84,3222,4,4,3,0,1,10,Relatively New,unfurnished,Low,1,8.81,56.8,Mid Floor
house,independent,sector 45,10.94,3240,5,4,2,0,1,1,Moderately Old,semifurnished,Low,1,33.77,218.8,Low Floor
flat,unitech vistas,sector 70,0.68,991,2,2,2,0,0,9,Under Construction,unfurnished,Low,1,6.86,13.6,Mid Floor
flat,m3m sky lofts,sector 71,1.16,683,1,1,0,0,0,6,New Property,unfurnished,Medium,1,16.98,23.2,Mid Floor
flat,central park flower valley,sector 33,2.96,2000,4,4,3+,0,1,5,New Property,unfurnished,Low,1,14.8,59.2,Mid Floor
house,ashok vihar phase 3 gurgaon,sector 5,1.22,1070,4,3,2,0,0,1,Old Property,unfurnished,Low,1,11.4,24.4,Low Floor
flat,ramsons kshitij,sector 95,0.46,637,2,2,0,0,0,5,Undefined,unfurnished,Low,1,7.22,9.2,Mid Floor
flat,emaar palm gardens,sector 83,4.06,3200,5,7,3+,0,1,15,Relatively New,semifurnished,High,1,12.69,81.2,High Floor
flat,signature global grand iva,sector 103,0.3,400,1,1,1,0,0,4,Relatively New,unfurnished,Low,1,7.5,6,Mid Floor
flat,m3m heights,sector 65,3.58,1829,3,3,3,0,0,44,Undefined,unfurnished,Medium,1,19.57,71.6,High Floor
flat,alpha corp gurgaonone,sector 84,1.93,1833,3,3,3,0,1,20,Relatively New,semifurnished,Low,1,10.53,38.6,High Floor
flat,signature global synera,sector 81,0.63,700,2,2,3,0,0,5,Relatively New,unfurnished,Medium,1,9,12.6,Mid Floor
house,central park flower valley cerise floors,sector 33,1.74,1210,2,2,2,1,0,4,New Property,furnished,Medium,1,14.38,34.8,Mid Floor
house,independent,sector 14,8.24,3150,6,6,3+,0,0,3,Old Property,unfurnished,Low,1,26.16,164.8,Mid Floor
flat,m3m sierra 68,sector 68,1.41,1150,2,2,3,0,0,1,Relatively New,semifurnished,Medium,1,12.26,28.2,Low Floor
flat,tulip violet,sector 69,1.68,1392,3,3,1,0,0,12,Relatively New,semifurnished,Medium,1,12.07,33.6,High Floor
flat,m3m capital,sector 113,3.74,2553,4,4,3+,1,1,11,Under Construction,unfurnished,Low,1,14.65,74.8,High Floor
flat,parsvnath green ville,sector 48,1.93,1600,3,3,3,0,0,1,Old Property,semifurnished,Medium,1,12.06,38.6,Low Floor
house,independent,sector 43,3.28,1935,3,3,2,0,0,3,Relatively New,semifurnished,Medium,1,16.95,65.6,Mid Floor
flat,dlf the arbour,sector 63,10.94,3950,4,4,0,0,0,27,Undefined,unfurnished,Medium,1,27.7,218.8,High Floor
flat,raheja vedaanta,sector 108,0.83,1235,2,2,2,0,0,5,Relatively New,semifurnished,High,1,6.72,16.6,Mid Floor
flat,alpha corp gurgaonone,sector 84,2.94,2998,4,4,3+,0,1,8,Relatively New,unfurnished,Medium,1,9.81,58.8,Mid Floor
flat,antriksh heights,sector 84,1.13,1652,3,3,3,0,0,16,Relatively New,unfurnished,Medium,1,6.84,22.6,High Floor
flat,shapoorji pallonji joyville gurugram,sector 102,2.56,1145,2,2,2,0,0,14,New Property,unfurnished,High,1,22.36,51.2,High Floor
flat,bptp terra,sector 37d,1.8,1711,3,3,3,0,0,5,Relatively New,semifurnished,Medium,1,10.52,36,Mid Floor
house,independent,sector 3,0.88,1755,5,3,0,0,0,1,Undefined,unfurnished,Low,1,5.01,17.6,Low Floor
flat,sare homes,sector 92,0.91,1473,3,3,3,0,0,2,Relatively New,unfurnished,Medium,1,6.18,18.2,Low Floor
flat,dlf belvedere towers,sector 25,4.77,2333,4,4,3,0,1,18,Old Property,semifurnished,Low,1,20.45,95.4,High Floor
flat,silverglades the melia,sohna road,1.17,1222,2,2,3,1,0,1,New Property,unfurnished,Medium,1,9.57,23.4,Low Floor
flat,tata primanti,sector 72,4.18,2986,3,3,3,0,1,2,Moderately Old,unfurnished,Medium,1,14,83.6,Low Floor
flat,dlf the ultima,sector 81,2.84,1900,3,4,3+,0,1,17,Relatively New,furnished,Low,1,14.95,56.8,High Floor
house,independent,sector 11,5.15,2025,5,4,1,0,0,2,Undefined,unfurnished,Low,1,25.43,103,Low Floor
flat,shree vardhman victoria,sector 70,2.29,1765,3,3,3+,0,1,7,Relatively New,unfurnished,Low,1,12.97,45.8,Mid Floor
flat,imperia the esfera,sector 37,1.28,1400,3,5,3+,0,1,5,Relatively New,unfurnished,Low,1,9.14,25.6,Mid Floor
house,independent,sector 56,3.8,1458,2,2,0,0,0,1,Undefined,unfurnished,Low,1,26.06,76,Low Floor
flat,antriksh heights,sector 84,0.7,1086,2,2,3+,0,0,17,Relatively New,unfurnished,Medium,1,6.45,14,High Floor
flat,vatika the seven lamps,sector 82,1.09,1176,2,2,2,0,0,0,Relatively New,semifurnished,Low,1,9.27,21.8,Low Floor
flat,sidhartha ncr greens,sector 95,0.78,974,2,2,2,1,0,14,Relatively New,unfurnished,Low,1,8.01,15.6,High Floor
house,sector 14 rwa,sector 14,8.37,2500,5,5,0,0,0,4,Moderately Old,unfurnished,Low,1,33.48,167.4,Mid Floor
house,independent,sector 2,1.29,1215,3,7,3+,0,0,3,Moderately Old,unfurnished,Low,1,10.62,25.8,Mid Floor
flat,the roselia 2,sector 95,0.58,695,2,2,2,0,0,19,Undefined,unfurnished,Low,1,8.35,11.6,High Floor
flat,sare homes,sector 92,0.64,1068,3,3,2,0,0,1,Relatively New,unfurnished,Low,1,5.99,12.8,Low Floor
house,independent,sector 22,6.12,2367,7,5,3+,0,0,3,Old Property,semifurnished,Low,1,25.86,122.4,Mid Floor
house,international city by sobha phase 1,sector 109,7.73,2430,4,4,3+,1,1,2,Relatively New,unfurnished,High,1,31.81,154.6,Low Floor
flat,ireo skyon,sector 60,2.74,1350,2,2,2,0,0,2,Relatively New,semifurnished,High,1,20.3,54.8,Low Floor
flat,dlf the skycourt,sector 86,2.05,1700,3,3,3,0,0,17,Relatively New,semifurnished,High,1,12.06,41,High Floor
house,independent,sector 25,8.37,1800,4,4,3+,1,1,2,Moderately Old,unfurnished,Medium,1,46.5,167.4,Low Floor
flat,emaar mgf palm studios,sector 66,2.19,1072,2,2,2,0,0,7,Relatively New,unfurnished,Medium,1,20.43,43.8,Mid Floor
flat,sobha city,sector 108,3.35,1711,3,3,2,0,0,11,New Property,unfurnished,Low,1,19.58,67,High Floor
house,suncity essel towers,sector 28,11.53,5000,5,6,3+,0,0,4,Moderately Old,unfurnished,Low,1,23.06,230.6,Mid Floor
flat,sare crescent parc,sector 92,1.86,2267,4,4,3,0,0,8,Relatively New,unfurnished,Low,1,8.2,37.2,Mid Floor
flat,ambience creacions,sector 22,3.28,1860,3,3,3,0,0,8,Relatively New,semifurnished,Medium,1,17.63,65.6,Mid Floor
flat,signature global park 4,sector 36,1.29,1122,3,2,3,0,0,2,New Property,unfurnished,Medium,1,11.5,25.8,Low Floor
house,eldeco mansionz,sector 48,6.37,2403,7,7,3+,1,1,2,Old Property,semifurnished,Medium,1,26.51,127.4,Low Floor
flat,hector trimurti heights,sector 39,1.93,2611,4,3,3,0,1,10,Old Property,furnished,Low,1,7.39,38.6,Mid Floor
flat,umang winter hills,sector 77,1.11,1214,2,2,2,0,0,16,New Property,semifurnished,Medium,1,9.14,22.2,High Floor
flat,ireo skyon,sector 60,2.77,1250,2,3,2,0,1,5,Relatively New,semifurnished,Low,1,22.16,55.4,Mid Floor
house,independent,sector 26,16.1,3240,5,5,3+,1,1,2,Old Property,semifurnished,Medium,1,49.69,322,Low Floor
flat,signature global park,sohna road,0.83,1043,2,2,2,0,0,2,Relatively New,unfurnished,Medium,1,7.96,16.6,Low Floor
flat,tulip ivory,sector 70,3.03,2667,4,4,3+,0,1,10,Moderately Old,semifurnished,Medium,1,11.36,60.6,Mid Floor
flat,ss the leaf,sector 85,1.42,1630,2,2,3,0,0,8,Relatively New,unfurnished,High,1,8.71,28.4,Mid Floor
house,dlf city plots phase 2,sector 25,5.47,1350,3,2,3,1,0,2,Old Property,unfurnished,Low,1,40.52,109.4,Low Floor
flat,emaar mgf emerald floors premier,sector 65,2.9,1600,3,3,3,1,1,3,Relatively New,semifurnished,Low,1,18.13,58,Mid Floor
flat,vatika gurgaon,sector 83,1,850,2,2,2,1,0,3,Relatively New,semifurnished,High,1,11.76,20,Mid Floor
flat,alpha corp gurgaonone,sector 84,1.48,1394,2,2,3,1,0,14,Relatively New,unfurnished,Low,1,10.62,29.6,High Floor
house,spaze privy,sector 72,3.99,3653,5,5,3+,0,0,21,Relatively New,unfurnished,Low,1,10.92,79.8,High Floor
flat,dlf new town heights,sector 91,2.58,2468,4,4,3+,1,1,16,Moderately Old,unfurnished,Medium,1,10.45,51.6,High Floor
flat,shree vardhman victoria,sector 70,2.11,1527,3,5,3,0,1,3,Relatively New,unfurnished,Medium,1,13.82,42.2,Mid Floor
flat,jammu and kashmir bank employees cghs,sector 9,1.21,1722,3,3,2,0,0,5,Moderately Old,semifurnished,Medium,1,7.03,24.2,Mid Floor
flat,experion the heartsong,sector 108,2.68,2631,4,4,3+,0,1,3,Relatively New,unfurnished,Medium,1,10.19,53.6,Mid Floor
house,independent,sector 81,1.15,1095,1,1,0,0,0,1,Undefined,unfurnished,Low,1,10.5,23,Low Floor
house,independent,sector 26,23.51,11111,7,9,3+,1,1,4,Relatively New,semifurnished,Medium,1,21.16,470.2,Mid Floor
flat,ss the leaf,sector 85,2.75,2600,4,4,3,0,0,2,Relatively New,unfurnished,Low,1,10.58,55,Low Floor
flat,raheja sampada,sector 92,0.83,1240,3,2,3,0,0,6,Relatively New,unfurnished,Low,1,6.69,16.6,Mid Floor
flat,signature global city 63a,sector 63a,2.12,978,2,2,2,0,0,1,Under Construction,unfurnished,Low,1,21.68,42.4,Low Floor
house,independent,sector 25,12.76,3375,5,5,2,0,0,2,Moderately Old,semifurnished,Medium,1,37.81,255.2,Low Floor
house,independent,sector 25,12.88,2700,5,6,3,0,1,3,Old Property,semifurnished,Medium,1,47.7,257.6,Mid Floor
flat,emaar imperial gardens,sector 102,2.64,2250,3,4,3+,0,1,14,Relatively New,unfurnished,Medium,1,11.73,52.8,High Floor
flat,ashiana anmol,sohna road,1.16,1105,2,2,2,0,0,13,Relatively New,furnished,Medium,1,10.5,23.2,High Floor
flat,pyramid urban homes 2,sector 86,0.78,833,3,2,2,0,0,2,New Property,unfurnished,Low,1,9.36,15.6,Low Floor
flat,sobha city,sector 108,5.08,2343,3,4,2,0,1,15,Relatively New,unfurnished,Low,1,21.68,101.6,High Floor
flat,breez global heights,sohna road,0.51,762,2,2,2,0,0,7,Relatively New,unfurnished,Medium,1,6.69,10.2,Mid Floor
flat,ansal heights 86,sector 86,1.16,1690,3,3,2,0,0,10,New Property,unfurnished,Low,1,6.86,23.2,Mid Floor
flat,signature andour heights,sector 71,0.48,425,1,1,2,0,0,2,Relatively New,semifurnished,Low,1,11.29,9.6,Low Floor
house,independent,sector 24,8.37,2844,4,4,2,0,0,2,Old Property,unfurnished,Low,1,29.43,167.4,Low Floor
flat,sare crescent parc royal greens phase 1,sector 92,1.61,1939,4,4,3,0,1,20,Relatively New,unfurnished,Medium,1,8.3,32.2,High Floor
house,independent,sector 56,5.15,1503,4,4,3+,0,0,2,Relatively New,semifurnished,Low,1,34.26,103,Low Floor
flat,the penthouses at the hibiscus,sector 50,10.94,11111,4,4,3,0,1,9,Moderately Old,unfurnished,Low,1,9.85,218.8,Mid Floor
flat,ats tourmaline,sector 109,1.93,1466,3,3,3+,0,0,7,Relatively New,unfurnished,High,1,13.17,38.6,Mid Floor
flat,vatika emilia floors,sector 83,0.83,950,2,2,2,0,0,1,Relatively New,semifurnished,High,1,8.74,16.6,Low Floor
flat,aipl zen residences,sector 70a,2.12,1142,2,2,3,0,0,23,New Property,unfurnished,Medium,1,18.56,42.4,High Floor
flat,bptp terra,sector 37d,2.21,1983,3,3,3+,0,1,10,Relatively New,unfurnished,Low,1,11.14,44.2,Mid Floor
flat,suncity vatsal valley,gwal pahari,1.65,1489,3,3,3,0,0,1,Relatively New,semifurnished,Low,1,11.08,33,Low Floor
flat,ss the leaf,sector 85,2.7,2026,3,4,3+,0,1,6,Relatively New,unfurnished,High,1,13.33,54,Mid Floor
house,ansals palam vihar,sector 2,3.45,1557,4,3,2,0,0,3,Moderately Old,semifurnished,Medium,1,22.16,69,Mid Floor
flat,indiabulls enigma,sector 110,5.28,3500,5,5,2,0,1,10,Relatively New,unfurnished,High,1,15.09,105.6,Mid Floor
flat,ss the leaf,sector 85,2.7,2600,4,4,3,1,1,7,Relatively New,unfurnished,Low,1,10.38,54,Mid Floor
flat,adarsh nagar,sector 12,0.83,1167,3,3,1,0,0,1,New Property,semifurnished,Low,1,7.11,16.6,Low Floor
house,emaar mgf marbella,sector 66,15.46,3150,5,6,3+,0,1,3,Relatively New,semifurnished,High,1,49.08,309.2,Mid Floor
flat,ss the leaf,sector 85,2.96,2545,4,4,3+,0,1,8,Relatively New,unfurnished,Low,1,11.63,59.2,Mid Floor
house,not applicable,sector 11,2.84,1800,4,3,2,1,0,1,Old Property,unfurnished,Low,1,15.78,56.8,Low Floor
flat,ats tourmaline,sector 109,1.8,1584,3,3,3+,0,0,12,Relatively New,unfurnished,Medium,1,11.36,36,High Floor
flat,imperia the esfera,sector 37,1.09,1442,2,3,3,1,0,9,Relatively New,unfurnished,Low,1,7.56,21.8,Mid Floor
flat,tulip violet,sector 69,1.78,1392,3,3,1,0,0,12,Relatively New,unfurnished,Medium,1,12.79,35.6,High Floor
flat,paras irene,sector 70a,1.55,1285,2,2,3,0,0,6,Moderately Old,unfurnished,Low,1,12.06,31,Mid Floor
flat,ramprastha primera,sector 37d,1.31,1538,3,2,3,0,0,22,Under Construction,unfurnished,Low,1,8.52,26.2,High Floor
flat,ss,sector 85,2.76,2300,4,4,3,1,1,6,Relatively New,unfurnished,Low,1,12,55.2,Mid Floor
flat,ireo skyon,sector 60,3.64,2400,3,3,3,0,1,2,Relatively New,semifurnished,High,1,15.17,72.8,Low Floor
flat,elan the presidential,sector 106,8.12,3797,5,6,3+,0,0,10,Under Construction,semifurnished,Medium,1,21.39,162.4,Mid Floor
flat,m3m merlin,sector 67,5.79,2854,4,4,3+,0,1,15,Relatively New,semifurnished,High,1,20.29,115.8,High Floor
flat,bptp freedom park life,sector 57,3.21,2036,3,3,3,0,0,9,Moderately Old,unfurnished,Medium,1,15.77,64.2,Mid Floor
flat,m3m merlin,sector 67,3.41,2047,3,3,3,0,0,0,Relatively New,semifurnished,High,1,16.66,68.2,Low Floor
flat,rof aalayas,sector 102,0.58,568,2,2,1,0,0,14,Relatively New,furnished,Medium,1,10.21,11.6,High Floor
house,independent,sohna road,0.63,1150,2,2,1,0,0,3,New Property,unfurnished,Low,1,5.48,12.6,Mid Floor
flat,signature global grand iva,sector 103,0.39,402,1,2,2,0,0,5,New Property,unfurnished,Low,1,9.7,7.8,Mid Floor
flat,lotus homz,sector 111,0.64,374,1,1,1,0,0,2,Relatively New,furnished,Medium,1,17.11,12.8,Low Floor
flat,tulip violet,sector 69,2.58,2186,4,4,1,0,0,12,Relatively New,unfurnished,Medium,1,11.8,51.6,High Floor
house,independent,sector 91,4.64,2430,4,4,3,0,0,2,New Property,semifurnished,Low,1,19.09,92.8,Low Floor
flat,sahara grace,sector 28,5.54,3133,3,4,3,0,1,5,Old Property,unfurnished,Low,1,17.68,110.8,Mid Floor
flat,tulip violet,sector 69,1.96,1428,3,3,2,0,0,4,Relatively New,semifurnished,High,1,13.73,39.2,Mid Floor
flat,chd avenue,sector 71,1.45,1631,3,4,3,0,1,0,Moderately Old,unfurnished,Medium,1,8.89,29,Low Floor
flat,bptp terra,sector 37d,1.93,1686,3,3,3,0,0,12,Relatively New,unfurnished,Low,1,11.45,38.6,High Floor
flat,signature global city 81,sector 81,1.15,1194,2,2,2,0,0,3,Under Construction,unfurnished,Low,1,9.63,23,Mid Floor
house,emaar mgf marbella,sector 66,15.46,3150,5,6,3+,0,1,4,New Property,unfurnished,Low,1,49.08,309.2,Mid Floor
flat,dlf regency park,sector 28,2.96,1777,3,3,3,0,1,7,Moderately Old,unfurnished,Medium,1,16.66,59.2,Mid Floor
house,bptp visionnaire,sector 70a,6.95,2610,4,5,3+,1,1,3,Relatively New,semifurnished,Medium,1,26.63,139,Mid Floor
flat,the close north,sector 50,3.21,1894,3,3,3,0,0,11,Relatively New,semifurnished,Medium,1,16.95,64.2,High Floor
flat,kibithu villas,sector 48,4.45,3000,4,4,3+,0,0,2,Undefined,unfurnished,Low,1,14.83,89,Low Floor
flat,parsvnath exotica,sector 53,8.3,3068,4,4,3,0,1,7,Moderately Old,semifurnished,Medium,1,27.05,166,Mid Floor
flat,greenopolis,sector 89,0.83,1390,2,2,2,0,0,15,Under Construction,unfurnished,Low,1,5.97,16.6,High Floor
flat,chd avenue,sector 71,1.7,1985,4,4,3,0,1,14,Moderately Old,unfurnished,Medium,1,8.56,34,High Floor
flat,m3m woodshire,sector 107,1.8,2137,3,4,0,0,0,1,New Property,unfurnished,Medium,1,8.42,36,Low Floor
flat,shree vardhman victoria,sector 70,2.31,2167,3,5,3,0,0,0,New Property,unfurnished,Medium,1,10.66,46.2,Low Floor
flat,signature global park,sohna road,0.92,1095,2,2,3,0,0,3,Relatively New,unfurnished,High,1,8.4,18.4,Mid Floor
flat,mapsko mount ville,sector 79,1.93,1416,3,4,3+,0,1,11,Relatively New,semifurnished,Medium,1,13.63,38.6,High Floor
flat,central park flower valley,sector 33,1.74,1444,3,2,2,0,0,3,New Property,unfurnished,Medium,1,12.05,34.8,Mid Floor
flat,ss the leaf,sector 85,2.36,1925,3,4,3,0,0,9,Relatively New,unfurnished,Low,1,12.26,47.2,Mid Floor
flat,signature global solera,sector 107,0.38,543,2,2,2,0,0,3,Relatively New,unfurnished,Low,1,7,7.6,Mid Floor
flat,zara aavaas,sector 104,0.83,848,3,2,2,0,0,7,New Property,unfurnished,Medium,1,9.79,16.6,Mid Floor
house,independent,sector 1,6.12,4500,6,7,0,0,0,4,Undefined,unfurnished,Low,1,13.6,122.4,Mid Floor
flat,krisumi waterfall residences,sector 36,5.28,2820,3,4,3,1,0,30,New Property,furnished,Low,1,18.72,105.6,High Floor
flat,ss radiance residency,sector 12,0.78,1178,3,3,2,0,0,3,Relatively New,unfurnished,Low,1,6.62,15.6,Mid Floor
flat,shree vardhman flora,sector 90,0.9,1176,2,2,3,1,0,13,New Property,unfurnished,Low,1,7.65,18,High Floor
flat,microtek greenburg,sector 86,1.68,1339,2,2,3,1,0,10,Relatively New,unfurnished,Low,1,12.55,33.6,Mid Floor
flat,beverley park 1,sector 43,10.88,5000,4,5,3,0,1,9,Moderately Old,furnished,Medium,1,21.76,217.6,Mid Floor
flat,vatika sovereign park,sector 99,4.18,3041,4,4,3+,0,1,2,New Property,unfurnished,Medium,1,13.75,83.6,Low Floor
flat,pareena laxmi apartments,sector 99,0.41,473,2,2,2,0,0,2,New Property,unfurnished,Medium,1,8.67,8.2,Low Floor
house,independent,sector 55,5.93,2160,3,3,3+,0,1,2,Old Property,semifurnished,Low,1,27.45,118.6,Low Floor
flat,central park flower valley,sector 33,3.21,2093,3,3,2,0,0,1,Undefined,unfurnished,Medium,1,15.34,64.2,Low Floor
flat,mvn athens,sohna road,0.32,481,2,2,0,0,0,0,Relatively New,unfurnished,Low,1,6.65,6.4,Low Floor
flat,godrej summit,sector 104,1.68,1303,3,2,3+,1,0,16,Relatively New,semifurnished,Low,1,12.89,33.6,High Floor
flat,bestech park view spa next,sector 67,3.67,2127,4,4,3+,0,1,5,Moderately Old,semifurnished,Medium,1,17.25,73.4,Mid Floor
house,independent,sector 14,4.5,1935,6,4,2,0,0,2,Old Property,semifurnished,Low,1,23.26,90,Low Floor
flat,park royal apartment,sector 56,2.38,2278,3,4,3,0,1,7,Old Property,unfurnished,Medium,1,10.45,47.6,Mid Floor
flat,smart world gems,sector 89,1.41,1103,3,1,0,0,0,0,Undefined,unfurnished,Low,1,12.78,28.2,Low Floor
flat,sare homes,sector 92,1.41,2286,4,4,3,0,1,4,Relatively New,unfurnished,Medium,1,6.17,28.2,Mid Floor
flat,vipul lavanya,sector 81,0.78,814,2,2,1,0,0,0,Under Construction,unfurnished,Low,1,9.58,15.6,Low Floor
flat,experion the heartsong,sector 108,1.16,978.23,2,3,3,0,1,2,Relatively New,unfurnished,Medium,1,11.86,23.2,Low Floor
house,independent,sector 25,11.59,3159,10,10,3,0,0,3,Old Property,semifurnished,Medium,1,36.69,231.8,Mid Floor
flat,raheja atharva,sector 109,2.84,2576,3,3,2,0,1,7,Moderately Old,semifurnished,Medium,1,11.02,56.8,Mid Floor
flat,bestech park view residency,sector 2,1.8,1611,3,3,3+,0,0,6,Old Property,furnished,Medium,1,11.17,36,Mid Floor
flat,ild grand,sector 37,1.74,1820,3,3,0,0,0,1,New Property,unfurnished,Medium,1,9.56,34.8,Low Floor
flat,signature global solera,sector 107,0.47,598,2,2,1,0,0,7,Relatively New,unfurnished,Low,1,7.86,9.4,Mid Floor
house,saksham welfare association,sector 22,6.05,2368,6,6,3+,0,0,2,Old Property,semifurnished,Medium,1,25.55,121,Low Floor
flat,indiabulls centrum park,sector 103,2.84,2602,4,6,3+,0,1,4,Relatively New,semifurnished,Medium,1,10.91,56.8,Mid Floor
house,independent,sector 4,0.83,585,4,2,2,0,0,,Moderately Old,unfurnished,Low,1,14.19,16.6,Low Floor
flat,godrej nature plus,sector 33,1.55,86,2,2,3,0,0,1,New Property,unfurnished,Medium,1,180.23,31,Low Floor
house,international city by sobha phase 2,sector 109,7.99,2430,5,5,2,0,1,2,Relatively New,unfurnished,Medium,1,32.88,159.8,Low Floor
house,dlf city plots phase 3,sector 24,2.06,540,8,5,3+,0,0,4,Old Property,unfurnished,Low,1,38.15,41.2,Mid Floor
flat,breez global hill view,sohna road,0.46,694,2,2,2,0,0,14,Relatively New,unfurnished,Medium,1,6.63,9.2,High Floor
house,emaar mgf marbella,sector 66,23.19,4500,5,6,3+,1,1,3,Relatively New,furnished,High,1,51.53,463.8,Mid Floor
flat,dlf regal gardens,sector 90,1.61,1578,3,3,2,0,0,11,Relatively New,unfurnished,Low,1,10.2,32.2,High Floor
flat,ss the coralwood,sector 84,1.36,1610,3,3,3,0,0,6,Relatively New,unfurnished,Medium,1,8.45,27.2,Mid Floor
house,sheetla enclave,sector 5,1.23,945,2,4,2,0,0,3,Moderately Old,semifurnished,Low,1,13.02,24.6,Mid Floor
flat,pivotal riddhi siddhi,sector 99,0.64,652,2,1,2,0,0,7,New Property,unfurnished,Low,1,9.82,12.8,Mid Floor
flat,smart world gems,sector 89,1.11,998,2,3,3,0,0,4,Under Construction,unfurnished,Low,1,11.12,22.2,Mid Floor
flat,corona optus,sector 37,1.64,1595,3,3,3,0,0,2,Relatively New,unfurnished,Low,1,10.28,32.8,Low Floor
flat,m3m capital,sector 113,3.31,2060,4,5,3+,1,0,25,Under Construction,semifurnished,Medium,1,16.07,66.2,High Floor
flat,bestech park view grand spa,sector 81,3.03,2513,3,4,3+,0,1,6,Relatively New,semifurnished,Medium,1,12.06,60.6,Mid Floor
flat,emaar palm gardens,sector 83,1.68,1387,3,3,3,0,1,16,Relatively New,semifurnished,High,1,12.11,33.6,High Floor
flat,vatika the seven lamps,sector 82,1.15,1202,2,2,2,1,0,14,Relatively New,semifurnished,Medium,1,9.57,23,High Floor
flat,emaar imperial gardens,sector 102,2.38,2250,3,3,3+,0,1,0,Relatively New,semifurnished,Medium,1,10.58,47.6,Low Floor
flat,experion windchants,sector 112,4.83,2536,3,5,3+,0,1,22,Relatively New,semifurnished,Low,1,19.05,96.6,High Floor
house,independent,sector 45,5.78,1836,3,9,3+,0,0,3,Moderately Old,semifurnished,Medium,1,31.48,115.6,Mid Floor
flat,m3m skywalk,sector 74,2.02,1300,2,2,3+,0,0,10,Relatively New,unfurnished,Medium,1,15.54,40.4,Mid Floor
flat,godrej habitat,sector 3,1.68,1604,2,2,2,0,0,6,Under Construction,unfurnished,Low,1,10.47,33.6,Mid Floor
house,rwa sector 46,sector 46,5.79,1845,6,6,3+,0,0,3,Moderately Old,semifurnished,Medium,1,31.38,115.8,Mid Floor
flat,tulip violet,sector 69,2.17,1819,4,4,2,0,0,7,Relatively New,unfurnished,Medium,1,11.93,43.4,Mid Floor
house,independent,sector 24,12.88,3915,8,10,3+,0,0,1,Undefined,unfurnished,Low,1,32.9,257.6,Low Floor
flat,bptp astaire gardens,sector 70a,2.06,1600,4,4,3,1,0,1,Relatively New,unfurnished,Low,1,12.88,41.2,Low Floor
flat,unitech uniworld gardens,sector 47,2.77,1950,3,4,3+,0,1,10,Moderately Old,unfurnished,Low,1,14.21,55.4,Mid Floor
flat,eldeco accolade,sohna road,1,1319,2,2,2,1,0,7,Relatively New,semifurnished,Medium,1,7.58,20,Mid Floor
flat,ats kocoon,sector 109,2.06,1550,3,3,3,0,0,10,Relatively New,unfurnished,Medium,1,13.29,41.2,Mid Floor
house,emaar mgf marbella,sector 66,24.48,6667,5,6,3+,0,1,3,Relatively New,semifurnished,Medium,1,36.72,489.6,Mid Floor
flat,sare homes,sector 92,0.88,1442,3,3,2,0,0,11,Relatively New,unfurnished,Medium,1,6.1,17.6,High Floor
flat,vatika the seven lamps,sector 82,1,1175,2,2,2,0,0,0,Relatively New,semifurnished,Medium,1,8.51,20,Low Floor
flat,raisina residency,sector 59,6.44,4254,4,4,3+,1,1,13,Relatively New,semifurnished,High,1,15.14,128.8,High Floor
flat,rwa,sector 7,0.62,889,3,2,1,0,0,1,New Property,unfurnished,Low,1,6.97,12.4,Low Floor
flat,alpha corp gurgaonone,sector 84,1.48,1361,2,2,3,1,0,8,Relatively New,semifurnished,Low,1,10.87,29.6,Mid Floor
flat,signature global city,sector 37d,1.41,1389,3,3,3,0,0,1,Under Construction,unfurnished,Low,1,10.15,28.2,Low Floor
flat,shree vardhman victoria,sector 70,2.26,1950,3,4,2,0,1,16,Relatively New,unfurnished,Low,1,11.59,45.2,High Floor
flat,eros wembley estate,sector 50,1.8,1245,3,3,2,0,0,9,Relatively New,semifurnished,Medium,1,14.46,36,Mid Floor
flat,tulip violet,sector 69,2.21,1783,4,4,1,0,0,12,Relatively New,unfurnished,Medium,1,12.39,44.2,High Floor
house,independent,sector 37d,1.49,1535,1,1,0,0,0,1,Undefined,unfurnished,Low,1,9.71,29.8,Low Floor
flat,emaar mgf emerald floors premier,sector 65,3.6,1650,4,4,3,1,0,2,Relatively New,semifurnished,Medium,1,21.82,72,Low Floor
flat,dlf the skycourt,sector 86,2.01,1580,3,4,3+,0,0,17,Relatively New,unfurnished,High,1,12.72,40.2,High Floor
flat,hsiidc sidco shivalik apartments,manesar,0.93,1705,3,3,3+,0,1,2,Moderately Old,unfurnished,Medium,1,5.45,18.6,Low Floor
house,unitech nirvana birch court,sector 50,15.39,3240,3,3,2,1,1,1,Moderately Old,unfurnished,Medium,1,47.5,307.8,Low Floor
house,iffco nagar and 17b rwa,sector 17,4.5,1440,2,5,3,0,0,3,Old Property,unfurnished,Low,1,31.25,90,Mid Floor
flat,bptp terra,sector 37d,2.2,2191,3,3,3+,1,0,7,Relatively New,unfurnished,Low,1,10.04,44,Mid Floor
flat,shri ram apartments,sector 4,0.59,1000,2,2,1,0,0,1,Relatively New,semifurnished,Medium,1,5.9,11.8,Low Floor
house,ansals palam vihar,sector 2,3.55,1557,3,3,3,1,0,2,Moderately Old,semifurnished,Low,1,22.8,71,Low Floor
flat,park view apartments,sector 15,2.06,1611,3,3,3+,0,0,2,Moderately Old,unfurnished,Medium,1,12.79,41.2,Low Floor
flat,czar mahira homes 63a,sector 63a,0.54,630,3,2,2,0,0,1,Undefined,unfurnished,Low,1,8.57,10.8,Low Floor
flat,indiabulls enigma,sector 110,4.25,3032,4,5,3,0,1,7,Relatively New,unfurnished,Medium,1,14.02,85,Mid Floor
flat,ats tourmaline,sector 109,2.26,1946,3,4,3+,0,1,2,Relatively New,unfurnished,Medium,1,11.61,45.2,Low Floor
flat,ansal heights 86,sector 86,1.22,1878,3,2,1,0,0,6,New Property,unfurnished,Low,1,6.5,24.4,Mid Floor
flat,bptp terra,sector 37d,2.28,2025,4,3,3,1,1,15,Relatively New,unfurnished,Low,1,11.26,45.6,High Floor
house,huda ashok vihar phase,sector 4,0.9,684,3,2,1,1,0,2,New Property,unfurnished,Low,1,13.16,18,Low Floor
house,dlf city phase 1,sector 26,4.18,8829,3,3,3,1,0,2,Old Property,unfurnished,Medium,1,4.73,83.6,Low Floor
flat,conscient heritage max,sector 102,2.19,1700,3,4,3+,0,1,8,Relatively New,semifurnished,High,1,12.88,43.8,Mid Floor
house,bptp astaire gardens,sector 70a,1.35,1611,3,3,3+,0,0,2,Relatively New,semifurnished,Medium,1,8.38,27,Low Floor
flat,greenopolis,sector 89,1.03,1441,2,2,2,0,0,6,Under Construction,unfurnished,Low,1,7.15,20.6,Mid Floor
flat,bestech park view grand spa,sector 81,5.79,3801,4,6,3+,0,1,17,Relatively New,semifurnished,Low,1,15.23,115.8,High Floor
flat,m3m woodshire,sector 107,1.06,1236,2,2,3+,0,0,7,Relatively New,unfurnished,Medium,1,8.58,21.2,Mid Floor
flat,aipl zen residences,sector 70a,1.61,1402,2,2,2,0,0,19,New Property,unfurnished,Low,1,11.48,32.2,High Floor
flat,pioneer araya,sector 62,11.78,3932,4,6,3,1,1,16,Relatively New,semifurnished,Medium,1,29.96,235.6,High Floor
flat,ramprastha the edge towers,sector 37d,1.03,1300,2,2,3,0,0,2,Relatively New,unfurnished,Medium,1,7.92,20.6,Low Floor
flat,ansal heights 86,sector 86,1.06,1300,2,2,1,0,0,12,New Property,unfurnished,Low,1,8.15,21.2,High Floor
flat,orchid petals,sector 49,2.45,1600,3,3,3,0,0,2,Old Property,semifurnished,Low,1,15.31,49,Low Floor
flat,ashiana anmol,sohna road,1.2,1000,2,2,2,0,0,9,Under Construction,unfurnished,Low,1,12,24,Mid Floor
flat,supertech araville,sector 79,1.03,1688,2,2,2,1,0,12,New Property,unfurnished,Low,1,6.1,20.6,High Floor
flat,tulip ivory,sector 70,2.7,2114,4,5,3+,0,1,5,Moderately Old,semifurnished,Medium,1,12.77,54,Mid Floor
flat,gls arawali homes,sohna road,0.35,521,2,2,2,0,0,5,New Property,unfurnished,Low,1,6.72,7,Mid Floor
flat,bestech park view ananda,sector 81,1.22,1112,2,2,2,0,0,2,Relatively New,semifurnished,Medium,1,10.97,24.4,Low Floor
flat,kiran residency,sector 56,1.98,1900,3,4,3+,0,1,5,Old Property,semifurnished,Medium,1,10.42,39.6,Mid Floor
flat,maxworth city residences,sector 10,1.16,1086,2,2,3,0,0,9,New Property,unfurnished,Medium,1,10.68,23.2,Mid Floor
flat,mapsko casa bella,sector 82,1.68,1774,4,4,3+,0,1,1,Relatively New,unfurnished,Medium,1,9.47,33.6,Low Floor
flat,supertech araville,sector 79,1.41,2167,3,3,3,0,0,1,Relatively New,semifurnished,Medium,1,6.51,28.2,Low Floor
flat,ambience creacions,sector 22,2.58,1533,2,2,2,0,0,9,Relatively New,unfurnished,Low,1,16.83,51.6,Mid Floor
flat,bestech park view residency,sector 2,1.22,1281,2,2,3,0,0,1,Moderately Old,semifurnished,Medium,1,9.52,24.4,Low Floor
flat,siddhi vinayak apartments,sector 55,1.86,1700,3,3,2,0,0,6,Moderately Old,semifurnished,Low,1,10.94,37.2,Mid Floor
flat,gls avenue 51,sector 92,0.54,711,3,3,1,0,0,2,Relatively New,unfurnished,Low,1,7.59,10.8,Low Floor
flat,shree vardhman victoria,sector 70,1.58,1222,2,2,3,1,0,1,Relatively New,unfurnished,Low,1,12.93,31.6,Low Floor
flat,orchid petals,sector 49,2.51,1633,3,3,3,0,0,2,Old Property,semifurnished,Medium,1,15.37,50.2,Low Floor
flat,ats tourmaline,sector 109,1.8,1466,3,3,3+,0,0,5,Relatively New,unfurnished,Low,1,12.28,36,Mid Floor
house,satya the legend,sector 57,11.91,5580,5,5,3+,1,1,4,Relatively New,semifurnished,High,1,21.34,238.2,Mid Floor
house,dlf city plots phase 2,sector 25,5.79,1350,5,3,2,0,0,3,Old Property,unfurnished,Low,1,42.89,115.8,Mid Floor
flat,ramprastha the edge towers,sector 37d,1.03,1310,2,2,3,0,0,10,Relatively New,unfurnished,High,1,7.86,20.6,Mid Floor
flat,bestech altura,sector 79,2.38,1946,3,4,3+,0,1,11,New Property,unfurnished,Low,1,12.23,47.6,High Floor
flat,rof ananda,sector 95,0.71,866,3,2,2,1,0,14,New Property,furnished,Low,1,8.2,14.2,High Floor
house,international city by sobha phase 2,sector 109,10.92,3600,4,6,3+,1,1,3,New Property,unfurnished,High,1,30.33,218.4,Mid Floor
flat,ireo victory valley,sector 67,4.49,2724,3,3,3,0,1,19,Relatively New,unfurnished,Medium,1,16.48,89.8,High Floor
house,kothi,sector 17,8.95,3500,4,4,3+,1,1,2,Old Property,unfurnished,Low,1,25.57,179,Low Floor
flat,godrej nature plus,sector 33,1.8,113,3,2,3+,0,0,20,New Property,unfurnished,Medium,1,159.29,36,High Floor
flat,chd avenue,sector 71,1.29,1344,3,3,3+,0,0,3,Relatively New,semifurnished,Low,1,9.6,25.8,Mid Floor
flat,the lions cghs,sector 56,2.7,2200,3,4,3+,0,0,8,Old Property,semifurnished,High,1,12.27,54,Mid Floor
flat,ss the leaf,sector 85,2.75,2600,4,4,3,0,0,6,Relatively New,unfurnished,Low,1,10.58,55,Mid Floor
flat,dlf the arbour,sector 63,9.69,3956,4,4,3,0,0,15,Undefined,unfurnished,Medium,1,24.49,193.8,High Floor
flat,corona optus,sector 37,1.62,1400,3,3,3,0,0,4,New Property,unfurnished,Low,1,11.57,32.4,Mid Floor
flat,madhur jeevan apartments,sector 56,2.05,1900,4,3,3+,0,0,3,Old Property,semifurnished,Low,1,10.79,41,Mid Floor
house,sare crescent parc royal greens phase 1,sector 92,1.09,1743,4,4,3,0,0,4,Undefined,unfurnished,Low,1,6.25,21.8,Mid Floor
flat,sare crescent parc,sector 92,0.9,140,3,3,2,0,0,14,Under Construction,unfurnished,Low,1,64.29,18,High Floor
flat,the lions cghs,sector 56,2.64,2500,4,4,3+,0,0,6,Relatively New,semifurnished,Medium,1,10.56,52.8,Mid Floor
flat,unitech the palms,sector 41,3.55,1640,3,3,2,0,0,14,Old Property,furnished,Medium,1,21.65,71,High Floor
flat,vatika city,sector 49,2.55,1750.75,3,4,3,0,1,9,Moderately Old,semifurnished,Medium,1,14.57,51,Mid Floor
house,international city by sobha phase 2,sector 109,12.24,3600,7,6,3,1,1,3,Relatively New,unfurnished,Medium,1,34,244.8,Mid Floor
flat,tata primanti,sector 72,4.5,2625,4,5,3+,0,1,16,Relatively New,unfurnished,Low,1,17.14,90,High Floor
house,independent,sector 55,4.57,1449,4,4,3+,0,0,2,Old Property,semifurnished,Low,1,31.54,91.4,Low Floor
flat,smart world gems,sector 89,1.11,1226,2,3,2,1,1,4,New Property,semifurnished,Medium,1,9.05,22.2,Mid Floor
flat,essel tower,sector 28,2.84,1956,3,4,3+,0,1,3,Moderately Old,furnished,Low,1,14.52,56.8,Mid Floor
flat,adani aangan arcade,sector 88a,0.58,695,2,2,1,0,0,8,New Property,unfurnished,Low,1,8.35,11.6,Mid Floor
flat,bhemerlei,sohna road,0.89,1350,2,2,2,0,0,3,Under Construction,unfurnished,Low,1,6.59,17.8,Mid Floor
house,independent,sector 110,0.43,500,1,1,0,0,0,1,Undefined,unfurnished,Low,1,8.6,8.6,Low Floor
flat,ireo victory valley,sector 67,3.8,2236,3,3,3+,0,1,14,Moderately Old,semifurnished,High,1,16.99,76,High Floor
flat,ireo victory valley,sector 67,4.5,2490,3,4,3,0,1,24,Relatively New,semifurnished,Medium,1,18.07,90,High Floor
flat,central park flower valley aqua front towers,sector 33,2.7,1619,3,3,2,0,0,6,Under Construction,unfurnished,Low,1,16.68,54,Mid Floor
flat,dlf express greens,manesar,1.55,1670,3,4,2,0,1,5,Relatively New,unfurnished,Low,1,9.28,31,Mid Floor
flat,tulip petals,sector 89,1.41,1550,3,2,3,0,0,4,Undefined,unfurnished,Low,1,9.1,28.2,Mid Floor
flat,ireo the corridors,sector 67a,1.8,1149,2,2,2,1,0,8,Relatively New,unfurnished,Medium,1,15.67,36,Mid Floor
flat,tulip violet,sector 69,2,1455,3,3,2,0,0,2,Relatively New,semifurnished,Medium,1,13.75,40,Low Floor
flat,sbr minda sec-1 imt manesar,manesar,0.82,1696,3,2,3+,0,0,6,Old Property,unfurnished,Medium,1,4.83,16.4,Mid Floor
house,independent,sector 43,7.09,1935,1,1,0,0,0,1,Old Property,unfurnished,Low,1,36.64,141.8,Low Floor
flat,chd avenue,sector 71,1.41,1466,3,3,3,0,0,11,Relatively New,unfurnished,Medium,1,9.62,28.2,High Floor
flat,godrej nature plus,sector 33,1.68,1409,3,2,3+,0,0,18,New Property,unfurnished,Low,1,11.92,33.6,High Floor
house,independent,sector 25,8.5,1800,6,7,3+,1,1,2,Moderately Old,semifurnished,Medium,1,47.22,170,Low Floor
house,independent,sector 31,5.47,1620,5,5,3+,0,0,3,Moderately Old,semifurnished,Medium,1,33.77,109.4,Mid Floor
house,bptp pedestal,sector 70a,1.19,1319,2,3,3+,0,0,3,New Property,unfurnished,High,1,9.02,23.8,Mid Floor
flat,breez global heights,sohna road,0.51,615,2,2,1,0,0,4,New Property,unfurnished,Low,1,8.29,10.2,Mid Floor
flat,dlf regal gardens,sector 90,1.48,1645,3,3,3+,0,0,18,Relatively New,semifurnished,Medium,1,9,29.6,High Floor
flat,essel towers,sector 14,2.84,1956,3,4,3+,0,0,3,Undefined,unfurnished,Low,1,14.52,56.8,Mid Floor
flat,smart world gems,sector 89,1.29,1230,2,2,2,1,0,1,Under Construction,unfurnished,Low,1,10.49,25.8,Low Floor
flat,bestech altura,sector 79,2.45,2389,3,4,2,0,1,11,New Property,unfurnished,Low,1,10.26,49,High Floor
flat,dlf the ultima,sector 81,2.84,1570,3,3,3+,1,1,5,Relatively New,furnished,Low,1,18.09,56.8,Mid Floor
flat,dlf regal gardens,sector 90,2.29,2005,4,4,3+,0,0,12,Relatively New,unfurnished,Medium,1,11.42,45.8,High Floor
house,sushant lok 1 builder floors,sector 43,3.16,540,4,4,3+,1,1,3,Moderately Old,furnished,Medium,1,58.52,63.2,Mid Floor
flat,smart world orchard,sector 61,3.16,1223,3,3,3,1,1,3,New Property,unfurnished,Medium,1,25.84,63.2,Mid Floor
flat,pareena laxmi apartments,sector 99,0.4,583,2,2,2,0,0,6,New Property,unfurnished,Medium,1,6.86,8,Mid Floor
flat,shree vardhman flora,sector 90,0.9,1224,2,2,3,1,0,9,New Property,unfurnished,Medium,1,7.35,18,Mid Floor
flat,paras dews,sector 106,1.74,1678,4,3,3,0,1,19,Old Property,unfurnished,Medium,1,10.37,34.8,High Floor
house,international city by sobha phase 1,sector 109,7.41,4800,4,4,2,0,1,3,Relatively New,unfurnished,Medium,1,15.44,148.2,Mid Floor
flat,dlf new town heights,sector 90,1.61,1700,3,3,3+,0,1,17,Relatively New,unfurnished,Medium,1,9.47,32.2,High Floor
house,independent,sector 3,4.5,3800,1,1,0,0,0,1,Undefined,unfurnished,Low,1,11.84,90,Low Floor
flat,conscient habitat,sector 99,0.35,538,2,2,1,0,0,8,Relatively New,unfurnished,Low,1,6.51,7,Mid Floor
flat,experion windchants,sector 112,4.83,2225.56,3,3,2,0,1,21,Relatively New,semifurnished,High,1,21.7,96.6,High Floor
flat,m3m skywalk,sector 74,1.98,1200,2,2,3+,0,0,22,Relatively New,unfurnished,Medium,1,16.5,39.6,High Floor
house,independent,sector 4,0.75,67,2,2,1,0,0,2,Moderately Old,unfurnished,Low,1,111.94,15,Low Floor
flat,tata primanti,sector 72,6.76,3000,4,4,3+,0,1,30,New Property,semifurnished,High,1,22.53,135.2,High Floor
house,independent,sector 2,4.7,1557,3,9,3+,0,1,3,New Property,semifurnished,Medium,1,30.19,94,Mid Floor
flat,mahindra aura,sector 110,2.31,1850,3,3,3+,0,1,7,Relatively New,semifurnished,Medium,1,12.49,46.2,Mid Floor
house,anshul,sector 6,1.09,1222,2,2,0,0,0,4,Undefined,unfurnished,Low,1,8.92,21.8,Mid Floor
flat,professional society,manesar,0.97,2717,3,4,3,0,1,3,Relatively New,unfurnished,Low,1,3.57,19.4,Mid Floor
house,ansal celebrity homes,sector 2,6.7,5200,4,5,2,0,0,1,Undefined,unfurnished,Low,1,12.88,134,Low Floor
flat,m3m woodshire,sector 107,1.16,1236,2,2,3+,0,0,14,New Property,unfurnished,Medium,1,9.39,23.2,High Floor
flat,dlf regal gardens,sector 90,1.61,1541,3,3,3,0,1,28,Moderately Old,unfurnished,Low,1,10.45,32.2,High Floor
house,unitech aspen greens,sector 50,9.02,2160,4,4,2,0,1,2,Old Property,unfurnished,Low,1,41.76,180.4,Low Floor
house,unitech escape,sector 50,15.46,3240,5,6,3+,0,0,3,Undefined,unfurnished,Medium,1,47.72,309.2,Mid Floor
flat,ansal heights 86,sector 86,1.61,1529,3,2,1,0,0,11,New Property,unfurnished,Low,1,10.53,32.2,High Floor
flat,emaar mgf emerald floors premier,sector 65,3.04,1524,3,3,3,1,1,2,Relatively New,semifurnished,Medium,1,19.95,60.8,Low Floor
flat,ansal heights 86,sector 86,1.36,1715,3,3,3,0,1,9,Under Construction,unfurnished,Low,1,7.93,27.2,Mid Floor
flat,ramshanti cooperative society,sector 52,2.27,2199,4,4,3+,0,0,12,New Property,unfurnished,Low,1,10.32,45.4,High Floor
flat,bestech park view ananda,sector 81,1.41,1319,3,2,3+,0,0,5,Relatively New,unfurnished,High,1,10.69,28.2,Mid Floor
flat,sare crescent parc,sector 92,1.03,1473,3,2,2,0,0,3,Relatively New,unfurnished,Low,1,6.99,20.6,Mid Floor
flat,vatika emilia floors,sector 83,0.78,990,2,2,2,0,0,1,Relatively New,semifurnished,High,1,7.88,15.6,Low Floor
flat,orris aster court,sector 85,1.2,1587,3,3,3,0,0,8,Relatively New,unfurnished,Low,1,7.56,24,Mid Floor
house,eldeco mansionz,sector 48,8.24,2700,4,4,3,0,1,3,Moderately Old,semifurnished,High,1,30.52,164.8,Mid Floor
flat,emaar gurgaon greens,sector 102,1.87,1493,3,3,2,0,1,7,Relatively New,semifurnished,High,1,12.53,37.4,Mid Floor
flat,ss the leaf,sector 85,1.52,1700,2,2,3,1,0,9,Relatively New,semifurnished,High,1,8.94,30.4,Mid Floor
house,rwa sector 46,sector 46,4.5,1620,4,4,2,0,0,2,Relatively New,semifurnished,Low,1,27.78,90,Low Floor
house,vatika india next,sector 83,2.19,2160,3,3,3+,0,1,4,New Property,unfurnished,Low,1,10.14,43.8,Mid Floor
flat,sidhartha ncr one phase,sector 95,0.71,1256,2,2,2,1,0,14,New Property,unfurnished,Medium,1,5.65,14.2,High Floor
flat,shapoorji pallonji joyville gurugram,sector 102,1.23,828,2,2,2,0,0,10,Relatively New,unfurnished,Medium,1,14.86,24.6,Mid Floor
flat,trisara our homes 3,sohna road,0.46,699,2,2,1,0,0,2,New Property,unfurnished,Medium,1,6.58,9.2,Low Floor
flat,tulip ivory,sector 70,6.44,5333,6,7,3+,1,1,0,Relatively New,unfurnished,Medium,1,12.08,128.8,Low Floor
house,independent,sector 5,0.71,1100,2,1,0,0,0,1,Undefined,unfurnished,Low,1,6.45,14.2,Low Floor
flat,eldeco accolade,sector 33,1.55,1492,2,2,2,0,0,0,Undefined,unfurnished,Medium,1,10.39,31,Low Floor
flat,m3m skywalk,sector 74,2.84,1826,3,3,3,1,0,12,New Property,semifurnished,Low,1,15.55,56.8,High Floor
flat,umang winter hills,sector 77,1.74,1451,3,3,3+,0,0,7,New Property,semifurnished,Medium,1,11.99,34.8,Mid Floor
flat,godrej nature plus,sector 33,1.55,85,2,2,0,0,0,11,Under Construction,unfurnished,Medium,1,182.35,31,High Floor
flat,signature global park 4,sector 36,0.92,978,3,2,3,0,0,3,Under Construction,unfurnished,Low,1,9.41,18.4,Mid Floor
house,independent,sector 12,0.9,1160,3,3,0,0,0,1,Relatively New,unfurnished,Low,1,7.76,18,Low Floor
flat,tulip violet,sector 69,1.85,1455,3,3,2,0,0,1,Relatively New,unfurnished,Medium,1,12.71,37,Low Floor
flat,hcbs sports ville,sohna road,0.28,477.809521,1,1,1,0,0,9,Relatively New,semifurnished,Low,1,5.86,5.6,Mid Floor
flat,m3m golfestate,sector 65,6.7,2696,3,3,3,1,1,18,Relatively New,semifurnished,Medium,1,24.85,134,High Floor
flat,godrej oasis,sector 88a,1.68,1990,3,3,3+,0,0,4,Relatively New,unfurnished,Medium,1,8.44,33.6,Mid Floor
flat,tulip lemon,sector 69,0.8,536,2,2,1,0,0,4,Relatively New,semifurnished,Medium,1,14.93,16,Mid Floor
flat,ramsons kshitij,sector 95,0.42,694,2,2,1,0,0,14,New Property,semifurnished,Medium,1,6.05,8.4,High Floor
flat,mittal surya vihar,sector 21,1.03,1256,2,2,2,0,0,6,Old Property,unfurnished,Low,1,8.2,20.6,Mid Floor
flat,dlf royalton tower,sector 43,8.37,2661,4,5,2,0,1,8,Relatively New,unfurnished,Low,1,31.45,167.4,Mid Floor
house,independent,sector 26,25.76,4500,5,7,3+,0,1,3,Relatively New,furnished,Medium,1,57.24,515.2,Mid Floor
flat,imperia the esfera,sector 37,1.11,1442,2,3,3,1,0,9,Relatively New,unfurnished,Low,1,7.7,22.2,Mid Floor
flat,ansals highland park,dwarka expressway,1.55,1940,3,3,3+,0,1,4,Under Construction,unfurnished,Low,1,7.99,31,Mid Floor
flat,breez global heights,sohna road,0.59,789,2,2,2,0,0,6,Relatively New,furnished,Low,1,7.48,11.8,Mid Floor
house,independent,sector 2,7.73,3000,4,4,1,0,0,2,Relatively New,unfurnished,Low,1,25.77,154.6,Low Floor
flat,m3m golfestate,sector 65,6.95,2696,3,4,3,1,1,19,Moderately Old,semifurnished,High,1,25.78,139,High Floor
flat,rof ananda,sector 95,0.33,406,1,1,1,0,0,8,New Property,unfurnished,Low,1,8.13,6.6,Mid Floor
flat,sapphire eighty three,sector 83,0.83,700,1,1,0,0,0,6,Undefined,unfurnished,Low,1,11.86,16.6,Mid Floor
flat,emaar the palm drive,sector 66,5.03,2200,3,4,3,0,0,2,Relatively New,unfurnished,Low,1,22.86,100.6,Low Floor
house,independent,sector 7,3.99,2250,3,3,2,0,0,2,Old Property,unfurnished,Low,1,17.73,79.8,Low Floor
house,independent,sohna road,2,1053,2,3,2,1,0,1,New Property,semifurnished,Low,1,18.99,40,Low Floor
house,sobha city,sector 108,13.52,7331,5,4,3+,0,0,1,Undefined,unfurnished,Medium,1,18.44,270.4,Low Floor
flat,godrej aria,sector 79,1.29,1300,2,2,2,1,0,4,Relatively New,unfurnished,Low,1,9.92,25.8,Mid Floor
flat,vatika independent floors,sector 82,1.49,1844,3,3,3+,0,1,1,Relatively New,semifurnished,High,1,8.08,29.8,Low Floor
flat,tata primanti,sector 72,6.44,4500,4,4,3+,1,1,2,Moderately Old,semifurnished,High,1,14.31,128.8,Low Floor
house,independent,sector 38,5.15,1836,6,6,3+,1,1,4,Old Property,semifurnished,Medium,1,28.05,103,Mid Floor
flat,m3m sierra 68,sector 68,1.55,982,2,2,3,0,0,1,Relatively New,furnished,Medium,1,15.78,31,Low Floor
flat,dlf the skycourt,sector 86,2.04,1750,3,3,1,0,0,16,Relatively New,semifurnished,High,1,11.66,40.8,High Floor
flat,greenopolis,sector 89,1.03,1502,2,3,3,1,0,8,Under Construction,unfurnished,Medium,1,6.86,20.6,Mid Floor
flat,signature global park,sohna road,1.09,1080,3,2,2,0,0,4,New Property,unfurnished,Low,1,10.09,21.8,Mid Floor
flat,tulip violet,sector 69,1.8,1419,3,3,1,0,0,12,Relatively New,unfurnished,Medium,1,12.68,36,High Floor
house,independent,sector 2,1.48,594,3,3,2,0,0,2,Old Property,semifurnished,Low,1,24.92,29.6,Low Floor
flat,guru gram haryana cghs,sector 56,1.79,1738,3,3,3,1,0,4,Moderately Old,semifurnished,Medium,1,10.3,35.8,Mid Floor
flat,pioneer araya,sector 62,11.86,3867,4,6,3,0,1,5,Relatively New,semifurnished,High,1,30.67,237.2,Mid Floor
flat,godrej frontier,sector 80,1.8,1854,3,4,2,0,0,10,Moderately Old,unfurnished,Medium,1,9.71,36,Mid Floor
flat,bptp astaire gardens,sector 70a,1.25,1339,3,3,3+,0,0,1,Relatively New,unfurnished,Medium,1,9.34,25,Low Floor
flat,emaar mgf palm hills,sector 77,1.93,1310,3,3,3,0,0,4,Relatively New,semifurnished,Medium,1,14.73,38.6,Mid Floor
flat,signature global city 81,sector 81,1.03,607,2,2,2,1,0,4,Under Construction,unfurnished,Low,1,16.97,20.6,Mid Floor
flat,raheja teachers apartments,sector 31,1.55,1450,3,2,2,0,0,1,Moderately Old,furnished,Medium,1,10.69,31,Low Floor
house,independent,sector 23,7.09,2520,8,8,2,1,1,3,Moderately Old,semifurnished,Medium,1,28.13,141.8,Mid Floor
house,independent,sector 4,0.71,1350,3,3,2,0,0,2,Relatively New,unfurnished,Low,1,5.26,14.2,Low Floor
house,palam vihar extension west zone rwa,sector 2,0.83,1125,2,2,1,0,0,1,Moderately Old,unfurnished,Low,1,7.38,16.6,Low Floor
flat,project krishna colony,sector 7,0.47,700,2,2,1,0,0,0,Relatively New,unfurnished,Low,1,6.71,9.4,Low Floor
flat,emaar mgf palm terraces select,sector 66,4.38,2210,4,4,3+,0,1,2,Relatively New,semifurnished,High,1,19.82,87.6,Low Floor
house,independent,sohna road,7.09,3500,3,3,3+,1,1,2,Moderately Old,unfurnished,Low,1,20.26,141.8,Low Floor
flat,tulip violet,sector 69,2.47,1389,4,4,2,0,0,0,Relatively New,unfurnished,High,1,17.78,49.4,Low Floor
flat,today callidora,sector 73,1.29,1444,2,2,2,0,0,13,New Property,unfurnished,Low,1,8.93,25.8,High Floor
flat,m3m sierra 68,sector 68,1.36,1200,2,2,2,0,0,11,New Property,semifurnished,Medium,1,11.33,27.2,High Floor
house,sushant lok 1 builder floors,sector 43,2.12,540,4,4,3+,0,0,4,Moderately Old,furnished,Low,1,39.26,42.4,Mid Floor
flat,pareena coban residences,sector 99,1.8,1807,3,5,3+,0,0,6,New Property,unfurnished,Low,1,9.96,36,Mid Floor
flat,housing board colony,sector 51,0.39,459,1,1,2,0,0,0,Old Property,unfurnished,Low,1,8.5,7.8,Low Floor
flat,m3m skycity,sector 65,2.31,1456,2,2,3,0,0,13,New Property,unfurnished,Medium,1,15.87,46.2,High Floor
flat,ardee city,sector 52,2,2100,4,4,3,0,0,1,Moderately Old,unfurnished,Low,1,9.52,40,Low Floor
flat,ireo the corridors,sector 67a,1.93,1500,2,2,2,0,0,10,Relatively New,semifurnished,Low,1,12.87,38.6,Mid Floor
flat,raheja vedaanta,sector 108,1.93,2850,3,4,0,0,0,12,Undefined,unfurnished,Low,1,6.77,38.6,High Floor
flat,zara aavaas,sector 104,0.28,335,1,2,2,0,0,2,New Property,unfurnished,Medium,1,8.36,5.6,Low Floor
flat,godrej nature plus,sector 33,1.93,1403,3,3,3,1,0,6,Under Construction,unfurnished,Medium,1,13.76,38.6,Mid Floor
flat,hcbs sports ville,sohna road,0.36,743,2,2,1,0,0,11,Relatively New,unfurnished,Low,1,4.85,7.2,High Floor
flat,shri banke bihari society,sector 56,1.74,1800,3,3,3,0,0,5,Old Property,semifurnished,Medium,1,9.67,34.8,Mid Floor
flat,pareena coban residences,sector 99,1.36,1390,2,2,3,1,0,2,Relatively New,unfurnished,Low,1,9.78,27.2,Low Floor
flat,tulip violet,sector 69,3.93,2856,4,5,3+,0,1,14,Relatively New,unfurnished,Low,1,13.76,78.6,High Floor
flat,ireo skyon,sector 60,4.83,2650,4,4,3,0,1,12,Relatively New,semifurnished,Low,1,18.23,96.6,High Floor
flat,palam vihar society,sector 2,4.32,5000,4,4,3+,1,0,2,New Property,unfurnished,Medium,1,8.64,86.4,Low Floor
flat,emaar digihomes,sector 62,5.47,1600,3,3,3,1,0,8,Under Construction,unfurnished,Low,1,34.19,109.4,Mid Floor
flat,maxworth city residences,sector 10,1.03,1389,2,3,2,0,0,9,New Property,unfurnished,Low,1,7.42,20.6,Mid Floor
flat,sare crescent parc royal greens phase 1,sector 92,0.97,1734,4,4,3+,0,0,3,Relatively New,unfurnished,Medium,1,5.59,19.4,Mid Floor
flat,tulip lemon,sector 69,0.78,584,2,1,1,0,0,11,Undefined,unfurnished,Low,1,13.36,15.6,High Floor
flat,unitech fresco,sector 50,2.35,1830,3,3,3+,0,0,14,Moderately Old,semifurnished,High,1,12.84,47,High Floor
flat,shapoorji pallonji joyville gurugram,sector 102,2.51,1616,3,3,3,0,0,6,New Property,semifurnished,High,1,15.53,50.2,Mid Floor
house,independent,sector 105,1.48,3889,3,2,1,0,0,1,Undefined,unfurnished,Low,1,3.81,29.6,Low Floor
flat,vatika city homes,sector 83,1.03,1195,2,2,2,0,0,8,Moderately Old,unfurnished,Low,1,8.62,20.6,Mid Floor
house,dlf city plots phase 4,sector 28,12.29,3240,6,5,3+,1,1,3,New Property,unfurnished,High,1,37.93,245.8,Mid Floor
flat,kiran residency,sector 56,1.93,2250,3,5,3+,1,0,4,Moderately Old,semifurnished,Medium,1,8.58,38.6,Mid Floor
flat,ss the leaf,sector 85,2.04,2227,3,4,3,0,1,8,Relatively New,unfurnished,High,1,9.16,40.8,Mid Floor
flat,orris aster court premier,sector 85,1.61,1616,3,4,2,0,1,6,Relatively New,semifurnished,Low,1,9.96,32.2,Mid Floor
flat,signature global city 92,sector 92,1,846,2,2,3,0,0,2,Under Construction,unfurnished,Low,1,11.82,20,Low Floor
flat,sare crescent parc,sector 92,0.83,1571,3,3,3,0,0,3,Moderately Old,unfurnished,Low,1,5.28,16.6,Mid Floor
flat,experion windchants,sector 112,6.84,3573.33,4,6,3+,0,1,15,Relatively New,unfurnished,Medium,1,19.14,136.8,High Floor
flat,tata primanti,sector 72,5.28,2629,4,5,3+,0,1,39,New Property,unfurnished,Medium,1,20.08,105.6,High Floor
flat,shapoorji pallonji joyville gurugram,sector 102,1.62,1100,2,2,3,0,0,7,Relatively New,semifurnished,Low,1,14.73,32.4,Mid Floor
flat,paras quartier,gwal pahari,7.6,5350,4,4,3+,0,0,0,Moderately Old,unfurnished,Medium,1,14.21,152,Low Floor
flat,ansal sushant lok ci,sector 43,2.58,1467,3,3,2,0,1,1,Old Property,furnished,Low,1,17.59,51.6,Low Floor
flat,dlf the skycourt,sector 86,2.06,1548,3,3,3+,0,0,9,Relatively New,semifurnished,High,1,13.31,41.2,Mid Floor
house,independent,sector 49,5.79,2880,8,8,3,1,1,3,Moderately Old,furnished,High,1,20.1,115.8,Mid Floor
flat,hcbs sports ville,sohna road,0.31,360,1,1,2,0,0,1,New Property,unfurnished,Medium,1,8.61,6.2,Low Floor
flat,imperia aashiyara,sector 37,0.51,756,2,2,3,0,0,3,Under Construction,unfurnished,Medium,1,6.75,10.2,Mid Floor
house,independent,sector 36,0.86,823,2,2,3,0,0,4,New Property,unfurnished,Low,1,10.45,17.2,Mid Floor
flat,conscient elevate,sector 59,5.03,2295,3,1,0,0,0,0,Undefined,unfurnished,Low,1,21.92,100.6,Low Floor
flat,aipl club residences,sector 70a,1.09,842,2,2,2,0,0,5,Relatively New,semifurnished,Low,1,12.95,21.8,Mid Floor
flat,pivotal devaan,sector 84,0.46,531,2,2,1,0,0,10,Relatively New,unfurnished,Medium,1,8.66,9.2,Mid Floor
flat,the lions cghs,sector 56,2.56,2000,4,4,3+,0,0,4,Old Property,semifurnished,Medium,1,12.8,51.2,Mid Floor
flat,supertech araville,sector 79,0.91,1280,2,2,3+,0,0,17,New Property,unfurnished,Medium,1,7.11,18.2,High Floor
flat,godrej summit,sector 104,1.09,1269,2,2,3+,1,0,10,Relatively New,unfurnished,Medium,1,8.59,21.8,Mid Floor
house,independent,sector 7,8.37,4320,3,2,3+,0,0,,Old Property,unfurnished,Low,1,19.37,167.4,Low Floor
flat,aipl joy square,sector 63a,0.9,693,1,1,0,0,0,7,Undefined,unfurnished,Low,1,12.99,18,Mid Floor
house,ss hibiscus,sector 50,15.78,5850,5,7,3+,1,1,1,Relatively New,semifurnished,High,1,26.97,315.6,Low Floor
flat,m3m sky lofts,sector 71,1.29,869,1,1,1,0,0,9,Undefined,unfurnished,Medium,1,14.84,25.8,Mid Floor
flat,m3m urbana,sector 67,1.22,826,1,1,1,0,0,17,Relatively New,unfurnished,Low,1,14.77,24.4,High Floor
house,independent,sector 15,1.38,900,2,2,1,0,1,1,Old Property,unfurnished,Low,1,15.33,27.6,Low Floor
flat,pyramid urban homes 2,sector 86,0.64,578,2,2,1,0,0,10,Relatively New,unfurnished,Low,1,11.07,12.8,Mid Floor
flat,eldeco accolade,sohna road,1.74,2444,3,3,3,0,1,2,New Property,unfurnished,Medium,1,7.12,34.8,Low Floor
flat,dlf the crest,sector 54,14.17,3444,4,5,3+,1,1,7,Relatively New,unfurnished,Low,1,41.14,283.4,Mid Floor
flat,adani brahma samsara vilasa,sector 63,3.86,2000,3,3,3,0,0,3,New Property,unfurnished,Low,1,19.3,77.2,Mid Floor
flat,shree vardhman victoria,sector 70,2,1527,3,5,3,0,1,8,Relatively New,unfurnished,High,1,13.1,40,Mid Floor
flat,ats triumph,sector 104,2.26,2072,3,4,3+,0,1,11,Relatively New,unfurnished,Medium,1,10.91,45.2,High Floor
house,independent,sector 10,5.47,2367,4,3,2,0,0,1,Undefined,unfurnished,Low,1,23.11,109.4,Low Floor
flat,pooja apartment,sector 5,0.32,778,2,2,2,0,0,2,Relatively New,unfurnished,Low,1,4.11,6.4,Low Floor
flat,godrej aria,sector 79,2.51,1659,3,4,3+,0,1,10,New Property,unfurnished,Low,1,15.13,50.2,Mid Floor
flat,parsvnath green ville,sector 48,4.25,3305,5,5,3+,0,1,4,Old Property,unfurnished,Medium,1,12.86,85,Mid Floor
flat,mittal cosmos executive apartments,sector 2,0.97,1100,2,2,2,0,0,15,Old Property,semifurnished,Low,1,8.82,19.4,High Floor
flat,ramprastha the edge towers,sector 37d,1.41,1990,3,3,3,0,0,9,Undefined,unfurnished,Medium,1,7.09,28.2,Mid Floor
flat,shree vardhman victoria,sector 70,2.06,1527,3,5,3,0,1,6,Relatively New,unfurnished,Medium,1,13.49,41.2,Mid Floor
house,arjun marg/ sector- 26 phase- 1/ golf course road,sector 26,40.58,9000,7,9,3+,1,1,3,Moderately Old,furnished,Medium,1,45.09,811.6,Mid Floor
flat,m3m woodshire,sector 107,1.16,1281,2,2,3,1,0,8,Relatively New,semifurnished,Medium,1,9.06,23.2,Mid Floor
flat,bptp terra,sector 37d,2.29,1983,4,3,3,0,1,10,Relatively New,unfurnished,Medium,1,11.55,45.8,Mid Floor
flat,shapoorji pallonji joyville gurugram,sector 102,2.31,1531,3,3,3,0,0,1,Relatively New,unfurnished,Medium,1,15.09,46.2,Low Floor
flat,capital residences 360,sector 70a,2.18,1900,3,3,3+,0,1,8,New Property,unfurnished,High,1,11.47,43.6,Mid Floor
flat,m3m merlin,sector 67,4.37,2100,3,4,3,0,1,14,Relatively New,semifurnished,Low,1,20.81,87.4,High Floor
flat,adani aangan galleria,sector 89,0.54,769,2,2,2,0,0,3,Relatively New,unfurnished,Low,1,7.02,10.8,Mid Floor
flat,conscient heritage max,sector 102,2.29,1748,3,4,3+,0,1,5,Moderately Old,unfurnished,Medium,1,13.1,45.8,Mid Floor
flat,mvn athens,sohna road,0.32,587,2,2,1,0,0,0,Relatively New,unfurnished,Low,1,5.45,6.4,Low Floor
flat,paras dews,sector 106,1.61,1186,3,4,3+,0,1,5,Relatively New,unfurnished,High,1,13.58,32.2,Mid Floor
flat,sbtl caladium,sector 109,1.62,1701,3,2,3,0,0,8,Relatively New,unfurnished,Medium,1,9.52,32.4,Mid Floor
flat,new sathi apartments,sector 54,2.05,2250,3,3,3+,1,0,3,Moderately Old,semifurnished,Medium,1,9.11,41,Mid Floor
flat,emaar palm gardens,sector 83,2.31,1551,3,4,3,1,1,4,Relatively New,semifurnished,High,1,14.89,46.2,Mid Floor
house,independent,sector 14,8.32,3420,5,5,2,1,1,3,Moderately Old,semifurnished,Low,1,24.33,166.4,Mid Floor
flat,godrej aria,sector 79,1.68,1330,2,2,2,1,0,7,Relatively New,semifurnished,Medium,1,12.63,33.6,Mid Floor
flat,ss almeria,sector 84,1.93,1849,3,3,3,0,1,2,New Property,unfurnished,Medium,1,10.44,38.6,Low Floor
house,independent,sector 105,1.55,900,4,4,1,0,0,2,Moderately Old,unfurnished,Low,1,17.22,31,Low Floor
flat,birla navya,sector 63a,2.84,997,2,3,3+,0,0,4,Under Construction,unfurnished,Medium,1,28.49,56.8,Mid Floor
flat,pyramid urban,sector 67a,0.78,633,2,2,2,0,0,14,New Property,unfurnished,Low,1,12.32,15.6,High Floor
flat,ireo the grand arch,sector 58,4.89,2164,3,4,1,0,1,19,Moderately Old,semifurnished,High,1,22.6,97.8,High Floor
flat,unitech vistas,sector 70,1.28,1416,3,4,2,0,0,11,Under Construction,unfurnished,Low,1,9.04,25.6,High Floor
flat,mapsko mount ville,sector 79,1.68,1215,3,3,2,1,0,6,Relatively New,unfurnished,High,1,13.83,33.6,Mid Floor
flat,orchid island,sector 51,0.91,1007,2,2,1,0,0,4,Relatively New,unfurnished,Low,1,9.04,18.2,Mid Floor
flat,ramprastha the edge towers,sector 37d,1.29,1602,3,3,3+,0,0,13,Moderately Old,unfurnished,Low,1,8.05,25.8,High Floor
flat,smart world orchard,sector 61,2.06,1278,2,2,2,1,0,4,New Property,unfurnished,Low,1,16.12,41.2,Mid Floor
flat,godrej oasis,sector 88a,1.66,1642,3,3,3,1,0,5,New Property,unfurnished,Medium,1,10.11,33.2,Mid Floor
flat,supertech hues,sector 68,1.29,1311,2,2,2,0,0,12,New Property,unfurnished,Medium,1,9.84,25.8,High Floor
house,independent,sector 8,1.06,891,2,4,0,0,0,2,Undefined,unfurnished,Low,1,11.9,21.2,Low Floor
flat,puri emerald bay,sector 104,3.16,2131,3,4,3+,0,1,14,Relatively New,semifurnished,Medium,1,14.83,63.2,High Floor
flat,emaar palm gardens,sector 83,2.27,1500,3,3,3,0,1,6,Relatively New,semifurnished,High,1,15.13,45.4,Mid Floor
flat,m3m skywalk,sector 74,2.06,1272,2,2,2,0,0,28,New Property,unfurnished,Low,1,16.19,41.2,High Floor
house,independent,sohna road,1.22,1065,3,10,3+,0,0,3,New Property,unfurnished,Low,1,11.46,24.4,Mid Floor
flat,raheja atharva,sector 109,1.01,1213,3,2,2,0,0,3,Relatively New,semifurnished,Low,1,8.33,20.2,Mid Floor
flat,ansal heights 86,sector 86,1.68,2521,4,6,2,0,1,11,New Property,unfurnished,Medium,1,6.66,33.6,High Floor
flat,m3m skywalk,sector 74,2.9,1900,3,3,3,1,0,5,Relatively New,unfurnished,High,1,15.26,58,Mid Floor
flat,signature global park,sohna road,0.83,822,2,2,3,0,0,1,New Property,unfurnished,Medium,1,10.1,16.6,Low Floor
flat,vipul lavanya,sector 81,0.97,1397,2,2,2,0,0,7,Moderately Old,unfurnished,Low,1,6.94,19.4,Mid Floor
flat,tulip violet,sector 69,3.99,2817,4,6,3+,0,1,14,Relatively New,unfurnished,High,1,14.16,79.8,High Floor
flat,tata primanti,sector 72,5.28,2308,3,3,3,0,1,8,Moderately Old,unfurnished,Low,1,22.88,105.6,Mid Floor
flat,emaar imperial gardens,sector 102,2.55,2222,3,3,3+,0,1,9,Relatively New,semifurnished,Medium,1,11.48,51,Mid Floor
flat,m3m heights,sector 65,3.15,1654,3,3,2,0,0,7,Under Construction,unfurnished,Low,1,19.04,63,Mid Floor
flat,allure homes,sector 12,0.92,1100,2,2,1,0,0,2,Relatively New,semifurnished,Low,1,8.36,18.4,Low Floor
flat,emaar mgf the palm drive,sector 66,3.85,2000,3,3,3,0,1,7,Relatively New,semifurnished,Low,1,19.25,77,Mid Floor
flat,bptp terra,sector 37d,1.92,1707,3,3,3,0,0,20,Relatively New,unfurnished,Low,1,11.25,38.4,High Floor
flat,tulip purple,sector 69,3.35,2172,4,4,3+,0,1,4,Moderately Old,unfurnished,Low,1,15.42,67,Mid Floor
flat,emaar mgf emerald floors premier,sector 65,2.58,1833,3,3,3,0,1,1,Relatively New,semifurnished,Medium,1,14.08,51.6,Low Floor
house,ardee city,sector 52,7.09,2700,9,9,3+,0,1,3,Moderately Old,semifurnished,Low,1,26.26,141.8,Mid Floor
flat,millenia,sector 37,0.51,667,2,2,2,0,0,4,New Property,unfurnished,Low,1,7.65,10.2,Mid Floor
flat,shree vardhman flora,sector 90,1.19,2167,3,3,2,1,0,6,Relatively New,semifurnished,Low,1,5.49,23.8,Mid Floor
flat,suncity vatsal valley,gwal pahari,1.97,1589,3,3,3,0,0,2,New Property,semifurnished,Medium,1,12.4,39.4,Low Floor
flat,paras dews,sector 106,1.13,1120,2,2,3+,0,0,3,Relatively New,unfurnished,Low,1,10.09,22.6,Mid Floor
flat,bptp amstoria,sector 102,2.45,2500,3,3,3+,0,1,1,Relatively New,unfurnished,High,1,9.8,49,Low Floor
house,independent,sector 46,7.27,2367,8,6,3+,0,1,3,Moderately Old,semifurnished,Medium,1,30.71,145.4,Mid Floor
flat,signature global orchard avenue,sector 93,0.51,730,2,2,0,0,0,0,Undefined,unfurnished,Low,1,6.99,10.2,Low Floor
house,independent,sector 24,6.76,1350,4,4,3+,0,1,2,Relatively New,semifurnished,Medium,1,50.07,135.2,Low Floor
flat,ireo victory valley,sector 67,3.93,2200,3,4,2,1,1,35,Relatively New,semifurnished,High,1,17.86,78.6,High Floor
flat,m3m skywalk,sector 74,2.06,1508,2,2,2,0,0,26,Relatively New,semifurnished,High,1,13.66,41.2,High Floor
house,independent,sector 54,4.53,2844,4,4,3,0,1,4,New Property,unfurnished,Medium,1,15.93,90.6,Mid Floor
house,independent,sector 10,4.64,1836,3,4,3,0,0,3,Moderately Old,semifurnished,Low,1,25.27,92.8,Mid Floor
flat,godrej aria,sector 79,1.41,81,2,2,3,0,0,9,New Property,unfurnished,Medium,1,174.07,28.2,Mid Floor
flat,m3m woodshire,sector 107,1.31,1388,2,2,3,1,0,6,Relatively New,unfurnished,Medium,1,9.44,26.2,Mid Floor
flat,bestech park view ananda,sector 81,1.22,1260,2,2,2,0,0,14,Relatively New,semifurnished,High,1,9.68,24.4,High Floor
flat,signature global park,sohna road,0.71,913,2,2,3,0,0,3,Undefined,unfurnished,Medium,1,7.78,14.2,Mid Floor
flat,smart world gems,sector 89,1.61,1288,3,3,3,0,0,2,Under Construction,unfurnished,Low,1,12.5,32.2,Low Floor
house,independent,sector 4,1.19,603,1,4,3,0,0,4,Moderately Old,unfurnished,Low,1,19.73,23.8,Mid Floor
flat,shree vardhman flora,sector 90,0.83,1222,2,2,3,1,0,3,Relatively New,unfurnished,Medium,1,6.79,16.6,Mid Floor
flat,shree arihant apartment,sector 54,1.93,1700,3,3,3+,0,0,4,Moderately Old,semifurnished,Medium,1,11.35,38.6,Mid Floor
flat,hcbs sports ville,sohna road,0.28,778,1,1,1,0,0,1,New Property,unfurnished,Medium,1,3.6,5.6,Low Floor
flat,godrej summit,sector 104,1.06,86,2,2,3,1,0,12,Relatively New,unfurnished,Medium,1,123.26,21.2,High Floor
flat,ats kocoon,sector 109,3.8,3150,4,4,3+,0,1,7,Relatively New,semifurnished,High,1,12.06,76,Mid Floor
flat,ansal heights 86,sector 86,1.12,1231,2,2,1,0,0,12,New Property,semifurnished,Low,1,9.1,22.4,High Floor
flat,emaar mgf emerald floors premier,sector 65,2.96,1833,3,4,3,1,1,3,Relatively New,furnished,High,1,16.15,59.2,Mid Floor
flat,m3m heights,sector 65,3,1141,2,2,3,0,0,35,Under Construction,semifurnished,Low,1,26.29,60,High Floor
flat,ats tourmaline,sector 109,2.26,1946,3,4,3+,0,1,9,Relatively New,unfurnished,Medium,1,11.61,45.2,Mid Floor
flat,emaar gurgaon greens,sector 102,1.79,1493,3,3,3,0,1,7,Relatively New,semifurnished,Low,1,11.99,35.8,Mid Floor
flat,valley view estate,gwal pahari,0.49,565,1,1,1,0,0,11,Moderately Old,unfurnished,Low,1,8.67,9.8,High Floor
flat,signature global park,sohna road,1,1344,3,3,3,0,0,3,Relatively New,unfurnished,High,1,7.44,20,Mid Floor
flat,dhoot time residency,sector 63,2.84,1554,3,4,3+,1,0,8,Moderately Old,semifurnished,Medium,1,18.28,56.8,Mid Floor
flat,godrej nature plus,sector 33,2.15,1857,3,2,2,0,0,18,Under Construction,unfurnished,Medium,1,11.58,43,High Floor
house,independent,sector 28,15.46,2844,4,5,3+,0,1,4,Relatively New,semifurnished,Medium,1,54.36,309.2,Mid Floor
flat,avl 36 gurgaon,sector 36,0.58,452,1,1,1,0,0,9,Relatively New,unfurnished,Low,1,12.83,11.6,Mid Floor
flat,the close north,sector 50,3.03,1900,3,3,3,0,0,8,Moderately Old,semifurnished,Low,1,15.95,60.6,Mid Floor
flat,parsvnath green ville,sector 48,2.58,1923,3,3,0,0,1,15,Relatively New,unfurnished,Medium,1,13.42,51.6,High Floor
flat,valley view estate,gwal pahari,1.93,2013,4,4,3+,1,1,9,Old Property,unfurnished,Medium,1,9.59,38.6,Mid Floor
flat,la vida by tata housing,sector 113,2.45,1285,3,2,2,0,0,10,Relatively New,semifurnished,High,1,19.07,49,Mid Floor
flat,signature global solera,sector 107,0.63,598,2,2,1,0,0,8,Relatively New,furnished,Low,1,10.54,12.6,Mid Floor
flat,suncity vatsal valley,gwal pahari,1.87,1430,3,3,3,0,0,4,Under Construction,unfurnished,Low,1,13.08,37.4,Mid Floor
flat,tulip violet,sector 69,1.85,1305,3,3,2,0,0,1,Relatively New,unfurnished,Medium,1,14.18,37,Low Floor
flat,mapsko mount ville,sector 79,1.8,1656,3,3,3,0,0,2,New Property,semifurnished,Medium,1,10.87,36,Low Floor
flat,krrish provence estate,gwal pahari,6.76,5249,4,5,3+,1,1,2,New Property,unfurnished,Low,1,12.88,135.2,Low Floor
flat,tulip violet,sector 69,2.45,1819,4,4,2,0,0,0,Relatively New,unfurnished,Low,1,13.47,49,Low Floor
flat,ats triumph,sector 104,2.26,2036,3,4,3+,1,1,12,Relatively New,semifurnished,Low,1,11.1,45.2,High Floor
house,central park flower valley,sector 33,1.48,1400,2,2,3,1,0,2,Relatively New,semifurnished,Medium,1,10.57,29.6,Low Floor
flat,takshila heights sector 37 c,sector 37,0.87,1086,2,2,2,0,0,3,Relatively New,unfurnished,Low,1,8.01,17.4,Mid Floor
flat,rof ananda,sector 95,0.26,407,1,1,1,0,0,2,Relatively New,unfurnished,Medium,1,6.39,5.2,Low Floor
flat,tulip violet,sector 69,2.17,1510,3,3,2,0,0,0,Relatively New,unfurnished,High,1,14.37,43.4,Low Floor
house,dlf city plots phase 2,sector 25,8.12,1800,4,4,3+,0,1,2,Old Property,unfurnished,Medium,1,45.11,162.4,Low Floor
flat,tulip white,sector 69,1.16,1326,3,2,3+,0,0,1,Relatively New,semifurnished,Medium,1,8.75,23.2,Low Floor
flat,mvn athens,sohna road,0.33,535,2,2,1,0,0,2,Relatively New,unfurnished,Low,1,6.17,6.6,Low Floor
flat,ireo the corridors,sector 67a,2.06,1346,3,3,2,0,0,3,New Property,semifurnished,Medium,1,15.3,41.2,Mid Floor
flat,m3m the tree of life,sector 111,3.03,1615,3,3,3+,0,0,5,Under Construction,unfurnished,Low,1,18.76,60.6,Mid Floor
flat,ats tourmaline,sector 109,1.87,1797,3,4,3+,0,1,4,Relatively New,unfurnished,Medium,1,10.41,37.4,Mid Floor
house,independent,sector 4,3.03,1440,4,4,2,0,0,2,Old Property,unfurnished,Low,1,21.04,60.6,Low Floor
flat,smart world gems,sector 89,1.55,1423,3,3,2,1,0,3,New Property,unfurnished,Low,1,10.89,31,Mid Floor
house,independent,sector 45,20.61,4500,6,7,3+,1,1,3,Relatively New,semifurnished,Medium,1,45.8,412.2,Mid Floor
flat,laxmi pareena,sector 99,0.39,500,2,1,0,0,0,12,Undefined,unfurnished,Low,1,7.8,7.8,High Floor
flat,vatika lifestyle homes,sector 83,1.68,2588,3,3,1,0,0,6,Relatively New,semifurnished,Medium,1,6.49,33.6,Mid Floor
flat,pivotal riddhi siddhi,sector 99,0.51,733,2,2,2,0,0,9,New Property,unfurnished,Medium,1,6.96,10.2,Mid Floor
flat,earth copia,sector 112,0.9,1498,2,2,2,0,0,4,Relatively New,unfurnished,Medium,1,6.01,18,Mid Floor
house,independent,sector 3,0.71,750,1,1,0,0,0,1,Undefined,unfurnished,Low,1,9.47,14.2,Low Floor
house,independent,sector 7,2.58,1440,2,2,2,0,0,2,Old Property,unfurnished,Low,1,17.92,51.6,Low Floor
house,independent,sector 4,1.03,675,2,3,1,0,0,2,Moderately Old,unfurnished,Low,1,15.26,20.6,Low Floor
flat,palam vihar extension west zone rwa,sector 2,0.26,556,1,1,1,0,0,1,Moderately Old,unfurnished,Low,1,4.68,5.2,Low Floor
house,international city by sobha phase 1,sector 109,7.73,6228,4,5,3,0,0,2,Moderately Old,unfurnished,Medium,1,12.41,154.6,Low Floor
flat,orris carnation residency,sector 85,1.13,1344,3,3,1,0,0,1,Relatively New,unfurnished,Medium,1,8.41,22.6,Low Floor
flat,emaar gurgaon greens,sector 102,1.8,1315,3,3,3,0,1,7,Relatively New,unfurnished,Medium,1,13.69,36,Mid Floor
flat,sobha city,sector 108,4.32,2525,3,4,2,0,0,19,New Property,unfurnished,Medium,1,17.11,86.4,High Floor
flat,shapoorji pallonji joyville gurugram,sector 102,2.27,1531,3,3,3,0,0,1,Relatively New,unfurnished,Medium,1,14.83,45.4,Low Floor
flat,raheja vanya,sector 99,1.09,1133,2,2,2,0,0,3,New Property,unfurnished,Low,1,9.62,21.8,Mid Floor
flat,not applicable,sector 4,0.54,833,2,2,1,0,0,3,Relatively New,semifurnished,Low,1,6.48,10.8,Mid Floor
house,independent,sector 7,2,1080,2,2,2,0,0,1,Moderately Old,semifurnished,Medium,1,18.52,40,Low Floor
flat,ansal heights 86,sector 86,1,1231,2,2,1,0,0,8,New Property,unfurnished,Medium,1,8.12,20,Mid Floor
flat,ashiana anmol,sector 33,1.41,1275,2,2,2,0,0,4,Undefined,unfurnished,Low,1,11.06,28.2,Mid Floor
flat,tulip violet,sector 69,1.82,1428,3,3,2,0,0,8,Relatively New,semifurnished,Medium,1,12.75,36.4,Mid Floor
flat,raheja vedaanta,sector 108,0.9,1362,2,2,2,0,0,12,Moderately Old,unfurnished,Medium,1,6.61,18,High Floor
flat,navjyoti apartment,sector 38,2.7,1954,4,4,3+,0,0,10,Old Property,furnished,Low,1,13.82,54,Mid Floor
house,unitech espace,sector 50,9.67,2160,3,3,2,0,1,2,Moderately Old,semifurnished,Medium,1,44.77,193.4,Low Floor
flat,sare homes,sector 92,1.22,1983,4,3,2,0,0,17,New Property,unfurnished,Low,1,6.15,24.4,High Floor
flat,jmd gardens,sector 33,4.18,4809,4,4,3+,0,1,17,Old Property,semifurnished,Medium,1,8.69,83.6,High Floor
flat,sukhshanti apartment,sector 56,2.19,2200,3,3,3,1,0,4,Moderately Old,unfurnished,Low,1,9.95,43.8,Mid Floor
flat,godrej oasis,sector 88a,1.53,1387,2,2,3,1,0,15,Relatively New,semifurnished,High,1,11.03,30.6,High Floor
house,independent,sector 23,1.55,1500,3,2,2,0,0,3,New Property,semifurnished,Medium,1,10.33,31,Mid Floor
flat,shapoorji pallonji joyville gurugram,sector 102,1.8,1166,2,2,2,0,0,11,New Property,semifurnished,Low,1,15.44,36,High Floor
flat,bestech park view city,sector 48,2.27,1576,3,3,3+,0,1,9,Moderately Old,semifurnished,High,1,14.4,45.4,Mid Floor
flat,microtek greenburg,sector 86,1.87,1480,3,2,3,0,0,8,Relatively New,furnished,Medium,1,12.64,37.4,Mid Floor
flat,tulip violet,sector 69,1.8,1428,3,3,2,0,0,9,Relatively New,unfurnished,Medium,1,12.61,36,Mid Floor
flat,pioneer urban presidia,sector 62,9.21,3925,4,5,3+,1,1,7,Relatively New,semifurnished,High,1,23.46,184.2,Mid Floor
flat,bestech park view spa next,sector 67,3.5,2250,4,4,3+,0,1,0,Relatively New,semifurnished,Medium,1,15.56,70,Low Floor
flat,signature global orchard avenue,sector 93,0.51,604,2,2,2,0,0,11,New Property,unfurnished,Low,1,8.44,10.2,High Floor
flat,capital residences 360,sector 70a,1.41,1312,2,2,3+,0,0,8,New Property,unfurnished,Medium,1,10.75,28.2,Mid Floor
flat,aipl zen residences,sector 70a,1.72,1180,2,2,3+,0,0,17,New Property,semifurnished,Medium,1,14.58,34.4,High Floor
flat,eldeco accolade,sohna road,1.22,1050,2,2,3+,1,0,8,Under Construction,unfurnished,Medium,1,11.62,24.4,Mid Floor
house,vipul tatvam villa,sector 48,25.11,8775,5,6,3,1,1,2,Moderately Old,semifurnished,Medium,1,28.62,502.2,Low Floor
flat,experion windchants,sector 112,7.22,3662.34,4,6,3+,0,1,15,Moderately Old,semifurnished,High,1,19.71,144.4,High Floor
flat,tarc maceo,sector 91,1.23,1271,2,2,3+,0,0,8,Moderately Old,unfurnished,Medium,1,9.68,24.6,Mid Floor
flat,dlf the ultima,sector 81,3.01,1760,3,4,3+,0,1,14,Relatively New,furnished,High,1,17.1,60.2,High Floor
flat,bhawna cghs,sector 43,4.18,3115,4,4,3+,0,0,12,Moderately Old,semifurnished,Medium,1,13.42,83.6,High Floor
flat,emaar mgf palm hills,sector 77,1.61,1310,3,4,3,1,1,3,Relatively New,unfurnished,Low,1,12.29,32.2,Mid Floor
flat,smart world orchard,sector 61,1.89,1333,2,2,2,1,0,2,Under Construction,unfurnished,Medium,1,14.18,37.8,Low Floor
house,independent,sector 36,0.97,1081,3,1,0,0,0,1,Undefined,unfurnished,Low,1,8.97,19.4,Low Floor
house,independent,sector 28,13.52,3240,5,6,3+,1,1,3,New Property,semifurnished,High,1,41.73,270.4,Mid Floor
flat,bestech park view residency,sector 2,1.27,1416,2,2,3,1,0,14,Moderately Old,unfurnished,Medium,1,8.97,25.4,High Floor
flat,tulip violet,sector 69,2.14,1482,3,3,2,0,0,0,Relatively New,unfurnished,High,1,14.44,42.8,Low Floor
flat,smriti apartment,sector 56,0.67,475,1,1,1,0,0,1,Old Property,unfurnished,Low,1,14.11,13.4,Low Floor
flat,eldeco accolade,sohna road,0.86,978,2,2,3,0,0,12,Relatively New,unfurnished,Low,1,8.79,17.2,High Floor
house,independent,sector 12,0.9,1700,4,4,1,0,0,2,Moderately Old,unfurnished,Low,1,5.29,18,Low Floor
house,ansals palam vihar,sector 2,11.59,4680,5,5,2,1,1,2,Old Property,furnished,Medium,1,24.76,231.8,Low Floor
flat,ss the leaf,sector 85,1.55,1380,2,2,3+,0,0,2,Relatively New,unfurnished,High,1,11.23,31,Low Floor
flat,avl 36 gurgaon,sector 36,0.47,407,1,1,1,0,0,7,Relatively New,unfurnished,Medium,1,11.55,9.4,Mid Floor
house,independent,sector 5,4.5,2250,6,5,2,1,1,3,Old Property,furnished,High,1,20,90,Mid Floor
flat,bestech park view spa next,sector 67,3.03,1751,3,4,3+,0,1,14,Moderately Old,semifurnished,High,1,17.3,60.6,High Floor
flat,capital residences 360,sector 70a,1.95,1788,3,3,3,0,1,7,Relatively New,unfurnished,Low,1,10.91,39,Mid Floor
flat,vatika gurgaon,sector 83,1.09,1100,2,2,2,0,0,18,Moderately Old,semifurnished,Medium,1,9.91,21.8,High Floor
flat,godrej air,sector 85,1.36,97,2,2,1,0,0,15,Under Construction,unfurnished,Low,1,140.21,27.2,High Floor
flat,spaze privy,sector 72,2.45,1787,3,3,3,0,1,10,Moderately Old,semifurnished,Low,1,13.71,49,Mid Floor
house,nul,sector 25,8.05,1800,5,5,3,0,1,2,Moderately Old,semifurnished,Medium,1,44.72,161,Low Floor
flat,m3m soulitude,sector 89,1.7,867,3,3,3,0,0,1,Under Construction,unfurnished,Low,1,19.61,34,Low Floor
flat,paras dews,sector 106,1.13,940,2,2,3+,0,0,1,Relatively New,unfurnished,Low,1,12.02,22.6,Low Floor
flat,bptp park generations,sector 37d,1.93,1376,3,2,3+,0,0,17,Relatively New,unfurnished,Low,1,14.03,38.6,High Floor
flat,ats kocoon,sector 109,2.26,1550,3,3,3,0,0,10,Relatively New,semifurnished,Low,1,14.58,45.2,Mid Floor
flat,imperia the esfera,sector 37,1.16,1435,3,3,3,0,0,9,Undefined,unfurnished,Medium,1,8.08,23.2,Mid Floor
flat,m3m merlin,sector 67,3.86,2047,3,3,3+,0,0,4,Relatively New,semifurnished,High,1,18.86,77.2,Mid Floor
flat,gls arawali homes,sohna road,0.36,588,2,2,2,0,0,12,New Property,unfurnished,Low,1,6.12,7.2,High Floor
flat,signature global park,sohna road,0.72,913,2,2,3,0,0,3,New Property,unfurnished,Medium,1,7.89,14.4,Mid Floor
house,independent,sector 12,4.78,1872,3,3,1,0,0,4,Moderately Old,unfurnished,Low,1,25.53,95.6,Mid Floor
flat,la vida by tata housing,sector 113,3.67,2006,3,3,3+,0,1,10,New Property,unfurnished,Medium,1,18.3,73.4,Mid Floor
flat,corona optus,sector 37,1.61,1563,3,3,3,1,0,2,Relatively New,unfurnished,Low,1,10.3,32.2,Low Floor
flat,ats triumph,sector 104,2.58,2072,3,4,3+,0,1,4,Relatively New,unfurnished,Medium,1,12.45,51.6,Mid Floor
flat,signature global solera,sector 107,0.46,608,2,2,2,0,0,8,Relatively New,unfurnished,Low,1,7.57,9.2,Mid Floor
flat,ats kocoon,sector 109,2.77,1896,3,4,3,0,1,9,Relatively New,unfurnished,Medium,1,14.61,55.4,Mid Floor
flat,emaar mgf palm hills,sector 77,2.11,1765,4,3,3,0,1,9,Relatively New,unfurnished,Medium,1,11.95,42.2,Mid Floor
house,independent,sector 4,1.09,1130,3,3,0,0,0,1,Undefined,unfurnished,Low,1,9.65,21.8,Low Floor
flat,malibu towne,sector 47,3.09,2667,3,3,0,0,0,0,Moderately Old,semifurnished,Low,1,11.59,61.8,Low Floor
house,independent,sector 13,5.79,4950,4,5,2,0,0,2,Old Property,unfurnished,Low,1,11.7,115.8,Low Floor
flat,sidhartha ncr one phase,sector 95,0.56,1300,2,2,2,0,0,6,Relatively New,unfurnished,Medium,1,4.31,11.2,Mid Floor
flat,emaar gurgaon greens,sector 102,1.78,1315,3,3,3,0,1,6,Relatively New,semifurnished,Medium,1,13.54,35.6,Mid Floor
house,dlf city plots phase 2,sector 25,19.96,4518,5,6,3+,1,1,3,Moderately Old,unfurnished,Medium,1,44.18,399.2,Mid Floor
flat,chd avenue,sector 71,1.74,2127,4,4,3,0,1,8,Moderately Old,unfurnished,Low,1,8.18,34.8,Mid Floor
flat,emaar mgf emerald floors premier,sector 65,3.86,1975,4,4,3+,0,1,2,Relatively New,unfurnished,Medium,1,19.54,77.2,Low Floor
flat,breez global hill view,sohna road,0.41,616,2,2,2,0,0,19,Relatively New,semifurnished,Low,1,6.66,8.2,High Floor
flat,m3m woodshire,sector 107,0.97,1201,2,2,3+,0,0,14,Relatively New,unfurnished,High,1,8.08,19.4,High Floor
flat,signature global solera,sector 107,0.47,496,2,2,1,0,0,9,Relatively New,unfurnished,Low,1,9.48,9.4,Mid Floor
flat,m3m soulitude,sector 89,1.29,1226,2,2,2,1,0,2,New Property,unfurnished,Low,1,10.52,25.8,Low Floor
flat,breez global hill view,sohna road,0.46,658,2,2,2,0,0,18,New Property,unfurnished,Low,1,6.99,9.2,High Floor
flat,vipul world floors,sector 48,5.54,3444,4,5,3+,1,1,4,New Property,unfurnished,Medium,1,16.09,110.8,Mid Floor
flat,ireo the corridors,sector 67a,2.19,1346,3,3,2,0,1,10,New Property,semifurnished,Low,1,16.27,43.8,Mid Floor
flat,tulip violet,sector 69,1.76,1392,3,3,1,0,0,12,Relatively New,unfurnished,Medium,1,12.64,35.2,High Floor
house,ansal sushant lok 2,sector 56,4.38,1530,6,6,3+,0,0,2,Moderately Old,semifurnished,Low,1,28.63,87.6,Low Floor
house,independent,sector 67,3.86,2800,4,4,0,0,0,3,Undefined,unfurnished,Low,1,13.79,77.2,Mid Floor
house,independent,sector 43,18.03,3510,9,9,3+,0,1,4,Moderately Old,unfurnished,Low,1,51.37,360.6,Mid Floor
flat,sobha city,sector 108,5.08,2343,3,5,2,0,1,15,New Property,unfurnished,Medium,1,21.68,101.6,High Floor
house,dlf the grove,sector 54,7.34,2430,4,4,0,0,0,1,Undefined,unfurnished,Low,1,30.21,146.8,Low Floor
flat,dlf new town heights,sector 90,2.12,2468,4,4,3+,0,0,7,Moderately Old,unfurnished,Medium,1,8.59,42.4,Mid Floor
flat,ansals duplex flat,sector 2,1.22,1444,2,3,2,1,0,1,Old Property,semifurnished,Low,1,8.45,24.4,Low Floor
flat,dlf new town heights,sector 90,1.61,1929,3,3,3+,0,1,6,Relatively New,unfurnished,Medium,1,8.35,32.2,Mid Floor
flat,indiabulls enigma,sector 110,4.88,3466,5,5,3,0,1,4,Relatively New,unfurnished,Medium,1,14.08,97.6,Mid Floor
house,my home,sector 110,0.43,270,2,2,2,0,0,3,Moderately Old,unfurnished,Low,1,15.93,8.6,Mid Floor
house,independent,sector 24,4.5,1080,2,4,3,0,0,3,Old Property,unfurnished,Low,1,41.67,90,Mid Floor
flat,shapoorji pallonji joyville gurugram,sector 102,2.26,1465,3,3,3,1,1,10,Relatively New,unfurnished,Low,1,15.43,45.2,Mid Floor
house,bptp pedestal,sector 70a,1.16,1319,2,2,3+,0,1,3,New Property,unfurnished,High,1,8.79,23.2,Mid Floor
flat,smart world orchard,sector 61,2.04,1278,2,2,2,1,0,3,New Property,unfurnished,Low,1,15.96,40.8,Mid Floor
flat,gls avenue 51,sector 92,0.64,579,3,3,1,0,0,0,Relatively New,unfurnished,Low,1,11.05,12.8,Low Floor
house,independent,sector 48,7.09,2340,4,4,2,0,1,2,Relatively New,semifurnished,Low,1,30.3,141.8,Low Floor
flat,lotus homz,sector 111,0.47,450,1,1,1,0,0,10,Relatively New,unfurnished,Low,1,10.44,9.4,Mid Floor
flat,tulip violet,sector 69,2.58,1889,4,4,2,0,0,0,Relatively New,unfurnished,High,1,13.66,51.6,Low Floor
house,ireo victory valley,sector 67,10.31,3600,6,7,3+,1,1,3,Moderately Old,semifurnished,High,1,28.64,206.2,Mid Floor
flat,malibu towers,sector 47,3.16,2544,3,4,2,1,0,1,Old Property,semifurnished,Low,1,12.42,63.2,Low Floor
flat,tulip violet,sector 69,2.64,1889,4,4,2,0,0,0,Relatively New,unfurnished,High,1,13.98,52.8,Low Floor
flat,ats triumph,sector 104,5.73,7222,4,5,3+,0,0,27,Relatively New,unfurnished,Medium,1,7.93,114.6,High Floor
flat,shapoorji pallonji joyville gurugram,sector 102,1.82,1368,2,2,3,0,0,14,Undefined,unfurnished,Low,1,13.3,36.4,High Floor
flat,la vida by tata housing,sector 113,3.09,1940,3,4,3+,0,1,5,Relatively New,unfurnished,Low,1,15.93,61.8,Mid Floor
house,independent,sector 21,0.78,972,3,3,2,0,0,3,Old Property,unfurnished,Low,1,8.02,15.6,Mid Floor
house,independent,sector 26,21.9,4518,5,5,3+,1,1,2,Relatively New,semifurnished,Medium,1,48.47,438,Low Floor
flat,sobha city,sector 108,3.21,1480,3,3,2,0,0,19,New Property,unfurnished,High,1,21.69,64.2,High Floor
flat,ardee city,sector 52,1.93,1484,4,4,3,0,0,3,Old Property,unfurnished,Medium,1,13.01,38.6,Mid Floor
flat,umang monsoon breeze,sector 78,1.48,1969,3,3,3,0,1,9,Moderately Old,unfurnished,Low,1,7.52,29.6,Mid Floor
flat,signature global solera,sector 107,0.36,543,2,2,2,0,0,0,Relatively New,unfurnished,Low,1,6.63,7.2,Low Floor
flat,signature global park 4,sector 36,1.09,833,3,2,3,0,0,1,New Property,unfurnished,Low,1,13.09,21.8,Low Floor
flat,dlf the ultima,sector 81,4.45,2527,4,4,3+,0,1,25,Moderately Old,unfurnished,Medium,1,17.61,89,High Floor
flat,tata primanti,sector 72,5.47,2941,4,4,3+,0,1,0,Relatively New,semifurnished,High,1,18.6,109.4,Low Floor
flat,smart world gems,sector 89,1.55,1423,3,3,2,0,0,2,Undefined,unfurnished,Low,1,10.89,31,Low Floor
flat,signature global grand iva,sector 103,0.64,698,2,2,2,0,0,10,Relatively New,unfurnished,Low,1,9.17,12.8,Mid Floor
flat,godrej oasis,sector 88a,1.87,133,2,2,3+,1,0,9,Relatively New,furnished,Medium,1,140.6,37.4,Mid Floor
flat,emaar mgf the palm drive,sector 66,3.6,1950,3,3,2,1,1,12,New Property,furnished,Medium,1,18.46,72,High Floor
house,independent,sector 23,3.6,1557,5,5,3+,0,0,2,Old Property,semifurnished,Medium,1,23.12,72,Low Floor
house,international city by sobha phase 1,sector 109,8.7,6228,4,4,3+,0,1,2,New Property,unfurnished,Medium,1,13.97,174,Low Floor
house,independent,sector 7,1.48,1350,5,3,2,0,0,2,Old Property,unfurnished,Low,1,10.96,29.6,Low Floor
flat,signature global rosellia,sector 95,0.58,571,2,2,2,0,0,14,New Property,unfurnished,Low,1,10.16,11.6,High Floor
flat,dlf new town heights,sector 91,2.26,2139,4,4,3+,0,1,9,Relatively New,unfurnished,Medium,1,10.57,45.2,Mid Floor
flat,vatika gurgaon,sector 83,1.41,1600,3,3,3+,0,0,5,Relatively New,semifurnished,Medium,1,8.81,28.2,Mid Floor
flat,pareena mi casa,sector 68,2.19,1809,4,4,3,0,0,2,New Property,unfurnished,Low,1,12.11,43.8,Low Floor
flat,raheja the vedaanta floors,sector 108,0.9,1720,2,2,3,0,0,1,Moderately Old,semifurnished,Low,1,5.23,18,Low Floor
flat,bestech park view residency,sector 2,1.95,1738,3,4,3+,0,1,7,Moderately Old,semifurnished,Medium,1,11.22,39,Mid Floor
flat,pyramid urban homes 2,sector 86,0.57,668,2,2,2,0,0,6,Relatively New,semifurnished,Medium,1,8.53,11.4,Mid Floor
flat,adani m2k oyster grande,sector 102,3.03,2351,3,3,3,1,1,14,Relatively New,semifurnished,High,1,12.89,60.6,High Floor
flat,godrej summit,sector 104,2.26,2582,4,5,3+,0,1,1,New Property,unfurnished,Medium,1,8.75,45.2,Low Floor
flat,tulip violet,sector 69,2.26,1783,4,4,1,0,0,12,Relatively New,unfurnished,Medium,1,12.68,45.2,High Floor
flat,ansal heights,sector 92,0.78,1195,2,2,3,0,0,11,Under Construction,unfurnished,Low,1,6.53,15.6,High Floor
flat,guru gram haryana cghs,sector 56,1.78,1910,3,3,3,1,0,5,Moderately Old,semifurnished,Medium,1,9.32,35.6,Mid Floor
flat,shree vardhman flora,sector 90,1.16,1765,3,4,3,0,1,4,Relatively New,unfurnished,High,1,6.57,23.2,Mid Floor
house,independent,sector 26,5.73,1265,4,4,3,0,0,3,Old Property,unfurnished,Low,1,45.3,114.6,Mid Floor
house,independent,sector 31,4.18,1449,4,4,3+,1,1,3,Moderately Old,semifurnished,Low,1,28.85,83.6,Mid Floor
flat,supertech basera,sector 79,0.47,546,2,2,1,0,0,4,New Property,unfurnished,Medium,1,8.61,9.4,Mid Floor
flat,dlf the belaire,sector 54,9.02,2715,4,6,3+,0,1,12,Moderately Old,semifurnished,Medium,1,33.22,180.4,High Floor
flat,emaar palm gardens,sector 83,1.8,1582,3,3,3,0,1,11,Relatively New,furnished,Medium,1,11.38,36,High Floor
flat,the close north,sector 50,3.03,2000,3,3,3,0,0,8,Moderately Old,semifurnished,Medium,1,15.15,60.6,Mid Floor
flat,ss the leaf,sector 85,2.77,2366,4,5,3+,0,1,6,Relatively New,unfurnished,High,1,11.71,55.4,Mid Floor
flat,sobha city,sector 108,3.8,2003,3,4,2,0,0,12,Relatively New,unfurnished,Low,1,18.97,76,High Floor
flat,godrej habitat,sector 3,1.41,956,2,2,2,0,0,14,Under Construction,unfurnished,Medium,1,14.75,28.2,High Floor
house,independent,sector 47,5.54,1467,3,4,2,0,0,2,Moderately Old,unfurnished,Low,1,37.76,110.8,Low Floor
flat,umang monsoon breeze,sector 78,1.61,2300,4,4,3,0,1,2,Relatively New,unfurnished,Medium,1,7,32.2,Low Floor
flat,raheja revanta,sector 78,1.55,823,1,2,2,0,0,32,Under Construction,unfurnished,Low,1,18.83,31,High Floor
house,independent,sector 105,12.76,2000,2,2,2,0,0,3,Undefined,unfurnished,Low,1,63.8,255.2,Mid Floor
flat,la vida by tata housing,sector 113,4.32,2200,3,4,3+,1,1,12,New Property,unfurnished,High,1,19.64,86.4,High Floor
flat,bptp astaire gardens,sector 70a,2.31,1925,3,3,3,1,0,3,Relatively New,unfurnished,Medium,1,12,46.2,Mid Floor
house,nirvana cedar crest,sector 50,9.14,2160,5,4,3,1,0,2,Moderately Old,semifurnished,Medium,1,42.31,182.8,Low Floor
flat,supertech araville,sector 79,0.91,1295,2,2,0,0,0,9,Under Construction,unfurnished,Low,1,7.03,18.2,Mid Floor
flat,ss almeria,sector 84,1.9,1624,3,3,2,0,1,1,New Property,semifurnished,Medium,1,11.7,38,Low Floor
flat,krrish florence estate,sector 70,1.61,1688,3,3,3,0,0,18,Under Construction,unfurnished,Medium,1,9.54,32.2,High Floor
flat,ireo victory valley,sector 67,3.69,2095,3,3,3+,0,1,16,Relatively New,semifurnished,High,1,17.61,73.8,High Floor
flat,smart world orchard,sector 61,2.84,1811,3,3,2,0,0,3,Under Construction,unfurnished,Low,1,15.68,56.8,Mid Floor
flat,ats kocoon,sector 109,2.12,1650,3,3,3,0,0,19,Relatively New,semifurnished,High,1,12.85,42.4,High Floor
flat,emaar palm gardens,sector 83,1.8,1387,3,3,3,1,1,2,Relatively New,semifurnished,High,1,12.98,36,Low Floor
flat,umang winter hills,sector 77,1.8,1735,3,3,3,0,0,10,Undefined,unfurnished,Low,1,10.37,36,Mid Floor
house,ansal sushant lok plots,sector 43,7.47,1935,6,6,3,0,1,2,Relatively New,semifurnished,Low,1,38.6,149.4,Low Floor
flat,tata gurgaon gateway,sector 113,4.14,2281,3,3,3,0,0,9,New Property,unfurnished,Low,1,18.15,82.8,Mid Floor
house,independent,sector 3,1.16,3500,3,4,3,0,0,3,Moderately Old,semifurnished,Low,1,3.31,23.2,Mid Floor
house,tata primanti,sector 72,10.94,6300,5,6,3+,1,1,10,Relatively New,semifurnished,Medium,1,17.37,218.8,Mid Floor
flat,sapphire eighty three,sector 83,0.51,520,1,1,1,0,0,6,Relatively New,furnished,Medium,1,9.81,10.2,Mid Floor
flat,ireo victory valley,sector 67,3.8,2150,3,3,3,0,1,10,Relatively New,semifurnished,High,1,17.67,76,Mid Floor
flat,siddhartha apartment,sector 95,1.41,2824,4,3,3,0,1,9,Relatively New,unfurnished,Low,1,4.99,28.2,Mid Floor
flat,ild greens,sector 37,1.29,1629,3,3,3,0,0,3,Under Construction,unfurnished,Medium,1,7.92,25.8,Mid Floor
flat,vatika the seven lamps,sector 82,1.29,1299,2,2,2,1,0,11,Relatively New,semifurnished,Medium,1,9.93,25.8,High Floor
flat,green campus chs,manesar,1.19,1924,3,3,3+,0,1,8,Moderately Old,unfurnished,Low,1,6.19,23.8,Mid Floor
flat,ramsons kshitij,sector 95,0.58,887,2,2,1,1,0,2,Relatively New,unfurnished,Medium,1,6.54,11.6,Low Floor
flat,shree vardhman flora,sector 90,1.61,2330,4,5,2,1,1,8,Relatively New,unfurnished,High,1,6.91,32.2,Mid Floor
flat,emaar mgf emerald floors premier,sector 65,3.03,1493,3,3,3,1,1,2,Relatively New,semifurnished,High,1,20.29,60.6,Low Floor
flat,tulip violet,sector 69,1.8,1392,3,3,1,0,0,12,Relatively New,semifurnished,High,1,12.93,36,High Floor
flat,sidhartha ncr one,sector 95,0.71,990,2,2,3,0,0,15,Undefined,unfurnished,Low,1,7.17,14.2,High Floor
house,independent,sector 105,0.96,1000,3,3,0,0,0,2,Undefined,unfurnished,Low,1,9.6,19.2,Low Floor
flat,dlf the crest,sector 54,14.17,2826,4,6,3,0,1,7,Relatively New,furnished,Medium,1,50.14,283.4,Mid Floor
house,independent,sector 39,2.31,800,1,1,2,0,0,3,Relatively New,unfurnished,Low,1,28.88,46.2,Mid Floor
flat,sare crescent parc,sector 92,1.29,2167,4,3,2,0,0,1,Relatively New,unfurnished,Low,1,5.95,25.8,Low Floor
flat,shree vardhman flora,sector 90,0.83,1176,2,2,2,1,0,12,Old Property,unfurnished,Medium,1,7.06,16.6,High Floor
flat,godrej,sector 79,1.68,1423,2,2,3,1,0,3,New Property,unfurnished,Low,1,11.81,33.6,Mid Floor
flat,indiabulls enigma,sector 110,4.49,3077,4,5,3,0,1,7,Relatively New,unfurnished,High,1,14.59,89.8,Mid Floor
house,uppal southend,sector 49,8.7,2088,4,4,3,0,1,3,Relatively New,semifurnished,Low,1,41.67,174,Mid Floor
flat,shapoorji pallonji joyville gurugram,sector 102,1.36,1017,2,2,2,0,0,0,Under Construction,unfurnished,Low,1,13.37,27.2,Low Floor
flat,dlf regency park,sector 28,2.91,1700,3,3,2,0,1,19,Old Property,unfurnished,High,1,17.12,58.2,High Floor
flat,sobha smriti apartments,sector 56,0.64,667,1,1,2,0,0,3,Undefined,unfurnished,Low,1,9.6,12.8,Mid Floor
flat,smart world orchard,sector 61,3.27,1639,3,3,3,0,0,2,Under Construction,unfurnished,Low,1,19.95,65.4,Low Floor
flat,godrej,sector 79,2.58,1963,3,4,3+,0,1,9,Relatively New,unfurnished,Medium,1,13.14,51.6,Mid Floor
flat,shree vardhman flora,sector 90,1.22,1667,3,3,3,0,1,9,Relatively New,unfurnished,Medium,1,7.32,24.4,Mid Floor
flat,godrej,sector 79,1.45,1325,2,2,3,1,0,6,Relatively New,unfurnished,Low,1,10.94,29,Mid Floor
flat,bestech park view residency,sector 2,1.3,1281,2,2,3,0,0,0,Moderately Old,unfurnished,Medium,1,10.15,26,Low Floor
flat,puri emerald bay,sector 104,2.96,2217,3,4,3+,0,1,10,Moderately Old,unfurnished,Medium,1,13.35,59.2,Mid Floor
flat,ss hibiscus,sector 50,7.73,3982,4,3,3,0,1,5,Moderately Old,unfurnished,Low,1,19.41,154.6,Mid Floor
house,emaar mgf marbella,sector 66,15.46,3240,5,5,3+,0,1,3,New Property,semifurnished,Medium,1,47.72,309.2,Mid Floor
flat,sare crescent parc,sector 92,1.19,1895,4,5,3+,0,0,14,Moderately Old,semifurnished,Medium,1,6.28,23.8,High Floor
flat,m3m capital,sector 113,4.18,2553,4,4,3+,1,1,34,Under Construction,unfurnished,Medium,1,16.37,83.6,High Floor
flat,dlf regal gardens,sector 90,2.27,2020,4,4,3+,0,0,8,Relatively New,semifurnished,Medium,1,11.24,45.4,Mid Floor
flat,tulip violet,sector 69,2.26,1819,4,4,2,0,0,10,Relatively New,semifurnished,Medium,1,12.42,45.2,Mid Floor
house,independent,sector 43,6.76,1935,4,4,2,1,1,2,Old Property,semifurnished,Medium,1,34.94,135.2,Low Floor
house,independent,sector 43,3.21,963,7,7,3,0,0,4,Relatively New,furnished,Low,1,33.33,64.2,Mid Floor
flat,zara aavaas,sector 104,0.51,515,2,2,1,0,0,14,Relatively New,unfurnished,Low,1,9.9,10.2,High Floor
flat,shree vardhman flora,sector 90,1.16,1765,3,4,3,0,1,4,Relatively New,unfurnished,High,1,6.57,23.2,Mid Floor
flat,shapoorji pallonji joyville gurugram,sector 102,1.22,915,2,2,2,0,0,14,Undefined,unfurnished,Low,1,13.33,24.4,High Floor
flat,bptp astaire gardens,sector 70a,2.19,2111,4,3,3,0,0,1,Relatively New,semifurnished,Low,1,10.37,43.8,Low Floor
house,independent,sector 4,0.6,50,2,2,1,1,0,2,New Property,semifurnished,Medium,1,120,12,Low Floor
flat,paras dews,sector 106,1.22,940,2,2,3+,0,0,2,Relatively New,unfurnished,Low,1,12.98,24.4,Low Floor
flat,tulip violet,sector 69,1.77,1392,3,3,1,0,0,12,Relatively New,unfurnished,Medium,1,12.72,35.4,High Floor
flat,breez global hill view,sohna road,0.46,616,2,2,2,0,0,14,New Property,unfurnished,Medium,1,7.47,9.2,High Floor
flat,dlf the primus,sector 82a,2.31,1545,3,3,3+,0,1,10,Relatively New,furnished,High,1,14.95,46.2,Mid Floor
house,sneh vihar,sohna road,1.74,1350,5,5,3+,0,0,4,Relatively New,unfurnished,Low,1,12.89,34.8,Mid Floor
flat,the close north,sector 50,3.24,2093,3,3,3,0,0,11,Moderately Old,semifurnished,Medium,1,15.48,64.8,High Floor
flat,vidya apartment,sector 5,0.28,570,2,2,1,0,0,1,Relatively New,furnished,Low,1,4.91,5.6,Low Floor
flat,m3m skywalk,sector 74,3.16,1800,3,3,3+,1,0,25,Relatively New,unfurnished,Medium,1,17.56,63.2,High Floor
flat,tulip violet,sector 69,1.55,1100,2,3,0,0,0,0,Undefined,unfurnished,Medium,1,14.09,31,Low Floor
flat,ansal heights 86,sector 86,1.61,1529,3,2,1,0,0,2,New Property,unfurnished,Medium,1,10.53,32.2,Low Floor
house,independent,sector 46,2.84,909,3,3,2,0,0,3,Old Property,semifurnished,Medium,1,31.24,56.8,Mid Floor
flat,dlf regency park,sector 28,2.46,1278,2,2,2,0,0,11,New Property,furnished,Medium,1,19.25,49.2,High Floor
flat,eldeco accolade,sohna road,1.22,1129,2,2,3+,1,0,6,New Property,semifurnished,Medium,1,10.81,24.4,Mid Floor
flat,smart world gems,sector 89,1.13,1103,2,2,0,0,0,2,Undefined,unfurnished,Low,1,10.24,22.6,Low Floor
house,vipul tatvam villa,sector 48,9.91,3195,4,5,3,1,1,2,Moderately Old,semifurnished,Medium,1,31.02,198.2,Low Floor
flat,umang monsoon breeze,sector 78,1.41,2176,3,3,3+,0,1,9,Old Property,unfurnished,Medium,1,6.48,28.2,Mid Floor
house,independent,sector 13,1.16,785,2,4,3,1,1,3,Moderately Old,unfurnished,Low,1,14.78,23.2,Mid Floor
flat,tulip violet,sector 69,1.7,1419,3,3,1,0,0,12,Relatively New,semifurnished,Medium,1,11.98,34,High Floor
flat,shree vardhman victoria,sector 70,2.45,1765,3,3,3,0,1,10,New Property,unfurnished,Low,1,13.88,49,Mid Floor
flat,conscient elevate,sector 59,5.47,2077,3,4,3,0,0,3,Under Construction,unfurnished,Low,1,26.34,109.4,Mid Floor
house,independent,sector 26,5.79,1350,5,5,3+,0,0,2,Old Property,unfurnished,Low,1,42.89,115.8,Low Floor
flat,central park flower valley,sohna road,1.55,1780,3,3,0,0,0,11,Undefined,unfurnished,Medium,1,8.71,31,High Floor
flat,dlf the ultima,sector 81,2.84,1900,3,4,3+,0,1,7,Relatively New,furnished,Medium,1,14.95,56.8,Mid Floor
house,eros rosewood city,sector 49,5.22,2000,3,3,3,0,1,2,Moderately Old,unfurnished,Low,1,26.1,104.4,Low Floor
house,independent,sector 55,3.99,1548,5,4,3+,0,1,2,Moderately Old,semifurnished,Medium,1,25.78,79.8,Low Floor
flat,m3m skywalk,sector 74,2,1300,2,2,3+,0,0,18,Relatively New,unfurnished,Medium,1,15.38,40,High Floor
flat,nbcc heights,sector 89,1.93,1923,3,3,3,1,1,8,Relatively New,unfurnished,Medium,1,10.04,38.6,Mid Floor
house,not applicable,sector 4,0.83,500,2,1,1,0,0,3,Moderately Old,unfurnished,Low,1,16.6,16.6,Mid Floor
flat,godrej oasis,sector 88a,1.93,1674,3,3,3+,0,0,11,New Property,unfurnished,Low,1,11.53,38.6,High Floor
flat,unitech the residences,sector 33,1.41,1100,2,2,3,0,0,9,Moderately Old,semifurnished,Low,1,12.82,28.2,Mid Floor
house,international city by sobha phase 1,sector 109,7.54,2214,4,5,3+,0,1,2,Relatively New,semifurnished,Medium,1,34.06,150.8,Low Floor
flat,mapsko casa bella,sector 82,2.26,2535,4,5,3+,0,0,1,Undefined,unfurnished,Medium,1,8.92,45.2,Low Floor
house,independent,sector 28,1.79,1450,2,2,1,0,0,3,Old Property,unfurnished,Low,1,12.34,35.8,Mid Floor
flat,sahara grace,sector 28,7.09,3406,4,5,3+,0,1,5,Moderately Old,semifurnished,Low,1,20.82,141.8,Mid Floor
flat,emaar mgf the palm drive,sector 66,4.13,1800,3,3,3,1,1,12,Relatively New,semifurnished,Medium,1,22.94,82.6,High Floor
flat,tulip orange,sector 70,1.29,1078,3,2,2,0,0,3,Moderately Old,unfurnished,Medium,1,11.97,25.8,Mid Floor
house,independent,sector 47,6.63,1935,3,9,3+,0,0,3,Relatively New,semifurnished,Medium,1,34.26,132.6,Mid Floor
flat,bestech park view ananda,sector 81,1.13,1223,2,2,3,1,0,8,Relatively New,semifurnished,Medium,1,9.24,22.6,Mid Floor
flat,sobha city,sector 108,3.74,2003,3,4,2,0,0,11,Relatively New,unfurnished,Medium,1,18.67,74.8,High Floor
flat,sare green parc 2,sector 92,0.97,1415,3,3,3,0,0,2,Relatively New,semifurnished,Low,1,6.86,19.4,Low Floor
house,independent,sector 56,9.34,2471,8,8,3+,0,0,0,Moderately Old,semifurnished,Low,1,37.8,186.8,Low Floor
house,independent,sector 13,0.58,936,1,1,0,0,0,1,Undefined,unfurnished,Low,1,6.2,11.6,Low Floor
flat,godrej icon,sector 88a,2.09,1463,3,2,3+,1,0,10,Relatively New,furnished,Low,1,14.29,41.8,Mid Floor
house,unitech espace,sector 50,14.82,3240,5,6,0,0,0,1,Undefined,unfurnished,Low,1,45.74,296.4,Low Floor
house,independent,sector 57,4.64,1728,4,4,2,1,1,2,Old Property,unfurnished,Medium,1,26.85,92.8,Low Floor
house,independent,sector 46,4.64,1449,5,5,3+,0,1,3,Moderately Old,semifurnished,Medium,1,32.02,92.8,Mid Floor
flat,m3m heights,sector 65,2.59,1482,2,2,3,1,0,8,New Property,unfurnished,Low,1,17.48,51.8,Mid Floor
flat,gls avenue 51,sector 92,0.27,336,1,1,1,0,0,0,Relatively New,unfurnished,Medium,1,8.04,5.4,Low Floor
flat,ireo skyon,sector 60,2.64,1520,2,3,2,0,0,2,Relatively New,semifurnished,High,1,17.37,52.8,Low Floor
flat,smriti apartment,sector 56,0.58,543,1,1,2,0,0,3,Old Property,unfurnished,Medium,1,10.68,11.6,Mid Floor
flat,ramprastha the edge towers,sector 37d,0.97,1410,2,2,3,0,0,19,Moderately Old,unfurnished,Medium,1,6.88,19.4,High Floor
flat,m3m golfestate,sector 65,7.92,3027,3,3,3,1,1,23,Moderately Old,semifurnished,Medium,1,26.16,158.4,High Floor
flat,smart world gems,sector 89,1.49,1581,3,3,2,1,0,3,Under Construction,unfurnished,Medium,1,9.42,29.8,Mid Floor
flat,godrej,sector 79,2.61,2031,3,4,3+,0,1,7,Relatively New,unfurnished,Medium,1,12.85,52.2,Mid Floor
flat,corona optus,sector 37,1.85,1845,3,3,3+,1,1,2,Relatively New,unfurnished,Low,1,10.03,37,Low Floor
flat,shree vardhman flora,sector 90,1.19,1493,3,4,3,0,1,4,Relatively New,unfurnished,Medium,1,7.97,23.8,Mid Floor
flat,orchid petals,sector 49,5.83,3724,5,5,3+,1,1,14,Moderately Old,unfurnished,Low,1,15.66,116.6,High Floor
flat,dlf the icon,sector 43,6.76,2570,4,4,3,0,1,9,Old Property,unfurnished,Medium,1,26.3,135.2,Mid Floor
flat,mapsko mount ville,sector 79,1.68,1176,3,3,3,0,0,19,Relatively New,semifurnished,Medium,1,14.29,33.6,High Floor
flat,signature global city 63a,sector 63a,1.8,1372,2,2,2,0,0,3,Under Construction,unfurnished,Low,1,13.12,36,Mid Floor
house,independent,sector 6,1.61,120,2,5,1,0,0,2,New Property,unfurnished,Low,1,134.17,32.2,Low Floor
flat,sobha city,sector 108,4.18,2072,3,3,3,0,0,12,Relatively New,unfurnished,Medium,1,20.17,83.6,High Floor
flat,signature global city 92,sector 92,1.28,1091,3,2,3,0,0,1,Under Construction,unfurnished,Low,1,11.73,25.6,Low Floor
flat,godrej aria,sector 79,1.68,1223,2,4,2,0,0,3,Relatively New,unfurnished,Medium,1,13.74,33.6,Mid Floor
house,independent,sector 46,7.09,2385,8,8,3+,1,0,3,Moderately Old,semifurnished,Low,1,29.73,141.8,Mid Floor
house,independent,sector 17,9.28,4494,4,4,2,0,1,1,Old Property,unfurnished,Low,1,20.65,185.6,Low Floor
flat,dlf regal gardens,sector 90,2.12,2214,4,4,3+,0,0,15,Relatively New,unfurnished,High,1,9.58,42.4,High Floor
flat,piedmont taksila heights,sector 37,1.16,1537,3,3,3,0,0,9,Moderately Old,semifurnished,Medium,1,7.55,23.2,Mid Floor
flat,sobha city,sector 108,2.45,1250,2,2,2,0,0,8,Relatively New,unfurnished,Medium,1,19.6,49,Mid Floor
house,independent,sector 23,7.09,4200,9,9,3+,0,1,3,Moderately Old,semifurnished,Low,1,16.88,141.8,Mid Floor
flat,dlf regal gardens,sector 90,1.61,1640,3,3,3,0,0,8,Relatively New,unfurnished,High,1,9.82,32.2,Mid Floor
house,independent,sector 6,0.97,713,2,4,1,0,0,3,Moderately Old,unfurnished,Medium,1,13.6,19.4,Mid Floor
flat,ambience creacions,sector 22,4.13,2517,3,4,3+,0,0,2,New Property,unfurnished,Low,1,16.41,82.6,Low Floor
flat,m3m woodshire,sector 107,2.31,1837,3,4,3+,0,1,2,Relatively New,unfurnished,Medium,1,12.57,46.2,Low Floor
flat,ireo the corridors,sector 67a,2.31,1551,3,3,2,1,0,3,New Property,semifurnished,High,1,14.89,46.2,Mid Floor
house,independent,sector 82,9.02,3240,4,4,3+,1,1,1,Relatively New,semifurnished,Low,1,27.84,180.4,Low Floor
flat,signature global solera 2,sector 107,0.64,622,2,2,2,0,0,13,New Property,unfurnished,Low,1,10.29,12.8,High Floor
flat,dlf the primus,sector 82a,4.5,2896,5,5,3+,1,0,14,Relatively New,furnished,Low,1,15.54,90,High Floor
house,ansals palam vihar,sector 2,6.44,4000,6,4,0,0,0,3,Undefined,unfurnished,Low,1,16.1,128.8,Mid Floor
flat,tulip white,sector 69,1.17,1473,3,2,2,0,0,12,Moderately Old,unfurnished,Low,1,7.94,23.4,High Floor
house,ansals palam vihar,sector 2,5.15,2400,4,4,3+,0,1,2,Moderately Old,unfurnished,Low,1,21.46,103,Low Floor
flat,emaar mgf the palm drive,sector 66,3.67,1950,3,3,3,1,0,11,Relatively New,semifurnished,Medium,1,18.82,73.4,High Floor
flat,signature global synera,sector 81,0.64,704,2,2,1,0,0,11,New Property,furnished,Medium,1,9.09,12.8,High Floor
flat,emaar palm heights,sector 77,2.7,1833,3,3,3,1,1,17,New Property,unfurnished,Low,1,14.73,54,High Floor
house,independent,sector 7,2.58,1800,2,2,1,0,0,2,Relatively New,unfurnished,Low,1,14.33,51.6,Low Floor
flat,m3m golfestate,sector 65,7.92,4271,3,5,3+,0,1,1,Relatively New,furnished,Low,1,18.54,158.4,Low Floor
flat,antriksh heights,sector 84,1.19,1652,3,3,3,1,0,2,Relatively New,unfurnished,Medium,1,7.2,23.8,Low Floor
house,independent,sector 28,1.87,1800,3,2,1,0,0,1,Relatively New,unfurnished,Low,1,10.39,37.4,Low Floor
flat,bestech park view residency,sector 2,2,1738,3,4,3+,0,1,10,Moderately Old,unfurnished,Medium,1,11.51,40,Mid Floor
flat,indiabulls centrum park,sector 103,3.04,2729,4,6,3+,0,1,8,Relatively New,semifurnished,High,1,11.14,60.8,Mid Floor
flat,hero homes,sector 104,1.55,877,2,2,2,0,0,22,Under Construction,unfurnished,Low,1,17.67,31,High Floor
flat,sare crescent parc,sector 92,0.64,905,2,2,3,0,0,2,Moderately Old,unfurnished,Low,1,7.07,12.8,Low Floor
flat,indiabulls enigma,sector 110,4.18,3077,4,4,3,0,1,11,Relatively New,unfurnished,Medium,1,13.58,83.6,High Floor
flat,shapoorji pallonji joyville gurugram,sector 102,1.74,828,2,2,2,0,0,10,Under Construction,unfurnished,Low,1,21.01,34.8,Mid Floor
flat,emaar mgf emerald floors premier,sector 65,3.03,1650,3,3,2,1,1,4,Relatively New,unfurnished,High,1,18.36,60.6,Mid Floor
flat,apex our homes,sector 37,0.49,925,2,2,1,0,0,9,Relatively New,unfurnished,Medium,1,5.3,9.8,Mid Floor
flat,mariners home,sector 56,2.71,2250,3,2,3,0,0,4,Relatively New,semifurnished,Medium,1,12.04,54.2,Mid Floor
flat,m3m skywalk,sector 74,1.9,1300,2,2,3,0,0,13,Relatively New,unfurnished,High,1,14.62,38,High Floor
house,dlf city plots,sector 26,21.9,4518,5,6,3,0,1,2,Old Property,semifurnished,Medium,1,48.47,438,Low Floor
flat,signature global infinity mall,sector 36,0.52,654,2,2,3,0,0,3,Undefined,unfurnished,Low,1,7.95,10.4,Mid Floor
flat,ss the leaf,sector 85,2.64,2500,4,4,3+,0,1,4,Relatively New,semifurnished,Low,1,10.56,52.8,Mid Floor
flat,ats tourmaline,sector 109,3.8,2851,4,5,3+,0,1,10,Relatively New,unfurnished,Medium,1,13.33,76,Mid Floor
flat,signature global park,sohna road,0.68,913,2,2,2,0,0,2,Relatively New,unfurnished,High,1,7.45,13.6,Low Floor
house,independent,sector 7,3.14,345,4,4,2,1,0,3,Old Property,unfurnished,Low,1,91.01,62.8,Mid Floor
flat,sare crescent parc royal greens phase 1,sector 92,1.22,1717,4,5,3+,0,1,4,Moderately Old,unfurnished,Low,1,7.11,24.4,Mid Floor
house,vipul tatvam villa,sector 48,9.34,3240,4,4,3,1,1,2,Relatively New,semifurnished,Medium,1,28.83,186.8,Low Floor
flat,vatika gurgaon,sector 83,1.53,1778,3,3,2,0,1,10,Relatively New,semifurnished,Low,1,8.61,30.6,Mid Floor
flat,raheja vanya,sector 99,0.76,1133,2,2,3,0,0,1,Under Construction,unfurnished,Medium,1,6.71,15.2,Low Floor
flat,lotus homz,sector 111,0.78,789,2,2,3,0,0,9,New Property,unfurnished,Medium,1,9.89,15.6,Mid Floor
flat,smart world orchard,sector 61,1.81,1150,2,2,2,1,0,2,Under Construction,unfurnished,Medium,1,15.74,36.2,Low Floor
flat,parsvnath green ville,sector 48,2.26,2200,3,3,3,0,1,7,Old Property,semifurnished,Medium,1,10.27,45.2,Mid Floor
house,emaar mgf marbella,sector 66,19.45,8067.8,5,5,3+,1,1,3,New Property,unfurnished,Medium,1,24.11,389,Mid Floor
flat,gls arawali homes,sohna road,0.46,528,2,2,2,0,0,11,Relatively New,unfurnished,Medium,1,8.71,9.2,High Floor
flat,kamroon court,sector 43,3.55,2222,3,4,3+,0,1,5,Moderately Old,semifurnished,Low,1,15.98,71,Mid Floor
house,independent,sector 47,6.76,4650,9,9,3+,0,1,4,Relatively New,semifurnished,Medium,1,14.54,135.2,Mid Floor
flat,supertech hues,sector 68,1.29,1311,2,2,3,0,0,23,New Property,unfurnished,Low,1,9.84,25.8,High Floor
flat,chd avenue,sector 71,1.22,1084,2,2,2,0,0,5,Moderately Old,semifurnished,Medium,1,11.25,24.4,Mid Floor
flat,the nav manesar apartment,sector 1,1.09,1946,3,3,3+,0,1,5,Moderately Old,unfurnished,Low,1,5.6,21.8,Mid Floor
flat,suncity heights,sector 54,4.18,2558,3,3,3+,0,0,0,Old Property,semifurnished,Medium,1,16.34,83.6,Low Floor
flat,vatika gurgaon,sector 83,1.61,1792,3,3,2,0,1,2,Relatively New,unfurnished,Medium,1,8.98,32.2,Low Floor
house,independent,sector 28,10.82,2430,4,4,3+,0,1,2,Relatively New,semifurnished,Medium,1,44.53,216.4,Low Floor
house,not applicable,sector 4,1.03,146,5,4,3,0,0,3,Under Construction,unfurnished,Low,1,70.55,20.6,Mid Floor
flat,m3m the marina,sector 68,1.29,889,2,2,3,0,0,21,Relatively New,unfurnished,Low,1,14.51,25.8,High Floor
flat,puri diplomatic greens,sector 111,4.38,2670,4,5,3+,0,1,14,Relatively New,semifurnished,Medium,1,16.4,87.6,High Floor
flat,satya the hermitage,sector 103,1.2,1613,2,3,3,0,1,3,Relatively New,semifurnished,Medium,1,7.44,24,Mid Floor
house,bptp astaire gardens,sector 70a,1.52,1611,3,3,3+,0,0,2,Relatively New,semifurnished,High,1,9.44,30.4,Low Floor
flat,pioneer araya,sector 62,13.85,4990,5,7,3,0,1,10,Relatively New,semifurnished,High,1,27.76,277,Mid Floor
flat,professors enclave cghs,sector 56,2,1810,3,3,3+,0,1,6,Moderately Old,semifurnished,Low,1,11.05,40,Mid Floor
flat,sidhartha ncr one phase,sector 95,1.16,2000,3,3,1,0,0,15,Relatively New,unfurnished,Medium,1,5.8,23.2,High Floor
flat,dlf the ultima,sector 81,3.16,1800,3,3,2,0,1,9,Relatively New,semifurnished,High,1,17.56,63.2,Mid Floor
flat,pareena mi casa,sector 68,1.19,1127,2,2,3,0,0,5,Under Construction,unfurnished,Medium,1,10.56,23.8,Mid Floor
flat,tulip violet,sector 69,1.8,1376,3,3,1,0,0,12,Relatively New,unfurnished,High,1,13.08,36,High Floor
flat,prime habitat,sector 99,0.35,498,2,2,1,0,0,10,Relatively New,unfurnished,Medium,1,7.03,7,Mid Floor
flat,tulip ivory,sector 70,2.58,2114,4,5,3+,0,1,6,Moderately Old,semifurnished,Medium,1,12.2,51.6,Mid Floor
flat,pyramid pride,sector 76,0.64,844,2,2,1,0,0,8,Under Construction,unfurnished,Medium,1,7.58,12.8,Mid Floor
flat,zara aavaas,sector 104,0.26,301,1,1,1,0,0,3,Undefined,unfurnished,Medium,1,8.64,5.2,Mid Floor
flat,godrej meridien,sector 106,4.13,2224,3,3,3+,0,1,6,Under Construction,unfurnished,Low,1,18.57,82.6,Mid Floor
flat,shree vardhman victoria,sector 70,2.1,1527,3,5,3,0,1,12,Relatively New,unfurnished,Low,1,13.75,42,High Floor
flat,ireo the corridors,sector 67a,2.58,1346,3,3,2,0,0,6,Under Construction,unfurnished,Low,1,19.17,51.6,Mid Floor
flat,godrej,sector 79,1.66,1423,2,2,3,0,0,4,New Property,unfurnished,Low,1,11.67,33.2,Mid Floor
flat,"godrej 101, sector 79",sector 79,1.61,1383,2,2,3,0,0,1,Undefined,unfurnished,Low,1,11.64,32.2,Low Floor
house,indiabulls centrum park,sector 103,4.18,4000,4,3,3+,0,0,20,Under Construction,unfurnished,Medium,1,10.45,83.6,High Floor
flat,godrej nature plus,sector 33,1.8,1448,2,2,3,0,0,14,Under Construction,unfurnished,Medium,1,12.43,36,High Floor
flat,kanchanjanga tower,sector 56,1.87,1719,3,3,3+,0,0,2,Moderately Old,semifurnished,Medium,1,10.88,37.4,Low Floor
flat,orris aster court premier,sector 85,1.61,1900,3,4,2,0,1,5,Relatively New,semifurnished,High,1,8.47,32.2,Mid Floor
house,independent,sector 8,0.76,585,2,2,2,0,0,2,Moderately Old,unfurnished,Low,1,12.99,15.2,Low Floor
flat,bestech park view city,sector 49,3.74,2157,4,4,3+,0,1,5,Moderately Old,unfurnished,Medium,1,17.34,74.8,Mid Floor
flat,m3m heights,sector 65,2.77,1433,2,2,3+,0,0,28,Undefined,unfurnished,Low,1,19.33,55.4,High Floor
flat,pioneer araya,sector 62,9.74,4200,4,4,3+,0,1,23,Relatively New,semifurnished,Medium,1,23.19,194.8,High Floor
flat,vatika city homes,sector 83,0.97,1199,2,2,2,0,0,3,Relatively New,semifurnished,Low,1,8.09,19.4,Mid Floor
flat,emaar mgf emerald floors premier,sector 65,2.95,1833,3,4,3+,1,1,2,Relatively New,furnished,High,1,16.09,59,Low Floor
flat,assotech blith,sector 99,2.45,2835,4,4,3+,0,0,2,Undefined,unfurnished,Medium,1,8.64,49,Low Floor
flat,birla navya,sector 63a,4.77,2667,3,3,3+,0,0,1,Under Construction,unfurnished,Medium,1,17.89,95.4,Low Floor
house,unitech palms south city 1,sector 41,11.91,5000,9,9,3+,1,1,4,Moderately Old,semifurnished,Medium,1,23.82,238.2,Mid Floor
house,independent,sohna road,1.93,1053,2,3,2,1,0,1,New Property,semifurnished,Medium,1,18.33,38.6,Low Floor
flat,emaar gurgaon greens,sector 102,1.98,1315,3,3,3,0,1,12,Relatively New,unfurnished,Medium,1,15.06,39.6,High Floor
flat,lord krishna,sector 12,3.48,3150,4,3,3,0,0,6,Undefined,unfurnished,Low,1,11.05,69.6,Mid Floor
house,unitech palms south city 1,sector 41,12.05,7500,10,10,3+,1,1,4,Moderately Old,semifurnished,Medium,1,16.07,241,Mid Floor
flat,tata primanti,sector 72,4.14,2140,3,4,3+,0,1,15,Relatively New,semifurnished,High,1,19.35,82.8,High Floor
flat,puri diplomatic greens,sector 111,4.5,2700,4,5,3+,0,1,10,Relatively New,semifurnished,Low,1,16.67,90,Mid Floor
flat,dlf new town heights,sector 86,1.68,1715,3,3,3,0,1,15,Relatively New,semifurnished,Low,1,9.8,33.6,High Floor
flat,raheja vedaanta,sector 108,0.9,1468,2,2,1,0,0,10,Moderately Old,unfurnished,Low,1,6.13,18,Mid Floor
flat,puri emerald bay,sector 104,3.28,2303,4,4,3+,0,1,5,Relatively New,unfurnished,Low,1,14.24,65.6,Mid Floor
flat,ats tourmaline,sector 109,2.26,1466,3,3,3,0,0,4,New Property,unfurnished,Low,1,15.42,45.2,Mid Floor
flat,bestech park view grand spa,sector 81,6.05,6268,4,4,3+,0,1,19,Relatively New,semifurnished,Medium,1,9.65,121,High Floor
flat,om appartments,sector 5,0.51,1000,3,2,1,0,0,3,Relatively New,unfurnished,Low,1,5.1,10.2,Mid Floor
house,ansal sushant lok plots,sector 43,14.82,9000,7,8,3+,0,1,3,Old Property,semifurnished,Low,1,16.47,296.4,Mid Floor
flat,tata primanti,sector 72,8.7,4000,4,4,3+,0,1,0,New Property,semifurnished,High,1,21.75,174,Low Floor
flat,unitech the residences,sector 33,2,1421,3,4,1,0,1,1,Relatively New,unfurnished,Low,1,14.07,40,Low Floor
flat,orris aster court,sector 85,0.87,1250,2,2,2,0,0,5,Relatively New,semifurnished,High,1,6.96,17.4,Mid Floor
flat,signature global solera,sector 107,0.64,494,2,2,1,0,0,11,Relatively New,unfurnished,Medium,1,12.96,12.8,High Floor
flat,emaar gurgaon greens,sector 102,1.87,1300,3,3,3,0,1,8,Relatively New,unfurnished,Low,1,14.38,37.4,Mid Floor
flat,lavanya apartments,sector 81,1.16,1780,3,3,0,0,0,7,Undefined,unfurnished,Low,1,6.52,23.2,Mid Floor
house,ansal api esencia,sector 67,2.38,278,3,3,3,0,0,1,Undefined,unfurnished,Low,1,85.61,47.6,Low Floor
flat,cghs rail vihar,sector 15,1.8,1444,4,3,3,0,0,3,Old Property,semifurnished,Medium,1,12.47,36,Mid Floor
flat,m3m merlin,sector 67,3.6,2048,3,3,3,0,0,2,Relatively New,furnished,High,1,17.58,72,Low Floor
flat,ashok vihar phase 2,sector 5,0.36,600,2,2,1,0,0,3,Relatively New,unfurnished,Medium,1,6,7.2,Mid Floor
flat,dlf regal gardens,sector 90,1.61,1557,3,3,3,0,0,18,Relatively New,unfurnished,Medium,1,10.34,32.2,High Floor
flat,puri emerald bay,sector 104,3.2,2217,3,3,3+,0,1,14,Relatively New,semifurnished,Medium,1,14.43,64,High Floor
flat,shree vardhman flora,sector 90,0.82,1199,2,2,3,1,0,6,Old Property,unfurnished,Medium,1,6.84,16.4,Mid Floor
house,independent,sector 11,3.21,1850,5,4,3,0,0,1,Old Property,unfurnished,Low,1,17.35,64.2,Low Floor
flat,kw royal court,sector 39,2.58,3556,5,4,3,0,1,9,Old Property,furnished,Low,1,7.26,51.6,Mid Floor
flat,m3m skywalk,sector 74,1.93,1556,2,2,1,0,0,8,New Property,unfurnished,Low,1,12.4,38.6,Mid Floor
flat,umang winter hills,sector 77,0.97,1180,2,2,2,0,0,7,Relatively New,semifurnished,High,1,8.22,19.4,Mid Floor
flat,landmark the residency,sector 103,1.16,1222,2,2,2,0,0,1,Relatively New,unfurnished,Low,1,9.49,23.2,Low Floor
flat,avl 36 gurgaon,sector 36,0.64,600,1,1,1,0,0,5,Undefined,unfurnished,Low,1,10.67,12.8,Mid Floor
house,independent,sector 13,11.59,8100,10,5,3+,0,0,4,Old Property,unfurnished,Low,1,14.31,231.8,Mid Floor
flat,m3m urbana,sector 67,1.29,826,1,1,1,0,0,17,Relatively New,unfurnished,Low,1,15.62,25.8,High Floor
flat,ambience creacions,sector 22,2.26,1249,2,2,2,0,0,11,Under Construction,unfurnished,Medium,1,18.09,45.2,High Floor
house,independent,sector 3,1.93,210,3,3,0,0,0,,Old Property,unfurnished,Low,1,91.9,38.6,Low Floor
flat,dlf the grove,sector 54,7.34,1382,3,3,3,0,0,1,Undefined,unfurnished,Low,1,53.11,146.8,Low Floor
house,independent,sector 55,7.22,2700,6,4,3,0,1,3,Old Property,semifurnished,Low,1,26.74,144.4,Mid Floor
flat,experion the heartsong,sector 108,2.58,2500,4,4,3+,0,1,10,Relatively New,semifurnished,High,1,10.32,51.6,Mid Floor
flat,tarc maceo,sector 91,1.16,1186,2,2,2,0,0,13,Relatively New,furnished,Medium,1,9.78,23.2,High Floor
flat,the close north,sector 50,3.48,2400,3,3,3+,0,1,6,Moderately Old,unfurnished,High,1,14.5,69.6,Mid Floor
flat,tulip lemon,sector 69,0.78,667,2,1,1,0,0,12,Relatively New,unfurnished,Low,1,11.69,15.6,High Floor
house,nitin vihar,sector 33,1.09,900,3,2,0,0,0,1,Relatively New,unfurnished,Low,1,12.11,21.8,Low Floor
flat,emaar mgf the palm drive,sector 66,3.6,1700,3,4,3,0,1,8,Relatively New,semifurnished,Medium,1,21.18,72,Mid Floor
house,independent,sector 57,8.05,2660,9,9,3+,0,1,3,New Property,semifurnished,Medium,1,30.26,161,Mid Floor
house,dlf gardencity enclave,sector 93,1.68,1152,3,2,1,0,0,3,Relatively New,unfurnished,Medium,1,14.58,33.6,Mid Floor
house,dlf pink town house,sector 24,2.45,5018,10,9,3+,0,0,3,Relatively New,furnished,Low,1,4.88,49,Mid Floor
flat,viridian the plaza 106,sector 106,0.5,567,1,1,1,0,0,7,Relatively New,unfurnished,Medium,1,8.82,10,Mid Floor
flat,hsiidc sidco aravali,manesar,1.05,1900,3,3,3+,0,1,2,Moderately Old,unfurnished,Medium,1,5.53,21,Low Floor
flat,ss the leaf,sector 85,2.28,1450,3,4,3,0,1,6,Moderately Old,semifurnished,Medium,1,15.72,45.6,Mid Floor
flat,ats triumph,sector 104,3.41,2851,4,4,3+,0,1,10,Relatively New,unfurnished,High,1,11.96,68.2,Mid Floor
flat,pivotal devaan,sector 84,0.52,565,2,2,2,0,0,10,New Property,semifurnished,Low,1,9.2,10.4,Mid Floor
flat,bestech park view sanskruti,sector 92,2.58,2453,4,5,3+,0,1,12,Relatively New,semifurnished,Medium,1,10.52,51.6,High Floor
flat,dlf the ultima,sector 81,3.09,1650,3,3,3+,0,1,12,Relatively New,furnished,Low,1,18.73,61.8,High Floor
house,independent,sector 4,0.6,624,2,1,1,0,0,1,Moderately Old,unfurnished,Low,1,9.62,12,Low Floor
flat,antriksh heights,sector 84,1.09,1222,2,2,3,1,0,10,New Property,unfurnished,Low,1,8.92,21.8,Mid Floor
flat,bptp terra,sector 37d,1.5,1276,2,2,2,0,0,0,Relatively New,unfurnished,Medium,1,11.76,30,Low Floor
flat,m3m merlin,sector 67,4.5,2225,3,4,3,0,1,17,Relatively New,semifurnished,High,1,20.22,90,High Floor
flat,aipl zen residences,sector 70a,2.35,1600,3,3,3,0,0,12,Relatively New,unfurnished,Medium,1,14.69,47,High Floor
house,independent,sector 57,8,2700,6,6,3+,1,1,4,Old Property,unfurnished,Medium,1,29.63,160,Mid Floor
flat,ireo uptown,sector 66,1.93,1330,2,3,3,0,1,1,Relatively New,semifurnished,Medium,1,14.51,38.6,Low Floor
house,ansals palam vihar,sector 2,7.34,4550,5,5,2,0,0,2,Old Property,furnished,Medium,1,16.13,146.8,Low Floor
flat,supertech araville,sector 79,1.22,1385,2,2,3,1,0,7,New Property,unfurnished,Low,1,8.81,24.4,Mid Floor
flat,avl 36 gurgaon,sector 36,0.48,319,1,1,1,0,0,3,Relatively New,semifurnished,Medium,1,15.05,9.6,Mid Floor
flat,essel towers,sector 14,3.55,2200,4,5,3+,1,1,8,Old Property,furnished,Medium,1,16.14,71,Mid Floor
flat,elevate,sector 50,8.7,3395,4,4,0,0,0,10,Undefined,unfurnished,Low,1,25.63,174,Mid Floor
flat,experion the heartsong,sector 108,1.61,1500,3,3,3,0,1,1,Relatively New,unfurnished,High,1,10.73,32.2,Low Floor
flat,dlf carlton estate,sector 43,2.7,1233,3,3,1,0,0,2,Old Property,semifurnished,Medium,1,21.9,54,Low Floor
flat,4s aradhya homes,sector 67a,2.45,1991,4,4,3,0,0,3,New Property,semifurnished,Medium,1,12.31,49,Mid Floor
house,independent,sector 3,1.03,981,2,4,1,0,0,2,Moderately Old,unfurnished,Low,1,10.5,20.6,Low Floor
house,unitech uniworld resorts,sector 33,12.24,4914,6,6,3+,0,0,3,Moderately Old,semifurnished,Low,1,24.91,244.8,Mid Floor
flat,samadhan shri kamal cghs,sector 1,2.59,1956,4,4,3+,0,0,10,Moderately Old,furnished,Low,1,13.24,51.8,Mid Floor
flat,signature andour heights,sector 71,0.48,450,1,1,2,0,0,2,Relatively New,unfurnished,Medium,1,10.67,9.6,Low Floor
flat,m3m woodshire,sector 107,1.8,2137,3,4,3+,0,1,6,Relatively New,unfurnished,Medium,1,8.42,36,Mid Floor
flat,tulip violet,sector 69,2.27,1674,3,4,2,0,0,0,Relatively New,unfurnished,High,1,13.56,45.4,Low Floor
flat,dlf new town heights,sector 90,1.82,2139,4,4,3+,0,1,8,Moderately Old,unfurnished,Low,1,8.51,36.4,Mid Floor
house,independent,sector 5,1.29,900,3,4,2,0,0,2,Relatively New,unfurnished,Low,1,14.33,25.8,Low Floor
flat,shapoorji pallonji joyville gurugram,sector 102,1.41,817,2,2,1,0,0,8,Under Construction,unfurnished,Medium,1,17.26,28.2,Mid Floor
flat,emaar mgf palm hills,sector 77,2.45,1582,3,4,3+,0,1,6,New Property,semifurnished,Low,1,15.49,49,Mid Floor
flat,bptp pedestal,sector 70a,2.45,2111,4,3,3,0,0,2,New Property,unfurnished,Medium,1,11.61,49,Low Floor
flat,sunischit apartments,sector 54,2.26,2100,3,3,3+,0,1,6,Moderately Old,semifurnished,Medium,1,10.76,45.2,Mid Floor
flat,emaar mgf palm hills,sector 77,2,1800,4,4,3+,1,1,2,Relatively New,furnished,Low,1,11.11,40,Low Floor
flat,alpha corp gurgaonone,sector 84,1.55,1149,2,2,1,0,0,6,Relatively New,unfurnished,Low,1,13.49,31,Mid Floor
flat,dlf new town heights,sector 86,1.65,1740,3,4,3+,0,1,12,Moderately Old,unfurnished,Medium,1,9.48,33,High Floor
flat,vatika inxt floors,sector 82a,1.61,1667,3,2,3,1,0,2,Relatively New,semifurnished,Medium,1,9.66,32.2,Low Floor
flat,orris aster court,sector 85,0.89,1075,2,2,2,0,0,5,Relatively New,unfurnished,Low,1,8.28,17.8,Mid Floor
flat,tata primanti,sector 72,4.25,2000,3,3,3+,0,1,10,Relatively New,semifurnished,High,1,21.25,85,Mid Floor
flat,spaze privy at,sector 84,1.55,1457,2,2,3,1,0,3,Relatively New,semifurnished,Medium,1,10.64,31,Mid Floor
flat,umang winter hills,sector 77,1.55,1822,3,3,3,0,0,14,Undefined,unfurnished,Low,1,8.51,31,High Floor
flat,dlf park place,sector 54,6.25,1607,3,4,3+,0,1,6,Moderately Old,furnished,High,1,38.89,125,Mid Floor
house,palam vihar extension west zone rwa,sector 2,0.51,900,3,4,2,0,0,2,Moderately Old,unfurnished,Low,1,5.67,10.2,Low Floor
flat,vatika the seven lamps,sector 82,1.11,1294,2,2,2,1,0,12,Relatively New,semifurnished,Medium,1,8.58,22.2,High Floor
flat,central park flower valley aqua front towers,sector 33,2.19,1697,3,3,3+,0,0,5,New Property,semifurnished,Low,1,12.91,43.8,Mid Floor
flat,shree vardhman victoria,sector 70,1.48,1500,2,2,2,1,0,6,Relatively New,unfurnished,Medium,1,9.87,29.6,Mid Floor
flat,hcbs sports ville,sohna road,0.26,743,2,2,1,0,0,4,New Property,unfurnished,Low,1,3.5,5.2,Mid Floor
flat,mapsko mount ville,sector 79,1.41,1154,3,3,3,1,0,22,Relatively New,semifurnished,Medium,1,12.22,28.2,High Floor
flat,bestech park view ananda,sector 81,1.87,1650,3,3,3,0,0,8,Relatively New,semifurnished,Medium,1,11.33,37.4,Mid Floor
house,international city by sobha phase 1,sector 109,8.12,7000,4,5,3+,0,0,2,Relatively New,semifurnished,Medium,1,11.6,162.4,Low Floor
flat,pareena coban residences,sector 99,1.41,1368,2,2,3,1,0,9,New Property,unfurnished,Medium,1,10.31,28.2,Mid Floor
flat,dlf the primus,sector 82a,2.41,1668,3,3,3,0,0,31,Moderately Old,unfurnished,Low,1,14.45,48.2,High Floor
flat,m3m merlin,sector 67,3.84,2047,3,3,3,0,0,0,Relatively New,semifurnished,Low,1,18.76,76.8,Low Floor
house,independent,sector 53,5.98,2646,5,5,3+,0,0,1,Moderately Old,semifurnished,Low,1,22.6,119.6,Low Floor
flat,orchid petals,sector 49,5.36,3219,5,4,3+,1,1,14,Relatively New,unfurnished,Low,1,16.65,107.2,High Floor
flat,aipl peaceful homes,sector 70a,3.55,2150,3,3,3+,0,0,14,Undefined,unfurnished,Low,1,16.51,71,High Floor
flat,dlf the ultima,sector 81,2.9,1600,3,3,3+,1,1,11,Relatively New,furnished,Low,1,18.13,58,High Floor
flat,breez global hill view,sohna road,0.39,650,2,2,1,0,0,11,New Property,unfurnished,Medium,1,6,7.8,High Floor
house,independent,sector 110,1.29,120,3,2,2,0,0,1,Old Property,unfurnished,Low,1,107.5,25.8,Low Floor
flat,smartworld one dxp,sector 113,2.58,1806,3,3,3,0,0,12,Undefined,unfurnished,Medium,1,14.29,51.6,High Floor
flat,la vida by tata housing,sector 113,3.48,2217,3,4,3+,0,1,4,Relatively New,semifurnished,Low,1,15.7,69.6,Mid Floor
flat,la vida by tata housing,sector 113,1.78,1350,2,2,3,1,0,8,New Property,unfurnished,High,1,13.19,35.6,Mid Floor
flat,umang winter hills,sector 77,1.36,1600,3,3,3,0,0,7,Relatively New,unfurnished,Low,1,8.5,27.2,Mid Floor
flat,ansal estella,sector 103,1.93,1741,3,3,3+,0,0,6,Under Construction,unfurnished,Medium,1,11.09,38.6,Mid Floor
flat,ireo skyon,sector 60,3.21,1403,2,3,2,1,0,4,Relatively New,unfurnished,Medium,1,22.88,64.2,Mid Floor
flat,sukhshanti apartment,sector 56,2.12,2131,3,3,3+,1,0,5,Moderately Old,semifurnished,Medium,1,9.95,42.4,Mid Floor
flat,puri diplomatic greens,sector 111,4.45,2670,4,5,3+,0,1,10,Relatively New,unfurnished,Medium,1,16.67,89,Mid Floor
flat,emaar mgf emerald estate,sector 65,1.68,812,2,2,2,1,0,7,Relatively New,unfurnished,Medium,1,20.69,33.6,Mid Floor
flat,smart world gems,sector 89,1.22,804,2,2,2,1,0,1,Under Construction,unfurnished,Medium,1,15.17,24.4,Low Floor
flat,shree vardhman victoria,sector 70,1.61,1222,2,2,3,1,0,3,Relatively New,unfurnished,Low,1,13.18,32.2,Mid Floor
flat,orchid petals,sector 49,2.87,1840,3,3,3,0,0,14,Relatively New,unfurnished,Low,1,15.6,57.4,High Floor
flat,vatika gurgaon,sector 83,1.61,1970,4,4,3,0,1,12,Moderately Old,unfurnished,Medium,1,8.17,32.2,High Floor
flat,godrej,sector 79,2.58,2629,3,4,3+,0,1,2,Relatively New,semifurnished,High,1,9.81,51.6,Low Floor
flat,parsvnath green ville,sector 48,3.21,2167,4,5,3,0,0,1,Moderately Old,semifurnished,Low,1,14.81,64.2,Low Floor
flat,m3m merlin,sector 67,4.38,2123,3,4,3,0,1,15,Relatively New,semifurnished,Medium,1,20.63,87.6,High Floor
house,independent,sector 5,0.51,500,2,1,0,0,0,1,Undefined,unfurnished,Low,1,10.2,10.2,Low Floor
flat,signature global city 92,sector 92,1.28,1661,3,2,3,0,0,1,New Property,unfurnished,Low,1,7.71,25.6,Low Floor
flat,godrej air,sector 85,2.26,1825,3,3,2,0,0,27,Undefined,unfurnished,Low,1,12.38,45.2,High Floor
flat,la vida by tata housing,sector 113,3.58,2599,3,3,3,1,1,3,New Property,unfurnished,High,1,13.77,71.6,Mid Floor
flat,umang monsoon breeze,sector 78,0.8,1115,2,2,1,0,0,7,Moderately Old,unfurnished,Medium,1,7.17,16,Mid Floor
flat,tulip purple,sector 69,2.47,2172,4,5,3+,0,1,5,Relatively New,semifurnished,High,1,11.37,49.4,Mid Floor
flat,orchid petals,sector 49,3.07,2061,3,4,3,1,0,1,Relatively New,unfurnished,Low,1,14.9,61.4,Low Floor
house,independent,sector 2,3.21,1557,4,4,2,0,0,4,Old Property,unfurnished,Low,1,20.62,64.2,Mid Floor
flat,m3m woodshire,sector 107,2.19,2505,4,5,3+,0,1,9,Relatively New,unfurnished,Medium,1,8.74,43.8,Mid Floor
flat,shree arihant apartment,sector 54,2,1900,3,3,3,0,1,3,Moderately Old,semifurnished,Medium,1,10.53,40,Mid Floor
flat,vatika sovereign next sector-82 a gurgaon,sector 82a,3.75,3902,4,4,3,1,1,6,Under Construction,semifurnished,Medium,1,9.61,75,Mid Floor
house,independent,sector 57,6.12,1650,3,3,3,0,0,2,Moderately Old,semifurnished,Medium,1,37.09,122.4,Low Floor
flat,eldeco accolade,sohna road,0.93,1148,2,2,3,0,0,9,Relatively New,unfurnished,Medium,1,8.1,18.6,Mid Floor
flat,shapoorji pallonji joyville gurugram,sector 102,2.63,1644,3,3,3+,0,0,1,Relatively New,unfurnished,Medium,1,16,52.6,Low Floor
flat,sobha city,sector 108,3.16,1460,3,3,3,0,0,15,Relatively New,unfurnished,Low,1,21.64,63.2,High Floor
flat,signature global city 37d ph 2,sector 37d,1.38,1450,3,3,2,0,0,2,Under Construction,unfurnished,Medium,1,9.52,27.6,Low Floor
flat,bestech park view city,sector 48,3.48,2000,3,3,3+,1,1,7,Relatively New,semifurnished,High,1,17.4,69.6,Mid Floor
flat,ace palm floors,sector 89,1.25,1371,2,2,2,1,0,1,New Property,unfurnished,Low,1,9.12,25,Low Floor
flat,central park flower valley aqua front towers,sector 33,2.19,1619,3,3,3,0,0,12,Under Construction,unfurnished,Low,1,13.53,43.8,High Floor
flat,railway officers rpf society,sector 9,1.61,2007,4,3,3,0,1,1,Old Property,semifurnished,Low,1,8.02,32.2,Low Floor
house,ss hibiscus,sector 50,16.1,3060,4,4,3+,1,1,2,Relatively New,furnished,High,1,52.61,322,Low Floor
flat,chd avenue,sector 71,1.61,1577,3,4,2,1,1,14,Relatively New,furnished,Medium,1,10.21,32.2,High Floor
flat,godrej,sector 79,1.72,1423,3,3,3,0,0,7,Relatively New,unfurnished,High,1,12.09,34.4,Mid Floor
flat,signature global synera,sector 81,0.64,700,2,2,3,0,0,6,Relatively New,unfurnished,Medium,1,9.14,12.8,Mid Floor
house,independent,sector 3,1.19,603,4,1,0,0,0,1,Undefined,unfurnished,Low,1,19.73,23.8,Low Floor
house,independent,sector 25,11.59,2700,5,5,3,1,1,3,Old Property,unfurnished,Medium,1,42.93,231.8,Mid Floor
flat,emaar palm heights,sector 77,2.9,1810,3,3,3,0,1,22,New Property,semifurnished,Low,1,16.02,58,High Floor
house,huda floor,sector 38,5.15,4800,4,9,3+,0,0,2,Relatively New,semifurnished,High,1,10.73,103,Low Floor
flat,signature global park,sohna road,1.22,1210.723472,3,2,3+,0,0,1,Relatively New,unfurnished,Low,1,10.08,24.4,Low Floor
flat,the close north,sector 50,3.83,2600,3,3,3+,0,1,8,Moderately Old,semifurnished,High,1,14.73,76.6,Mid Floor
flat,mahindra luminare,sector 59,7.09,2738,3,3,1,0,1,26,Under Construction,unfurnished,Low,1,25.89,141.8,High Floor
flat,m3m golfestate,sector 65,7.92,3355,3,4,2,0,0,20,Undefined,unfurnished,Low,1,23.61,158.4,High Floor
house,eros rosewood villas,sector 49,3.21,1900,3,3,2,0,0,2,Moderately Old,unfurnished,Medium,1,16.89,64.2,Low Floor
flat,pyramid urban,sector 67a,0.8,581,2,2,2,0,0,2,Relatively New,unfurnished,Medium,1,13.77,16,Low Floor
flat,antriksh heights,sector 84,1.16,1652,3,3,3,0,0,11,Relatively New,unfurnished,Medium,1,7.02,23.2,High Floor
flat,dlf new town heights,sector 90,2,2139,4,4,3+,0,1,1,Relatively New,unfurnished,Medium,1,9.35,40,Low Floor
house,independent,sector 9,4.13,2367,3,3,2,0,0,1,Old Property,semifurnished,Low,1,17.45,82.6,Low Floor
flat,sobha city,sector 108,5.08,2343,4,5,3,0,0,25,Undefined,unfurnished,Medium,1,21.68,101.6,High Floor
house,independent,sector 105,0.48,450,2,2,1,0,0,1,Moderately Old,unfurnished,Low,1,10.67,9.6,Low Floor
flat,emaar mgf emerald floors premier,sector 65,3.48,1650,3,3,3,0,1,5,Relatively New,semifurnished,Medium,1,21.09,69.6,Mid Floor
flat,ireo the grand arch,sector 58,2.84,1432,2,2,1,1,0,5,Relatively New,semifurnished,Medium,1,19.83,56.8,Mid Floor
flat,signature global synera,sector 81,0.49,444,1,1,2,0,0,3,Relatively New,unfurnished,Low,1,11.04,9.8,Mid Floor
flat,mvn athens,sohna road,0.31,378,1,1,1,0,0,12,Relatively New,unfurnished,Medium,1,8.2,6.2,High Floor
flat,supertech araville,sector 79,1.74,2161,3,3,3,0,0,4,Relatively New,unfurnished,Low,1,8.05,34.8,Mid Floor
house,independent,sector 12,1.74,2052,2,5,1,0,0,3,Old Property,unfurnished,Low,1,8.48,34.8,Mid Floor
flat,vatika city,sector 49,2.38,1471.12,3,3,1,0,0,7,Moderately Old,unfurnished,High,1,16.18,47.6,Mid Floor
flat,hero homes,sector 104,2.45,1365,3,3,3,0,0,16,Under Construction,semifurnished,Medium,1,17.95,49,High Floor
flat,signature global solera 2,sector 107,0.48,615,2,2,2,0,0,9,New Property,unfurnished,Low,1,7.8,9.6,Mid Floor
flat,shapoorji pallonji joyville gurugram,sector 102,1.74,1230,2,2,2,0,0,9,Relatively New,unfurnished,Medium,1,14.15,34.8,Mid Floor
house,independent,sector 6,0.86,612,3,2,1,0,0,2,Old Property,unfurnished,Low,1,14.05,17.2,Low Floor
house,independent,sector 67,1.93,200,5,3,2,0,0,2,New Property,unfurnished,Low,1,96.5,38.6,Low Floor
house,independent,sector 55,6.44,1125,2,9,3+,0,0,5,New Property,semifurnished,Low,1,57.24,128.8,Mid Floor
flat,tulip monsella,sector 53,9.53,2477,4,4,3,0,0,21,Under Construction,unfurnished,Low,1,38.47,190.6,High Floor
flat,ashiana mulberry,sohna road,0.96,1367,2,2,3+,0,0,12,Relatively New,unfurnished,Medium,1,7.02,19.2,High Floor
flat,ss the leaf,sector 85,1.47,1484,2,2,3,0,0,4,Relatively New,unfurnished,Medium,1,9.91,29.4,Mid Floor
house,independent,sector 2,3.86,1557,6,4,3+,0,0,3,Old Property,semifurnished,Low,1,24.79,77.2,Mid Floor
flat,godrej,sector 79,2.59,2141,3,4,3+,0,1,6,Relatively New,unfurnished,High,1,12.1,51.8,Mid Floor
flat,sare homes,sector 92,0.75,1281,3,3,3,0,0,3,New Property,unfurnished,Medium,1,5.85,15,Mid Floor
flat,eldeco accolade,sohna road,1.23,1131,2,2,3+,1,0,14,Relatively New,unfurnished,High,1,10.88,24.6,High Floor
flat,experion the heartsong,sector 108,2.19,1500.29,3,4,3+,0,1,14,Relatively New,unfurnished,Medium,1,14.6,43.8,High Floor
flat,bptp terra,sector 37d,2.3,1808,4,3,3,0,0,15,Relatively New,semifurnished,Low,1,12.72,46,High Floor
flat,sobha city,sector 108,3.09,1250,2,2,2,0,0,14,New Property,semifurnished,Medium,1,24.72,61.8,High Floor
flat,emaar emerald hills,sector 65,2.51,1556,3,3,3+,0,0,1,New Property,semifurnished,Medium,1,16.13,50.2,Low Floor
flat,experion windchants,sector 112,3.6,2441,2,3,2,1,1,9,Relatively New,unfurnished,Medium,1,14.75,72,Mid Floor
flat,microtek greenburg,sector 86,1.58,1339,2,2,3,1,0,13,Relatively New,unfurnished,Low,1,11.8,31.6,High Floor
flat,sare green parc phase 3,sector 92,1.22,1770,4,3,3,0,0,4,Moderately Old,unfurnished,Medium,1,6.89,24.4,Mid Floor
house,rattan garden,sector 7,1.68,963,2,3,2,0,0,3,Old Property,unfurnished,Low,1,17.45,33.6,Mid Floor
flat,godrej oasis,sector 88a,1.93,2056,3,3,2,0,0,3,Relatively New,unfurnished,Low,1,9.39,38.6,Mid Floor
house,dlf city plots,sector 26,24.48,4518,6,6,3,1,1,2,Relatively New,semifurnished,Medium,1,54.18,489.6,Low Floor
flat,vatika the seven lamps,sector 82,1.21,1299,2,2,3+,1,0,9,Relatively New,semifurnished,Medium,1,9.31,24.2,Mid Floor
house,vipul tatvam villa,sector 48,10.94,3240,4,4,1,0,0,,Relatively New,unfurnished,Low,1,33.77,218.8,Low Floor
flat,prime habitat,sector 99,0.35,552,2,2,1,0,0,4,New Property,unfurnished,Low,1,6.34,7,Mid Floor
flat,sidhivinayak apartments,sector 55,2.45,2000,4,3,3+,0,0,9,Moderately Old,furnished,Low,1,12.25,49,Mid Floor
flat,shree vardhman flora,sector 90,0.83,1222,2,2,3,1,0,10,Moderately Old,semifurnished,Medium,1,6.79,16.6,Mid Floor
house,independent,sohna road,1.55,535,1,4,3+,0,0,4,Old Property,unfurnished,Low,1,28.97,31,Mid Floor
flat,sare petioles,sector 92,1.57,2093,4,3,3,0,1,9,Under Construction,unfurnished,Medium,1,7.5,31.4,Mid Floor
flat,espire south,sector 68,1.7,1460,2,2,2,0,0,9,New Property,unfurnished,Low,1,11.64,34,Mid Floor
flat,puri emerald bay,sector 104,1.7,1403,2,2,2,0,0,10,Relatively New,unfurnished,Medium,1,12.12,34,Mid Floor
flat,dlf new town heights,sector 90,2.45,2512,4,4,3+,0,1,19,Relatively New,semifurnished,High,1,9.75,49,High Floor
house,independent,sector 8,1.06,900,2,3,3,0,0,2,Moderately Old,unfurnished,Low,1,11.78,21.2,Low Floor
flat,smart world orchard,sector 61,2.02,1150,2,2,2,1,0,3,New Property,unfurnished,Medium,1,17.57,40.4,Mid Floor
flat,shapoorji pallonji joyville gurugram,sector 102,2.58,1676,3,3,3,0,0,9,Relatively New,unfurnished,Low,1,15.39,51.6,Mid Floor
flat,supertech araville,sector 79,1.16,1450,2,2,3,1,0,5,Relatively New,unfurnished,Medium,1,8,23.2,Mid Floor
house,ansal sushant lok plots,sector 43,4.25,1242,1,1,0,0,0,,Under Construction,unfurnished,Low,1,34.22,85,Low Floor
flat,ats triumph,sector 104,3.28,2509,4,4,3+,0,1,21,Relatively New,unfurnished,High,1,13.07,65.6,High Floor
house,international city by sobha phase 2,sector 109,8.76,5400,4,5,3,0,1,2,Relatively New,unfurnished,Low,1,16.22,175.2,Low Floor
flat,chd avenue,sector 71,1.61,1577,3,4,2,0,1,7,Relatively New,semifurnished,High,1,10.21,32.2,Mid Floor
flat,dlf the ultima,sector 81,4.18,2491,4,4,3+,0,1,11,Moderately Old,unfurnished,Low,1,16.78,83.6,High Floor
flat,puri the aravallis,sector 61,4.98,2250,3,4,3+,0,1,21,Under Construction,unfurnished,Medium,1,22.13,99.6,High Floor
house,independent,sector 9,1.41,200,4,3,1,0,0,2,Old Property,unfurnished,Low,1,70.5,28.2,Low Floor
flat,vatika sovereign next,sector 82a,4.96,5711,5,6,3+,0,1,6,New Property,unfurnished,Medium,1,8.68,99.2,Mid Floor
flat,eldeco accolade,sohna road,1.41,1319,3,2,3,0,0,13,Relatively New,unfurnished,Medium,1,10.69,28.2,High Floor
house,unitech espace,sector 50,14.17,2700,4,4,3+,0,1,2,Moderately Old,semifurnished,Medium,1,52.48,283.4,Low Floor
flat,ireo skyon,sector 60,4.83,2534,4,5,3,0,1,15,Relatively New,unfurnished,High,1,19.06,96.6,High Floor
flat,supertech araville,sector 79,1.03,1172,2,2,3+,0,0,9,New Property,unfurnished,Low,1,8.79,20.6,Mid Floor
house,international city by sobha phase 2,sector 109,9.02,6228,5,5,3+,0,1,2,Relatively New,unfurnished,Medium,1,14.48,180.4,Low Floor
flat,bestech park view residency,sector 2,1.62,1416,2,2,3,1,0,7,Moderately Old,unfurnished,Medium,1,11.44,32.4,Mid Floor
flat,dlf new town heights,sector 90,1.68,1929,3,3,3+,0,1,10,Relatively New,semifurnished,Medium,1,8.71,33.6,Mid Floor
flat,unitech sunbreeze,sector 69,0.96,1210,3,3,1,0,1,10,Under Construction,unfurnished,Medium,1,7.93,19.2,Mid Floor
flat,aipl the peaceful homes,sector 70a,3.6,2350,3,4,3,0,1,22,Relatively New,unfurnished,Low,1,15.32,72,High Floor
house,independent,manesar,2.58,1337.4,3,1,0,0,0,3,Moderately Old,unfurnished,Low,1,19.29,51.6,Mid Floor
flat,m3m skywalk,sector 74,1.8,1289,2,2,2,0,0,17,New Property,semifurnished,High,1,13.96,36,High Floor
flat,smart world gems,sector 89,1.13,1228,2,2,3,1,0,2,New Property,unfurnished,Low,1,9.2,22.6,Low Floor
flat,dlf regal gardens,sector 90,1.61,1650,3,3,3,0,0,10,Relatively New,semifurnished,Low,1,9.76,32.2,Mid Floor
flat,emaar palm gardens,sector 83,2.06,1674,3,3,3+,1,1,6,Relatively New,semifurnished,High,1,12.31,41.2,Mid Floor
house,dlf city plots phase 2,sector 25,13.59,2700,5,6,3+,1,1,3,Moderately Old,unfurnished,Medium,1,50.33,271.8,Mid Floor
flat,m3m golfestate,sector 65,7.85,3027,3,3,3,1,1,19,Moderately Old,semifurnished,High,1,25.93,157,High Floor
flat,tulip violet,sector 69,2.31,1819,4,4,2,0,0,9,Relatively New,semifurnished,High,1,12.7,46.2,Mid Floor
flat,dnha cghs,sector 1,1.09,2200,3,3,0,0,0,5,Undefined,unfurnished,Low,1,4.95,21.8,Mid Floor
flat,emaar palm gardens,sector 83,2.26,1600,3,3,3,0,1,6,Relatively New,semifurnished,High,1,14.12,45.2,Mid Floor
flat,ss,sector 85,1.52,1630,2,2,3,0,0,4,Relatively New,unfurnished,Low,1,9.33,30.4,Mid Floor
flat,antriksh heights,sector 84,1.31,1896,4,4,3+,0,1,11,Relatively New,unfurnished,Medium,1,6.91,26.2,High Floor
flat,sidhartha ncr one,sector 95,0.72,1364,2,2,2,0,0,10,Undefined,unfurnished,Low,1,5.28,14.4,Mid Floor
house,independent,sector 70a,2.7,667,3,2,1,0,0,3,New Property,unfurnished,Low,1,40.48,54,Mid Floor
flat,aipl the peaceful homes,sector 70a,3.35,2406,3,2,2,0,1,12,Moderately Old,unfurnished,Medium,1,13.92,67,High Floor
flat,pyramid urban,sector 67a,0.9,657,2,2,1,0,0,14,New Property,unfurnished,Low,1,13.7,18,High Floor
flat,m3m crown,sector 111,6.02,3056,4,4,3+,0,0,8,Under Construction,unfurnished,Medium,1,19.7,120.4,Mid Floor
flat,sare green parc phase 3,sector 92,0.97,1298,3,2,2,0,0,3,New Property,unfurnished,Medium,1,7.47,19.4,Mid Floor
flat,m3m the marina,sector 68,1.31,1250,2,2,2,0,0,11,Relatively New,semifurnished,Low,1,10.48,26.2,High Floor
flat,tata primanti,sector 72,5.03,2509,4,4,3+,0,1,39,Relatively New,unfurnished,Low,1,20.05,100.6,High Floor
flat,microtek greenburg,sector 86,2.49,2068,3,4,3,0,1,12,Relatively New,unfurnished,Medium,1,12.04,49.8,High Floor
flat,emaar digihomes,sector 62,5.15,2343,3,3,3,0,1,18,New Property,semifurnished,Low,1,21.98,103,High Floor
flat,emaar mgf emerald floors premier,sector 65,3.67,1975,4,4,3,1,1,2,Relatively New,unfurnished,Low,1,18.58,73.4,Low Floor
flat,sare crescent parc,sector 92,0.63,1109,2,2,2,0,0,2,Relatively New,unfurnished,Medium,1,5.68,12.6,Low Floor
flat,umang winter hills,sector 77,1.41,1829,3,4,3+,0,1,9,Relatively New,unfurnished,Low,1,7.71,28.2,Mid Floor
flat,dlf the ultima,sector 81,2.74,1650,3,3,3+,1,1,9,Relatively New,furnished,Low,1,16.61,54.8,Mid Floor
house,independent,sector 7,1.29,126,2,2,0,1,0,0,Old Property,unfurnished,Low,1,102.38,25.8,Low Floor
flat,mapsko royale ville,sector 82,1.57,2000,3,5,3+,0,1,10,Relatively New,semifurnished,Medium,1,7.85,31.4,Mid Floor
flat,ireo skyon,sector 60,3.67,2045,3,4,3+,0,1,5,Relatively New,semifurnished,High,1,17.95,73.4,Mid Floor
flat,godrej air,sector 85,1.8,1400,2,2,3,0,0,23,Undefined,unfurnished,Low,1,12.86,36,High Floor
flat,shree vardhman victoria,sector 70,1.41,1026,2,2,2,1,0,0,New Property,unfurnished,Low,1,13.74,28.2,Low Floor
flat,aipl the peaceful homes,sector 70a,3.21,2127,3,4,3,0,1,8,Relatively New,semifurnished,High,1,15.09,64.2,Mid Floor
flat,rof ananda,sector 95,0.49,610,2,2,1,0,0,4,New Property,unfurnished,Low,1,8.03,9.8,Mid Floor
house,independent,sector 50,14.92,3240,5,5,3,0,1,2,Moderately Old,unfurnished,Low,1,46.05,298.4,Low Floor
house,huda flats,sector 7,2.96,1350,5,3,3+,1,1,3,Old Property,unfurnished,Low,1,21.93,59.2,Mid Floor
house,vipul tatvam villa,sector 48,8.24,2592,3,4,3,1,1,2,Relatively New,semifurnished,Medium,1,31.79,164.8,Low Floor
flat,m3m skywalk,sector 74,2.9,1938,3,3,2,0,1,9,Relatively New,semifurnished,High,1,14.96,58,Mid Floor
house,independent,sector 13,2.9,400,10,10,2,0,0,1,Undefined,unfurnished,Low,1,72.5,58,Low Floor
flat,ramprastha primera,sector 37d,1.39,1700,3,3,3,0,0,9,Relatively New,unfurnished,High,1,8.18,27.8,Mid Floor
flat,shree vardhman victoria,sector 70,1.93,1527,3,5,3,0,1,7,Relatively New,semifurnished,High,1,12.64,38.6,Mid Floor
flat,indiabulls centrum park,sector 103,3.16,2602,4,6,3,0,1,5,Relatively New,unfurnished,Low,1,12.14,63.2,Mid Floor
house,bptp visionnaire,sector 70a,6.9,6000,4,4,3+,1,1,3,Relatively New,semifurnished,High,1,11.5,138,Mid Floor
flat,apex builders,sector 37,0.54,833,2,2,2,0,0,4,Relatively New,unfurnished,Low,1,6.48,10.8,Mid Floor
flat,raheja atlantis,sector 31,7.09,2663,4,5,3+,1,1,1,Relatively New,unfurnished,Medium,1,26.62,141.8,Low Floor
house,independent,sector 26,7.47,1800,5,5,3+,1,1,2,Old Property,unfurnished,Medium,1,41.5,149.4,Low Floor
flat,mapsko paradise,sector 83,1.22,1489,3,3,3,0,0,1,Moderately Old,unfurnished,Low,1,8.19,24.4,Low Floor
flat,pareena coban residences,sector 99,1.49,1790,3,3,3,0,1,3,Relatively New,unfurnished,Low,1,8.32,29.8,Mid Floor
flat,ats marigold,sector 89,1.93,1480,3,3,3,0,0,5,Under Construction,unfurnished,Medium,1,13.04,38.6,Mid Floor
flat,m3m heights,sector 65,3.6,1867,3,3,3,0,0,20,Under Construction,unfurnished,Medium,1,19.28,72,High Floor
flat,aipl the peaceful homes,sector 70a,3.09,1946,3,3,3,0,1,11,Relatively New,unfurnished,Medium,1,15.88,61.8,High Floor
flat,emaar digihomes,sector 62,2.7,1500,2,2,3,0,0,12,New Property,semifurnished,Low,1,18,54,High Floor
flat,shree vardhman flora,sector 90,0.83,1222,2,2,3,1,0,6,Relatively New,unfurnished,High,1,6.79,16.6,Mid Floor
flat,m3m golfestate,sector 65,7.6,3043,3,3,3,1,1,18,Relatively New,unfurnished,Medium,1,24.98,152,High Floor
flat,ild greens,sector 37,1.22,1697,3,3,3+,0,0,0,New Property,unfurnished,Medium,1,7.19,24.4,Low Floor
flat,bptp astaire gardens,sector 70a,1.55,1450,3,3,3+,0,0,2,Relatively New,furnished,Low,1,10.69,31,Low Floor
flat,la vida by tata housing,sector 113,2.38,1429,3,2,2,0,0,7,New Property,unfurnished,Low,1,16.66,47.6,Mid Floor
flat,m3m antalya hills,sector 79,1.48,1200,3,3,3+,1,0,1,Under Construction,unfurnished,Medium,1,12.33,29.6,Low Floor
flat,orchid petals,sector 49,3.16,1865,3,3,3,1,0,0,Relatively New,unfurnished,Low,1,16.94,63.2,Low Floor
flat,vatika gurgaon,sector 83,1.61,1700,3,3,2,0,1,12,Moderately Old,unfurnished,Medium,1,9.47,32.2,High Floor
flat,pyramid elite,sector 86,0.58,646,2,2,1,0,0,4,Under Construction,unfurnished,Medium,1,8.98,11.6,Mid Floor
house,ansals florence villa,sector 57,7.73,2700,4,5,2,0,1,2,Old Property,semifurnished,Low,1,28.63,154.6,Low Floor
flat,ireo skyon,sector 60,4.64,2604,4,5,3,0,1,24,Relatively New,semifurnished,Low,1,17.82,92.8,High Floor
flat,ss the leaf,sector 85,1.5,1550,2,3,3,0,0,10,Relatively New,unfurnished,Low,1,9.68,30,Mid Floor
house,independent,sector 105,0.71,56,2,4,0,0,0,2,Undefined,unfurnished,Low,1,126.79,14.2,Low Floor
house,eros rosewood villas,sector 49,3.55,1386,3,3,1,0,0,2,Old Property,semifurnished,Medium,1,25.61,71,Low Floor
flat,gls avenue 51,sector 92,0.58,833,3,3,1,0,0,10,Relatively New,unfurnished,Low,1,6.96,11.6,Mid Floor
flat,ambience creacions,sector 22,6.16,2500,3,4,3,0,1,7,Relatively New,furnished,Medium,1,24.64,123.2,Mid Floor
flat,antriksh heights,sector 84,1.16,1525,3,3,3+,0,0,12,Relatively New,unfurnished,High,1,7.61,23.2,High Floor
flat,pivotal devaan,sector 84,0.35,387,1,1,1,0,0,13,Relatively New,furnished,Low,1,9.04,7,High Floor
flat,godrej nature plus,sector 33,2.09,129.42,3,4,3+,0,1,3,New Property,unfurnished,Medium,1,161.49,41.8,Mid Floor
house,ss aaron ville,sector 49,8.37,3456,5,5,2,1,1,2,Relatively New,semifurnished,Low,1,24.22,167.4,Low Floor
flat,m3m soulitude,sector 89,1.61,1423,3,3,0,0,0,4,Undefined,unfurnished,Medium,1,11.31,32.2,Mid Floor
house,ardee city,sector 52,2.9,1800,3,3,3,0,1,4,New Property,semifurnished,Low,1,16.11,58,Mid Floor
flat,indiabulls enigma,sector 110,4.38,3077,4,5,3,0,1,3,Relatively New,unfurnished,Medium,1,14.23,87.6,Mid Floor
flat,emaar gurgaon greens,sector 102,1.74,1315,3,3,3,0,1,5,Relatively New,unfurnished,Medium,1,13.23,34.8,Mid Floor
flat,la vida by tata housing,sector 113,1.7,1199,2,2,2,0,0,3,Relatively New,unfurnished,Low,1,14.18,34,Mid Floor
house,eros rosewood city,sector 49,2.06,60,4,4,3,0,0,4,New Property,semifurnished,Low,1,343.33,41.2,Mid Floor
house,independent,sector 25,8.37,1800,4,3,3,1,0,3,Moderately Old,unfurnished,Low,1,46.5,167.4,Mid Floor
flat,ats kocoon,sector 109,2.84,1860,3,4,3,0,1,8,Relatively New,unfurnished,High,1,15.27,56.8,Mid Floor
flat,mapsko royale ville,sector 82,1.25,1620,3,4,2,0,1,16,Relatively New,unfurnished,Medium,1,7.72,25,High Floor
house,u block dlf phase 3 road no 21,sector 24,2.06,540,7,5,3+,0,0,4,Old Property,unfurnished,Low,1,38.15,41.2,Mid Floor
house,independent,sector 39,6.63,3660,5,5,0,0,0,1,Relatively New,unfurnished,Low,1,18.11,132.6,Low Floor
house,vipul tatvam villa,sector 48,10.82,4000,4,5,3+,1,1,2,Moderately Old,semifurnished,Low,1,27.05,216.4,Low Floor
flat,ramprastha skyz,sector 37d,1.41,1561,3,3,3+,0,0,7,Under Construction,unfurnished,Medium,1,9.03,28.2,Mid Floor
flat,ambience creacions,sector 22,5.28,2069,3,3,3+,0,0,2,New Property,furnished,Medium,1,25.52,105.6,Low Floor
flat,chd avenue,sector 71,1.49,1577,3,3,3,0,1,5,Moderately Old,semifurnished,Medium,1,9.45,29.8,Mid Floor
flat,shree vardhman flora,sector 90,1.03,1350,2,3,2,0,0,0,Undefined,unfurnished,Medium,1,7.63,20.6,Low Floor
flat,sare homes,sector 92,1.53,2533,4,3,3,0,1,14,Relatively New,unfurnished,Medium,1,6.04,30.6,High Floor
flat,hsiidc sidco shivalik apartments,manesar,0.78,1277,3,2,2,0,0,5,Moderately Old,unfurnished,Medium,1,6.11,15.6,Mid Floor
flat,smart world gems,sector 89,1.36,1103,2,2,2,1,0,4,Under Construction,unfurnished,Low,1,12.33,27.2,Mid Floor
flat,corona optus,sector 37,1.85,1834,3,3,3+,0,1,2,Relatively New,unfurnished,Low,1,10.09,37,Low Floor
flat,m3m woodshire,sector 107,1.74,1950,3,4,3+,0,1,8,Relatively New,semifurnished,Medium,1,8.92,34.8,Mid Floor
flat,orris aster court premier,sector 85,1.87,1616,3,4,2,0,1,3,New Property,unfurnished,Low,1,11.57,37.4,Mid Floor
flat,spaze privvy the address,sector 93,1.61,1350,3,4,2,0,0,12,Relatively New,semifurnished,Medium,1,11.93,32.2,High Floor
flat,m3m golf hills phase 1,sector 79,2.19,1570,3,2,3,0,0,10,Undefined,unfurnished,Low,1,13.95,43.8,Mid Floor
flat,puri emerald bay,sector 104,2.9,2303,3,4,3+,0,1,4,Relatively New,semifurnished,High,1,12.59,58,Mid Floor
flat,parsvnath green ville,sector 48,2.06,1895,3,3,3+,0,0,8,Old Property,semifurnished,Low,1,10.87,41.2,Mid Floor
house,independent,sector 12,1.8,166,2,2,1,0,0,2,Old Property,unfurnished,Low,1,108.43,36,Low Floor
flat,today callidora,sector 73,1.16,1622,3,3,3,0,1,3,Under Construction,unfurnished,Medium,1,7.15,23.2,Mid Floor
house,house number b-34,sector 5,1.03,900,2,2,1,0,0,1,Old Property,unfurnished,Low,1,11.44,20.6,Low Floor
flat,dlf new town heights,sector 90,2.51,2456,4,4,3+,0,1,24,Relatively New,unfurnished,High,1,10.22,50.2,High Floor
flat,the center court,sector 88a,2.7,1745,4,4,3,1,1,0,New Property,unfurnished,Medium,1,15.47,54,Low Floor
flat,shapoorji pallonji joyville gurugram,sector 102,1.6,1100,2,2,2,0,0,10,Relatively New,unfurnished,Medium,1,14.55,32,Mid Floor
flat,vatika gurgaon,sector 83,1.08,1127,2,2,2,0,0,7,Moderately Old,semifurnished,High,1,9.58,21.6,Mid Floor
flat,vatika sovereign park,sector 99,3.16,2516,3,4,3,0,1,1,New Property,semifurnished,High,1,12.56,63.2,Low Floor
flat,ss the leaf,sector 85,2.41,2225,3,4,3,0,0,7,Relatively New,unfurnished,Low,1,10.83,48.2,Mid Floor
house,"nirmal enclave, maruti kunj road",sector 11,0.31,450,2,2,0,0,0,2,Relatively New,unfurnished,Low,1,6.89,6.2,Low Floor
flat,gls arawali homes,sohna road,0.41,476,2,1,0,0,0,0,Undefined,unfurnished,Low,1,8.61,8.2,Low Floor
house,independent,sector 43,7.41,1935,4,4,2,0,1,2,Old Property,unfurnished,Low,1,38.29,148.2,Low Floor
house,independent,sector 105,0.9,1200,3,2,2,0,0,1,Undefined,unfurnished,Low,1,7.5,18,Low Floor
house,independent,sector 24,3.55,3000,7,7,3+,0,0,3,Moderately Old,semifurnished,Low,1,11.83,71,Mid Floor
flat,the pearl apartmen,sector 15,0.56,856,2,2,1,0,0,2,Relatively New,semifurnished,Low,1,6.54,11.2,Low Floor
flat,the close north,sector 50,3.76,2600,3,3,3,0,1,10,Moderately Old,semifurnished,High,1,14.46,75.2,Mid Floor
flat,emaar palm gardens,sector 83,2.31,1667,3,4,3+,0,1,6,Relatively New,semifurnished,Medium,1,13.86,46.2,Mid Floor
house,independent,sector 25,10.31,11111,3,9,2,0,0,3,New Property,unfurnished,Low,1,9.28,206.2,Mid Floor
flat,hcbs sports ville,sohna road,0.38,577,2,2,1,0,0,4,Relatively New,unfurnished,Low,1,6.59,7.6,Mid Floor
flat,experion the heartsong,sector 108,2,1750,3,3,3+,0,1,7,Relatively New,semifurnished,High,1,11.43,40,Mid Floor
house,suncity township,sector 54,32.2,8036,4,4,3+,1,1,2,Moderately Old,unfurnished,Low,1,40.07,644,Low Floor
house,independent,sector 2,25.11,7200,8,9,3+,1,1,2,New Property,unfurnished,Medium,1,34.88,502.2,Low Floor
flat,ss the leaf,sector 85,1.36,1484,2,2,3,0,0,6,Relatively New,unfurnished,Low,1,9.16,27.2,Mid Floor
flat,tulip violet,sector 69,2.19,1783,4,4,1,0,0,12,Relatively New,unfurnished,Medium,1,12.28,43.8,High Floor
flat,dhoot time residency,sector 63,3.86,1642,3,3,3+,0,1,14,Relatively New,semifurnished,Low,1,23.51,77.2,High Floor
flat,raheja vedaanta,sector 108,1.03,1663,3,3,3,0,0,9,Relatively New,unfurnished,High,1,6.19,20.6,Mid Floor
flat,m3m golfestate,sector 65,6.36,2754,3,4,3,0,1,15,Moderately Old,unfurnished,High,1,23.09,127.2,High Floor
house,international city by sobha phase 2,sector 109,12.11,3600,5,6,3+,1,1,2,Relatively New,semifurnished,Medium,1,33.64,242.2,Low Floor
flat,shree vardhman victoria,sector 70,2.1,1527,3,3,3,0,1,5,New Property,unfurnished,Low,1,13.75,42,Mid Floor
flat,laxmi apartment sector 99a gurgaon,sector 99,0.39,600,2,2,1,0,0,4,New Property,unfurnished,Low,1,6.5,7.8,Mid Floor
flat,sare crescent parc,sector 92,0.66,1131,3,2,2,0,0,2,Relatively New,unfurnished,Medium,1,5.84,13.2,Low Floor
flat,shapoorji pallonji joyville gurugram,sector 102,1.65,1100,2,2,3,0,0,10,Relatively New,unfurnished,Low,1,15,33,Mid Floor
flat,signature global park,sohna road,0.7,833,2,2,2,0,0,4,Under Construction,unfurnished,Medium,1,8.4,14,Mid Floor
flat,ramprastha the atrium,sector 37d,1.29,1163,3,3,2,0,0,4,Relatively New,unfurnished,Low,1,11.09,25.8,Mid Floor
flat,umang monsoon breeze,sector 78,1.16,1900,3,3,2,0,1,1,Moderately Old,unfurnished,Medium,1,6.11,23.2,Low Floor
flat,sare crescent parc,sector 92,1.29,2093,4,4,3,0,0,9,Undefined,unfurnished,Low,1,6.16,25.8,Mid Floor
flat,green court,sector 90,0.58,696,2,2,1,0,0,2,New Property,semifurnished,Low,1,8.33,11.6,Low Floor
flat,bestech park view sanskruti,sector 92,2.36,2104,4,3,3,0,1,8,New Property,unfurnished,Medium,1,11.22,47.2,Mid Floor
house,vatika india next,sector 82,8.76,3240,4,4,3+,0,1,3,Relatively New,furnished,Medium,1,27.04,175.2,Mid Floor
flat,m3m merlin,sector 67,4.38,2016,3,4,3,0,1,16,Relatively New,semifurnished,High,1,21.73,87.6,High Floor
flat,emaar gurgaon greens,sector 102,1.8,1315,3,3,3,0,1,3,Relatively New,unfurnished,Medium,1,13.69,36,Mid Floor
flat,bptp pedestal,sector 70a,2.06,1750,3,3,3,0,1,2,New Property,unfurnished,Medium,1,11.77,41.2,Low Floor
flat,m3m woodshire,sector 107,1.03,1236,2,2,3+,0,0,14,New Property,unfurnished,Medium,1,8.33,20.6,High Floor
flat,vatika the seven lamps,sector 82,1.65,1800,3,3,3,1,0,3,Relatively New,semifurnished,High,1,9.17,33,Mid Floor
flat,orris carnation residency,sector 85,1.03,1390,3,4,3,0,1,4,Relatively New,semifurnished,Low,1,7.41,20.6,Mid Floor
flat,tulip violet,sector 69,1.8,1428,3,3,2,0,0,2,Relatively New,unfurnished,Medium,1,12.61,36,Low Floor
flat,m3m woodshire,sector 107,1.79,2057,3,4,3+,0,1,6,Relatively New,semifurnished,High,1,8.7,35.8,Mid Floor
flat,tarc maceo,sector 91,2.31,2578,4,3,3+,1,0,0,Relatively New,furnished,Low,1,8.96,46.2,Low Floor
flat,pgr shree kripaluji apartment,sector 52,1.8,2556,3,3,3+,0,0,8,Relatively New,semifurnished,Medium,1,7.04,36,Mid Floor
flat,dlf regency park,sector 28,3.03,1700,3,4,3,0,1,8,Old Property,semifurnished,Medium,1,17.82,60.6,Mid Floor
flat,dlf new town heights,sector 86,1.61,1747,3,4,3+,0,1,2,Relatively New,unfurnished,Medium,1,9.22,32.2,Low Floor
flat,capital residences 360,sector 70a,2,1600,3,3,3,1,1,8,Relatively New,unfurnished,Low,1,12.5,40,Mid Floor
flat,siddhartha apartment,sector 95,0.92,1800,3,3,2,0,0,4,Relatively New,unfurnished,Low,1,5.11,18.4,Mid Floor
house,independent,sector 8,0.8,550,3,1,0,0,0,2,Undefined,unfurnished,Low,1,14.55,16,Low Floor
flat,signature global solera,sector 107,0.47,608,2,2,2,0,0,8,Relatively New,unfurnished,Low,1,7.73,9.4,Mid Floor
flat,imperia the esfera,sector 37,1.27,1660,3,4,3,0,1,9,Relatively New,unfurnished,Low,1,7.65,25.4,Mid Floor
flat,signature global orchard avenue,sector 93,0.49,661,2,2,2,0,0,7,Relatively New,unfurnished,Low,1,7.41,9.8,Mid Floor
flat,ats triumph,sector 104,2.96,2544,3,4,3+,0,1,15,New Property,unfurnished,Medium,1,11.64,59.2,High Floor
flat,signature global orchard avenue,sector 93,0.47,604,2,2,2,0,0,6,Relatively New,unfurnished,Low,1,7.78,9.4,Mid Floor
house,independent,sector 9,0.28,37,2,2,2,0,0,1,Undefined,unfurnished,Low,1,75.68,5.6,Low Floor
house,independent,sector 4,4.18,2250,3,3,2,0,0,2,Old Property,unfurnished,Low,1,18.58,83.6,Low Floor
flat,adani brahma samsara vilasa,sector 63,4.38,3077,3,3,3+,0,0,1,New Property,unfurnished,Medium,1,14.23,87.6,Low Floor
flat,la vida by tata housing,sector 113,2.26,1424,2,2,3,1,0,10,Relatively New,unfurnished,Medium,1,15.87,45.2,Mid Floor
house,independent,sector 31,4.5,1449,4,4,3,0,0,2,Old Property,semifurnished,Medium,1,31.06,90,Low Floor
flat,tulip violet,sector 69,1.88,1428,3,3,2,0,0,0,Relatively New,semifurnished,High,1,13.17,37.6,Low Floor
flat,zara aavaas,sector 104,0.33,301,1,1,2,0,0,0,Relatively New,unfurnished,Medium,1,10.96,6.6,Low Floor
flat,ireo skyon,sector 60,3.41,2037,3,4,3+,0,1,7,Moderately Old,semifurnished,High,1,16.74,68.2,Mid Floor
flat,shapoorji pallonji joyville,sector 102,1.41,915,2,2,1,0,0,7,Undefined,unfurnished,Low,1,15.41,28.2,Mid Floor
flat,whiteland blissville,sector 76,2.47,1672,3,3,2,0,0,2,Undefined,unfurnished,Medium,1,14.77,49.4,Low Floor
flat,central park flower valley,sohna road,2.12,1051,3,3,0,0,0,1,Undefined,unfurnished,Medium,1,20.17,42.4,Low Floor
flat,eldeco accolade,sohna road,0.91,1131,2,2,3+,1,0,10,Relatively New,unfurnished,Low,1,8.05,18.2,Mid Floor
house,independent,sector 3,1.16,1008,3,1,0,0,0,1,Undefined,unfurnished,Low,1,11.51,23.2,Low Floor
flat,conscient elevate,sector 59,8.7,2567,4,4,2,0,1,10,New Property,unfurnished,Low,1,33.89,174,Mid Floor
flat,ss the coralwood,sector 84,1.3,1475,3,3,2,0,0,18,Relatively New,unfurnished,Low,1,8.81,26,High Floor
flat,ss the leaf,sector 85,1.41,1464,2,2,3+,0,0,3,Relatively New,unfurnished,Medium,1,9.63,28.2,Mid Floor
flat,mvn athens,sohna road,0.32,535,2,2,1,0,0,3,Relatively New,unfurnished,Medium,1,5.98,6.4,Mid Floor
house,nirvana country,sector 50,12.88,7000,5,7,2,0,1,4,Moderately Old,furnished,Low,1,18.4,257.6,Mid Floor
house,independent,sector 13,0.8,192,6,6,0,0,0,3,Undefined,unfurnished,Low,1,41.67,16,Mid Floor
flat,kamal residence,sohna road,0.51,582,2,2,1,0,0,0,New Property,semifurnished,Low,1,8.76,10.2,Low Floor
house,independent,sector 4,0.6,1350,3,4,0,0,0,3,Undefined,unfurnished,Low,1,4.44,12,Mid Floor
flat,sare green parc phase 3,sector 92,1.39,1891,4,4,2,0,1,16,New Property,unfurnished,Medium,1,7.35,27.8,High Floor
flat,ats triumph,sector 104,3.35,2851,4,4,3+,0,1,12,Relatively New,unfurnished,Medium,1,11.75,67,High Floor
flat,dlf the belaire,sector 54,12.88,3000,4,5,3+,0,1,17,Moderately Old,furnished,High,1,42.93,257.6,High Floor
flat,tulip leaf,sector 69,2.67,1640,3,3,3,0,0,16,Relatively New,unfurnished,Low,1,16.28,53.4,High Floor
flat,ramprastha city,dwarka expressway,1.68,1303,3,3,2,0,0,3,Under Construction,unfurnished,Low,1,12.89,33.6,Mid Floor
flat,smart world orchard,sector 61,3.35,1766,3,3,2,0,0,2,New Property,unfurnished,Low,1,18.97,67,Low Floor
house,independent,sector 43,2.77,1650,1,1,0,0,0,1,Undefined,unfurnished,Low,1,16.79,55.4,Low Floor
flat,smart world orchard,sector 61,2,1041,2,2,1,1,0,3,Under Construction,unfurnished,Low,1,19.21,40,Mid Floor
flat,godrej nature plus,sector 33,1.74,1409,3,2,3+,0,0,17,New Property,unfurnished,Low,1,12.35,34.8,High Floor
flat,godrej nature plus,sector 33,1.74,1484,3,2,3+,0,0,7,Under Construction,unfurnished,Low,1,11.73,34.8,Mid Floor
flat,shapoorji pallonji joyville gurugram,sector 102,2.31,1531,3,3,3,0,0,5,Relatively New,unfurnished,Low,1,15.09,46.2,Mid Floor
flat,emaar gurgaon greens,sector 102,1.68,1388,3,3,3,0,1,7,Relatively New,unfurnished,Medium,1,12.1,33.6,Mid Floor
flat,bestech altura,sector 79,2.21,1695,3,4,3+,0,1,5,Relatively New,semifurnished,High,1,13.04,44.2,Mid Floor
flat,signature global solera,sector 107,0.35,543,2,2,2,0,0,0,Relatively New,unfurnished,Low,1,6.45,7,Low Floor
flat,dlf park place,sector 54,8.7,2076,4,4,2,0,1,8,Moderately Old,furnished,Medium,1,41.91,174,Mid Floor
flat,indiabulls centrum park,sector 103,1.72,1560,3,3,3+,1,0,13,Relatively New,unfurnished,Medium,1,11.03,34.4,High Floor
flat,supertech new soft launch,sector 68,1.08,1180,2,2,2,0,0,7,Undefined,unfurnished,Low,1,9.15,21.6,Mid Floor
flat,emaar mgf the palm drive,sector 66,3.86,1950,3,3,2,0,1,12,Relatively New,unfurnished,Medium,1,19.79,77.2,High Floor
house,ansal sushant lok plots,sector 43,9.02,2700,5,5,3+,1,1,3,Relatively New,semifurnished,Low,1,33.41,180.4,Mid Floor
flat,orchid petals,sector 49,6.17,3724,5,5,3+,1,1,14,Relatively New,unfurnished,Low,1,16.57,123.4,High Floor
house,ansal api esencia,sector 67,7.03,2259,4,5,3+,1,0,2,Relatively New,semifurnished,Medium,1,31.12,140.6,Low Floor
flat,godrej nature plus,sector 33,1.87,118,3,2,3+,1,0,20,Under Construction,unfurnished,Medium,1,158.47,37.4,High Floor
flat,smart world gems,sector 89,1.09,1226,2,2,2,1,0,2,Under Construction,unfurnished,Low,1,8.89,21.8,Low Floor
flat,adani brahma samsara vilasa,sector 63,5.78,3150,4,4,3+,0,0,3,New Property,semifurnished,Medium,1,18.35,115.6,Mid Floor
house,independent,sector 25,17.4,3618,5,6,3+,0,0,4,Old Property,semifurnished,Medium,1,48.09,348,Mid Floor
flat,la vida by tata housing,sector 113,3,2098,3,3,3,0,1,3,New Property,unfurnished,High,1,14.3,60,Mid Floor
flat,ireo the grand arch,sector 58,5.15,2164,3,4,3,0,1,5,Old Property,semifurnished,Low,1,23.8,103,Mid Floor
flat,emaar mgf emerald floors premier,sector 65,3.74,1975,4,4,3+,1,1,4,Relatively New,semifurnished,High,1,18.94,74.8,Mid Floor
house,independent,sector 56,4.18,1512,5,6,3+,0,0,4,Relatively New,semifurnished,Low,1,27.65,83.6,Mid Floor
flat,gls arawali homes,sohna road,0.39,516,2,2,2,0,0,10,Relatively New,unfurnished,Low,1,7.56,7.8,Mid Floor
flat,suncity avenue,sector 102,0.6,582,2,2,1,0,0,5,Relatively New,unfurnished,Medium,1,10.31,12,Mid Floor
flat,sidhartha ncr greens,sector 95,1.23,1720,3,3,3,0,0,8,New Property,unfurnished,Low,1,7.15,24.6,Mid Floor
flat,dlf regal gardens,sector 90,1.64,1500,3,3,3+,0,0,2,Relatively New,unfurnished,Medium,1,10.93,32.8,Low Floor
flat,smart world gems,sector 89,1.3,1226,2,2,2,1,0,4,Under Construction,unfurnished,Low,1,10.6,26,Mid Floor
house,independent,sector 105,1.68,1125,3,3,1,0,0,1,Undefined,unfurnished,Low,1,14.93,33.6,Low Floor
flat,signature global solera,sector 107,0.64,717,3,2,2,0,0,6,Relatively New,unfurnished,Low,1,8.93,12.8,Mid Floor
flat,shree vardhman flora,sector 90,1.64,2248,4,5,2,1,1,9,New Property,unfurnished,Medium,1,7.3,32.8,Mid Floor
flat,lotus elise,sector 99,1.22,1611,2,3,3,0,1,7,Relatively New,unfurnished,Low,1,7.57,24.4,Mid Floor
flat,godrej summit,sector 104,1.49,2018,3,4,3+,0,1,8,Relatively New,semifurnished,Medium,1,7.38,29.8,Mid Floor
flat,bestech park view residency,sector 2,1.8,1611,3,3,3+,0,0,8,Moderately Old,unfurnished,Medium,1,11.17,36,Mid Floor
flat,pareena coban residences,sector 99,1.31,1430,2,2,3,1,0,3,Relatively New,unfurnished,High,1,9.16,26.2,Mid Floor
flat,breez global hill view,sohna road,0.54,650,2,2,1,0,0,18,Relatively New,unfurnished,Low,1,8.31,10.8,High Floor
flat,experion the heartsong,sector 108,1.27,978.223232,2,3,3,1,1,12,Relatively New,unfurnished,Low,1,12.98,25.4,High Floor
house,independent,sector 12,1.29,3750,3,7,3+,0,0,3,Moderately Old,unfurnished,Low,1,3.44,25.8,Mid Floor
flat,godrej air,sector 85,2.36,2032,3,3,3+,0,0,18,Under Construction,unfurnished,Medium,1,11.61,47.2,High Floor
flat,dlf ridgewood estate,sector 28,2.58,1240,3,3,1,0,0,12,Old Property,semifurnished,Medium,1,20.81,51.6,High Floor
house,independent,sector 46,2.9,90,4,3,3,1,0,3,Relatively New,semifurnished,Low,1,322.22,58,Mid Floor
flat,umang winter hills,sector 77,1.29,1489,2,2,2,0,0,3,New Property,unfurnished,Medium,1,8.66,25.8,Mid Floor
house,independent,sector 11,1.74,3500,10,6,3+,0,0,3,Old Property,unfurnished,Low,1,4.97,34.8,Mid Floor
flat,the lions cghs,sector 56,2.64,2600,4,4,3+,0,0,7,Old Property,semifurnished,Medium,1,10.15,52.8,Mid Floor
flat,hcbs sports ville,sohna road,0.32,600,1,1,1,0,0,12,Relatively New,unfurnished,Low,1,5.33,6.4,High Floor
flat,ss the leaf,sector 85,2.38,2545,4,5,3+,0,0,1,Relatively New,unfurnished,Medium,1,9.35,47.6,Low Floor
flat,nagata group housing society,sector 1,1.09,2081,3,3,3+,0,1,4,Relatively New,unfurnished,Low,1,5.24,21.8,Mid Floor
flat,tata primanti,sector 72,5.15,2800,4,5,3+,0,1,9,Relatively New,semifurnished,High,1,18.39,103,Mid Floor
flat,aipl zen residences,sector 70a,1.8,1262,2,2,2,0,0,16,Undefined,unfurnished,Low,1,14.26,36,High Floor
flat,m3m woodshire,sector 107,1.16,1236,2,2,3+,0,0,4,Relatively New,unfurnished,Low,1,9.39,23.2,Mid Floor
flat,sare green parc,sector 92,1.09,1300,3,2,2,0,0,20,Undefined,unfurnished,Low,1,8.38,21.8,High Floor
flat,ats tourmaline,sector 109,2.12,1946,3,3,3+,0,1,16,Relatively New,semifurnished,Low,1,10.89,42.4,High Floor
flat,ansal housing highland park,sector 103,1.61,1464,3,3,3+,0,0,2,New Property,unfurnished,Medium,1,11,32.2,Low Floor
flat,godrej oasis,sector 88a,1.22,1452,2,2,2,0,0,6,Relatively New,unfurnished,Medium,1,8.4,24.4,Mid Floor
flat,dlf beverly park,sector 25,10.31,5778,5,5,3+,1,1,2,Old Property,furnished,Low,1,17.84,206.2,Low Floor
flat,sobha city,sector 108,4.83,2120,3,3,2,0,1,16,New Property,unfurnished,Medium,1,22.78,96.6,High Floor
flat,shree vardhman victoria,sector 70,1.38,1222,2,2,3,1,0,8,Relatively New,unfurnished,Medium,1,11.29,27.6,Mid Floor
flat,aipl the peaceful homes,sector 70a,3.25,2127,3,4,3,0,1,8,Relatively New,unfurnished,High,1,15.28,65,Mid Floor
flat,ss the leaf,sector 85,2.49,2400,3,4,3,0,1,7,Relatively New,unfurnished,High,1,10.38,49.8,Mid Floor
flat,ambience creacions,sector 22,3.59,1860,3,3,3,0,0,13,New Property,furnished,High,1,19.3,71.8,High Floor
flat,sbr apartment,manesar,0.88,1526,3,3,3,0,0,2,Moderately Old,unfurnished,Low,1,5.77,17.6,Low Floor
house,independent,sector 2,6.44,3611,6,6,2,0,0,1,Undefined,unfurnished,Low,1,17.83,128.8,Low Floor
flat,vatika gurgaon,sector 83,1.22,1300,2,2,3,0,0,5,Relatively New,semifurnished,Medium,1,9.38,24.4,Mid Floor
flat,mrg skyline,sector 106,2.35,1359,3,2,2,0,0,4,Undefined,unfurnished,Low,1,17.29,47,Mid Floor
flat,m3m skywalk,sector 74,1.98,1200,2,2,3+,0,0,15,Relatively New,unfurnished,Medium,1,16.5,39.6,High Floor
flat,greenopolis,sector 89,1.16,1910,3,3,0,0,0,14,Under Construction,unfurnished,Medium,1,6.07,23.2,High Floor
flat,emaar palm gardens,sector 83,1.78,1350,3,3,3,0,1,5,Relatively New,semifurnished,Low,1,13.19,35.6,Mid Floor
flat,godrej summit,sector 104,1.74,3000,4,5,3+,1,1,0,Relatively New,unfurnished,Medium,1,5.8,34.8,Low Floor
flat,tashee capital gateway,sector 111,1.23,1338,2,2,1,1,0,4,Under Construction,unfurnished,Medium,1,9.19,24.6,Mid Floor
flat,godrej summit,sector 104,0.97,1148,2,2,3,0,0,6,Relatively New,unfurnished,Medium,1,8.45,19.4,Mid Floor
flat,emaar palm gardens,sector 83,2.21,1600,3,3,3,0,1,4,Relatively New,semifurnished,High,1,13.81,44.2,Mid Floor
flat,signature global solera,sector 107,0.49,627,2,2,2,0,0,3,Relatively New,furnished,Low,1,7.81,9.8,Mid Floor
flat,hsiidc sidco aravali,manesar,1.16,1900,3,3,3+,0,1,8,Moderately Old,unfurnished,Low,1,6.11,23.2,Mid Floor
flat,godrej aria,sector 79,1.23,1012,2,2,3,0,0,8,Relatively New,unfurnished,Low,1,12.15,24.6,Mid Floor
flat,m3m woodshire,sector 107,1.92,2137,3,4,3+,0,1,5,Relatively New,semifurnished,High,1,8.98,38.4,Mid Floor
flat,shree vardhman victoria,sector 70,2.06,1527,3,3,3,1,1,10,Relatively New,unfurnished,Low,1,13.49,41.2,Mid Floor
flat,conscient heritage max,sector 102,3.86,3178,4,4,3+,0,0,7,Relatively New,semifurnished,Medium,1,12.15,77.2,Mid Floor
flat,m3m sierra 68,sector 68,1.46,1130,2,2,3,0,0,9,Relatively New,semifurnished,Medium,1,12.92,29.2,Mid Floor
flat,sbr minda sec 1 imt manesar,manesar,0.83,1696,3,2,3+,0,0,6,Moderately Old,unfurnished,Low,1,4.89,16.6,Mid Floor
flat,ireo victory valley,sector 67,3.93,2029,3,3,3+,0,1,21,Relatively New,semifurnished,High,1,19.37,78.6,High Floor
flat,friends apartment,sector 52,2.58,2091,4,3,3,0,1,5,Moderately Old,furnished,Medium,1,12.34,51.6,Mid Floor
flat,sobha city,sector 108,3.74,2003,3,4,2,0,0,8,New Property,unfurnished,Medium,1,18.67,74.8,Mid Floor
house,independent,sector 25,13.52,3618,5,5,3,1,1,3,Moderately Old,unfurnished,Low,1,37.37,270.4,Mid Floor
flat,tulip petals,sector 89,2,1403,3,2,3,0,0,6,Moderately Old,semifurnished,Medium,1,14.26,40,Mid Floor
flat,shri ram apartments,sector 4,0.41,1056,2,2,1,0,0,4,Relatively New,semifurnished,Low,1,3.88,8.2,Mid Floor
flat,sidhartha ncr one phase,sector 95,0.59,990,2,2,0,0,0,6,Undefined,unfurnished,Low,1,5.96,11.8,Mid Floor
flat,mapsko mount ville,sector 79,1.55,1165,3,3,3,1,0,18,Relatively New,semifurnished,High,1,13.3,31,High Floor
flat,conscient one,sector 109,2.19,965,1,1,2,0,0,9,Undefined,unfurnished,Low,1,22.69,43.8,Mid Floor
house,independent,sector 47,1.28,576,1,4,3,0,0,4,Relatively New,unfurnished,Low,1,22.22,25.6,Mid Floor
flat,silverglades hightown residences,sector 43,5.41,2125,3,4,2,0,0,7,Under Construction,unfurnished,Low,1,25.46,108.2,Mid Floor
flat,experion windchants,sector 112,3.86,2600,3,3,2,0,0,2,Relatively New,semifurnished,Low,1,14.85,77.2,Low Floor
house,ss aaron ville,sector 49,8.7,3420,5,4,2,1,1,2,Old Property,unfurnished,Medium,1,25.44,174,Low Floor
flat,emaar mgf palm hills,sector 77,1.61,1611,3,4,3,0,1,1,Relatively New,semifurnished,Medium,1,9.99,32.2,Low Floor
flat,ss the leaf,sector 85,2.56,2398,3,4,3+,0,1,17,Relatively New,semifurnished,High,1,10.68,51.2,High Floor
flat,experion the heartsong,sector 108,2.17,1338.29,3,3,3+,1,1,4,Relatively New,semifurnished,Medium,1,16.21,43.4,Mid Floor
flat,eldeco accolade,sohna road,1,1144,2,2,2,0,0,3,Relatively New,unfurnished,Medium,1,8.74,20,Mid Floor
flat,alpha corp gurgaonone,sector 84,1.92,1833,3,3,3,0,1,6,Relatively New,unfurnished,Low,1,10.47,38.4,Mid Floor
flat,unitech greenwood city,sector 45,3.09,195,3,3,2,0,1,1,New Property,semifurnished,Low,1,158.46,61.8,Low Floor
flat,emaar mgf emerald floors premier,sector 65,3.74,2194,4,4,0,0,0,0,Relatively New,unfurnished,Medium,1,17.05,74.8,Low Floor
flat,experion the heartsong,sector 108,2.95,2779,4,5,3+,0,1,8,Relatively New,semifurnished,Medium,1,10.62,59,Mid Floor
flat,emaar mgf emerald floors premier,sector 65,3.09,1600,3,3,3,1,1,3,Relatively New,semifurnished,Low,1,19.31,61.8,Mid Floor
flat,trisara our homes 3,sohna road,0.43,699,2,2,1,0,0,0,New Property,unfurnished,Low,1,6.15,8.6,Low Floor
flat,imperia the esfera,sector 37,1.11,1593,3,3,2,0,0,0,New Property,unfurnished,Low,1,6.97,22.2,Low Floor
flat,pioneer park,sector 61,2.06,1533,2,2,2,0,1,21,Relatively New,unfurnished,Medium,1,13.44,41.2,High Floor
flat,vatika xpressions,sector 88,1.41,1350,2,4,3+,1,0,2,Under Construction,unfurnished,Medium,1,10.44,28.2,Low Floor
flat,ireo skyon,sector 60,3.93,2300,3,3,3,0,1,9,Relatively New,semifurnished,High,1,17.09,78.6,Mid Floor
flat,signature andour heights,sector 71,0.78,557,2,2,1,0,0,5,Relatively New,unfurnished,Medium,1,14,15.6,Mid Floor
house,vipul tatvam villa,sector 48,10.94,4000,4,5,3+,1,1,2,Moderately Old,semifurnished,Low,1,27.35,218.8,Low Floor
house,independent,sector 9,4.5,2610,9,9,3+,1,0,3,Relatively New,unfurnished,Low,1,17.24,90,Mid Floor
flat,indiabulls enigma,sector 110,4.64,3077,4,5,3,0,1,7,Relatively New,unfurnished,High,1,15.08,92.8,Mid Floor
house,sector 15 part 2 rwa,sector 15,12.88,4518,5,5,2,0,0,2,Old Property,unfurnished,Low,1,28.51,257.6,Low Floor
flat,shree vardhman victoria,sector 70,2.06,2167,3,5,3,0,1,6,Relatively New,unfurnished,High,1,9.51,41.2,Mid Floor
house,independent,sector 10,2.19,900,2,1,2,0,0,2,Old Property,unfurnished,Low,1,24.33,43.8,Low Floor
house,mian wali,sector 12,2.19,1800,1,1,1,0,1,1,Old Property,unfurnished,Low,1,12.17,43.8,Low Floor
flat,dlf the ultima,sector 81,3.03,1550,3,3,3+,1,1,14,Relatively New,furnished,Low,1,19.55,60.6,High Floor
house,international city by sobha phase 2,sector 109,9.02,5400,5,6,2,0,1,2,Relatively New,unfurnished,High,1,16.7,180.4,Low Floor
flat,ramsons kshitij,sector 95,0.24,3569,1,1,1,0,0,14,Relatively New,unfurnished,Low,1,0.67,4.8,High Floor
flat,adani brahma samsara vilasa,sector 63,4.32,2034,3,3,3+,0,0,3,New Property,semifurnished,Low,1,21.24,86.4,Mid Floor
flat,spaze privy,sector 72,3.99,3374,4,5,3+,1,1,8,Moderately Old,unfurnished,Medium,1,11.83,79.8,Mid Floor
flat,paras dews,sector 106,1.41,1186,3,4,3+,0,1,8,Relatively New,semifurnished,High,1,11.89,28.2,Mid Floor
house,dlf city plots,sector 26,5.15,8829,4,3,2,0,0,2,Relatively New,semifurnished,Low,1,5.83,103,Low Floor
flat,adani m2k oyster grande,sector 102,3.21,2600,4,5,3+,0,1,10,Relatively New,semifurnished,High,1,12.35,64.2,Mid Floor
flat,orchid petals,sector 49,2.69,1633,3,3,3,0,0,0,Relatively New,unfurnished,Low,1,16.47,53.8,Low Floor
flat,orchid petals,sector 49,3.03,2030,3,3,3,0,0,15,Relatively New,unfurnished,Low,1,14.93,60.6,High Floor
flat,signature global park,sohna road,0.87,1095,2,2,3,0,0,4,Relatively New,unfurnished,Medium,1,7.95,17.4,Mid Floor
flat,m3m heights,sector 65,2.45,1141,2,2,3,0,0,4,Under Construction,unfurnished,Medium,1,21.47,49,Mid Floor
flat,signature global park,sohna road,0.9,1281,3,3,3,0,0,2,Relatively New,unfurnished,High,1,7.03,18,Low Floor
flat,ild greens,sector 37,1,1068.1,2,2,3,0,0,1,Moderately Old,semifurnished,Medium,1,9.36,20,Low Floor
house,eros rosewood city,sector 49,4.83,1701,3,3,1,0,0,2,Old Property,semifurnished,Low,1,28.4,96.6,Low Floor
flat,godrej habitat,sector 3,1.74,1056,2,2,0,0,0,4,Undefined,unfurnished,Medium,1,16.48,34.8,Mid Floor
flat,krrish provence estate,gwal pahari,7.09,5249,4,5,3+,1,1,11,New Property,unfurnished,High,1,13.51,141.8,High Floor
flat,ireo uptown,sector 66,2.38,1470,2,3,3,0,1,16,Relatively New,semifurnished,Medium,1,16.19,47.6,High Floor
flat,godrej aria,sector 79,1.22,1611,2,2,3,0,0,5,Relatively New,semifurnished,High,1,7.57,24.4,Mid Floor
flat,kendriya vihar,sector 56,0.6,672,1,1,1,0,0,3,Old Property,semifurnished,Medium,1,8.93,12,Mid Floor
flat,m3m heights,sector 65,2.56,1140,2,2,2,0,0,26,Under Construction,unfurnished,Low,1,22.46,51.2,High Floor
flat,corona optus,sector 37,1.61,1350,3,3,3,0,0,4,Relatively New,unfurnished,Low,1,11.93,32.2,Mid Floor
flat,umang winter hills,sector 77,0.97,1140,2,2,2,0,0,8,Relatively New,semifurnished,Medium,1,8.51,19.4,Mid Floor
house,birla navya,sector 63a,4.96,2771,3,3,3+,0,1,4,New Property,semifurnished,High,1,17.9,99.2,Mid Floor
flat,shree vardhman flora,sector 90,1.23,1697,3,4,3,0,1,3,New Property,unfurnished,Medium,1,7.25,24.6,Mid Floor
flat,sunischit apartments,sector 54,2.18,1991,3,3,3+,0,1,5,Old Property,semifurnished,Medium,1,10.95,43.6,Mid Floor
flat,godrej oasis,sector 88a,1.87,1993,3,3,3,0,0,12,Relatively New,unfurnished,Low,1,9.38,37.4,High Floor
house,international city by sobha phase 2,sector 109,8.05,5400,4,4,3+,0,1,2,Relatively New,unfurnished,Medium,1,14.91,161,Low Floor
flat,g l s arawali homes,sohna road,0.33,521,2,2,2,0,0,1,Moderately Old,unfurnished,Low,1,6.33,6.6,Low Floor
flat,ats triumph,sector 104,2.22,2072,3,4,3+,0,1,15,Relatively New,unfurnished,High,1,10.71,44.4,High Floor
flat,central park resort belgravia residences,sector 48,8.05,3200,3,5,3+,0,1,5,Moderately Old,semifurnished,Low,1,25.16,161,Mid Floor
flat,m3m capital,sector 113,3.69,2553,4,4,3+,0,1,3,Under Construction,unfurnished,Medium,1,14.45,73.8,Mid Floor
flat,puri diplomatic greens,sector 111,3.41,2086,3,4,2,0,1,7,Relatively New,semifurnished,High,1,16.35,68.2,Mid Floor
flat,ambience creacions,sector 22,2.12,1200,2,2,2,0,0,9,Relatively New,furnished,Medium,1,17.67,42.4,Mid Floor
flat,dlf regal gardens,sector 90,1.55,1572,3,3,3+,0,0,15,Relatively New,unfurnished,Medium,1,9.86,31,High Floor
house,independent,sector 14,6.44,2250,3,3,3,0,0,1,Moderately Old,unfurnished,Low,1,28.62,128.8,Low Floor
flat,tata primanti,sector 72,4.1,2376,4,5,3+,0,1,20,Relatively New,semifurnished,High,1,17.26,82,High Floor
flat,dlf the ultima,sector 81,2.96,1854,3,4,3+,0,1,18,Relatively New,furnished,High,1,15.97,59.2,High Floor
flat,dlf the ultima,sector 81,2.96,1825,3,4,3+,0,1,27,Relatively New,semifurnished,Medium,1,16.22,59.2,High Floor
flat,dlf new town heights,sector 90,2.26,2468,4,4,3+,0,1,17,Relatively New,unfurnished,Medium,1,9.16,45.2,High Floor
flat,uphaar homes,sector 105,0.58,1056,3,2,1,0,0,1,Relatively New,semifurnished,Low,1,5.49,11.6,Low Floor
flat,orchid petals,sector 49,3.28,2060,3,4,3,1,0,8,Relatively New,semifurnished,Low,1,15.92,65.6,Mid Floor
flat,belgravia resort residences,sector 48,4.45,1869,3,3,3,0,0,14,Undefined,unfurnished,Low,1,23.81,89,High Floor
flat,signature signum 95a,sector 95,0.51,571,2,2,2,0,0,3,New Property,semifurnished,Low,1,8.93,10.2,Mid Floor
flat,dlf the ultima,sector 81,2.85,1881,3,3,3+,0,1,3,Relatively New,furnished,Medium,1,15.15,57,Mid Floor
flat,hero homes,dwarka expressway,2.06,1529,3,3,3,0,0,1,New Property,unfurnished,Low,1,13.47,41.2,Low Floor
house,independent,sector 4,0.78,57,3,3,1,0,0,2,Old Property,unfurnished,Low,1,136.84,15.6,Low Floor
flat,godrej,sector 33,1.22,1253,2,2,3+,0,0,3,Under Construction,unfurnished,Low,1,9.74,24.4,Mid Floor
house,dlf new town heights,sector 86,3.21,3194,4,5,3+,0,1,4,Moderately Old,semifurnished,Low,1,10.05,64.2,Mid Floor
flat,shapoorji pallonji joyville gurugram,sector 102,2.28,1653,3,3,3,0,0,1,Relatively New,unfurnished,High,1,13.79,45.6,Low Floor
flat,tulip ivory,sector 70,2.58,2169,4,5,3+,0,1,7,Moderately Old,semifurnished,High,1,11.89,51.6,Mid Floor
flat,sobha city,sector 108,5.28,2343,4,5,3,1,1,25,New Property,furnished,Medium,1,22.54,105.6,High Floor
flat,mapsko mount ville,sector 79,2.38,1643,3,4,3,0,1,21,New Property,unfurnished,Low,1,14.49,47.6,High Floor
flat,sidhartha ncr one phase,sector 95,0.72,1234,2,2,2,0,0,10,Relatively New,semifurnished,Medium,1,5.83,14.4,Mid Floor
flat,the close north,sector 50,3.86,2357,3,3,3+,0,1,14,Old Property,semifurnished,Medium,1,16.38,77.2,High Floor
flat,pareena laxmi apartments,sector 99,0.41,577,2,2,1,0,0,2,New Property,unfurnished,Low,1,7.11,8.2,Low Floor
flat,pareena coban residences,sector 99,2.01,1807,3,5,3,0,1,4,New Property,unfurnished,Low,1,11.12,40.2,Mid Floor
flat,godrej,sector 79,3.21,2244,3,3,3+,0,0,5,Undefined,unfurnished,Low,1,14.3,64.2,Mid Floor
flat,city shri ram apartments 1,sector 110,0.28,543,2,1,1,0,0,1,Relatively New,unfurnished,Low,1,5.16,5.6,Low Floor
flat,gls arawali homes,sohna road,0.39,711,2,2,2,0,0,4,Relatively New,unfurnished,Low,1,5.49,7.8,Mid Floor
flat,m3m soulitude,sector 89,1.61,1288,3,3,3,1,0,3,New Property,unfurnished,Medium,1,12.5,32.2,Mid Floor
house,dlf city plots,sector 26,17.4,4518,5,5,3,1,1,2,Old Property,semifurnished,Medium,1,38.51,348,Low Floor
house,dlf new town heights,sector 91,3.21,3400,4,4,3+,1,1,3,Moderately Old,semifurnished,Medium,1,9.44,64.2,Mid Floor
house,independent,sector 43,8.37,1836,5,4,3+,0,1,3,Moderately Old,semifurnished,Medium,1,45.59,167.4,Mid Floor
flat,dlf exclusive floors,sector 43,3.03,1527,3,3,2,0,0,1,Old Property,semifurnished,Medium,1,19.84,60.6,Low Floor
flat,parsvnath exotica,sector 53,6.44,3222,3,4,3,0,1,7,Old Property,semifurnished,Low,1,19.99,128.8,Mid Floor
flat,la vida by tata housing,sector 113,3.03,2210,3,3,3,0,1,11,New Property,unfurnished,High,1,13.71,60.6,High Floor
house,independent,sector 7,1.16,900,2,4,3,0,1,3,Old Property,semifurnished,Low,1,12.89,23.2,Mid Floor
flat,emaar palm gardens,sector 83,1.74,1387,3,3,3,0,1,7,Relatively New,unfurnished,Low,1,12.55,34.8,Mid Floor
flat,shree vardhman victoria,sector 70,2.31,1527,3,4,3,0,1,2,New Property,unfurnished,Low,1,15.13,46.2,Low Floor
flat,conscient heritage max,sector 102,2.77,1945,3,4,3,1,1,13,Relatively New,unfurnished,Medium,1,14.24,55.4,High Floor
flat,dlf icon,sector 43,7.47,2801,4,4,3+,0,0,18,Undefined,unfurnished,Low,1,26.67,149.4,High Floor
house,independent,sector 57,6.05,2160,3,3,2,0,1,2,Old Property,unfurnished,Low,1,28.01,121,Low Floor
flat,supertech hues,sector 68,1.16,1311,2,2,2,0,0,1,New Property,unfurnished,Low,1,8.85,23.2,Low Floor
flat,zara aavaas,sector 104,0.51,514,2,2,1,0,0,4,Relatively New,unfurnished,Medium,1,9.92,10.2,Mid Floor
flat,ats tourmaline,sector 109,2.21,1797,3,4,3+,0,1,7,Relatively New,unfurnished,High,1,12.3,44.2,Mid Floor
house,not applicable,sector 4,0.51,432,1,1,1,0,0,1,Moderately Old,unfurnished,Low,1,11.81,10.2,Low Floor
flat,bestech park view sanskruti,sector 92,2,1805,3,4,3,0,1,8,Relatively New,unfurnished,Low,1,11.08,40,Mid Floor
house,nirvana cedar crest,sector 50,5.14,4500,4,5,3+,0,1,4,New Property,semifurnished,Medium,1,11.42,102.8,Mid Floor
flat,bestech park view grand spa,sector 81,2.96,2280,3,4,3+,0,1,7,Relatively New,semifurnished,Low,1,12.98,59.2,Mid Floor
flat,ireo victory valley,sector 67,3.85,2200,3,3,3,0,1,4,Relatively New,semifurnished,Low,1,17.5,77,Mid Floor
flat,emaar mgf emerald floors premier,sector 65,3.6,1650,3,3,2,0,1,3,Relatively New,unfurnished,Medium,1,21.82,72,Mid Floor
flat,residency grand,sector 52,6.44,5200,5,5,3+,0,0,2,Undefined,unfurnished,Low,1,12.38,128.8,Low Floor
flat,ashiana mulberry,sohna road,1.38,1600,3,3,3+,0,0,7,Relatively New,unfurnished,High,1,8.63,27.6,Mid Floor
flat,bestech park view ananda,sector 81,1.87,1352,3,2,3+,0,0,3,Relatively New,unfurnished,Low,1,13.83,37.4,Mid Floor
flat,silverglades the melia,sohna road,1.3,1184,2,2,3,1,0,12,Under Construction,unfurnished,Medium,1,10.98,26,High Floor
house,dlf alameda,sector 73,21.9,9000,5,8,3,1,1,3,Relatively New,furnished,Medium,1,24.33,438,Mid Floor
flat,parsvnath green ville,sector 48,2.06,1700,3,3,3,0,0,13,Old Property,semifurnished,Medium,1,12.12,41.2,High Floor
house,independent,sector 105,0.78,450,3,3,0,0,0,3,Undefined,unfurnished,Low,1,17.33,15.6,Mid Floor
flat,la vida by tata housing,sector 113,3.93,2600,3,4,3,0,1,15,New Property,unfurnished,High,1,15.12,78.6,High Floor
flat,emaar mgf the palm drive,sector 66,5.13,2200,3,4,3+,0,1,2,Moderately Old,semifurnished,Medium,1,23.32,102.6,Low Floor
flat,tulip violet,sector 69,2.26,2056,3,4,2,0,0,0,Relatively New,semifurnished,High,1,10.99,45.2,Low Floor
flat,pioneer urban presidia,sector 62,8.37,3925,4,4,3+,1,0,3,Moderately Old,unfurnished,Medium,1,21.32,167.4,Mid Floor
flat,tulip violet,sector 69,1.85,1428,3,3,2,0,0,1,Relatively New,unfurnished,Medium,1,12.96,37,Low Floor
house,bhim nagar society,sector 6,0.51,1600,4,2,2,0,0,1,Undefined,unfurnished,Low,1,3.19,10.2,Low Floor
flat,whiteland  the aspen,sector 76,4.5,2937,3,4,3,0,0,8,Undefined,unfurnished,Low,1,15.32,90,Mid Floor
flat,emaar imperial gardens,sector 102,2.47,2222,3,3,3,1,1,12,Relatively New,unfurnished,Medium,1,11.12,49.4,High Floor
flat,the new crpf apartments,sector 9,0.97,1433,3,3,3,0,0,6,Old Property,unfurnished,Low,1,6.77,19.4,Mid Floor
flat,breez global heights,sohna road,0.5,720,2,2,2,0,0,3,Relatively New,unfurnished,Low,1,6.94,10,Mid Floor
flat,signature global park,sohna road,0.7,939,2,2,2,0,0,4,Relatively New,unfurnished,High,1,7.45,14,Mid Floor
flat,dlf the ultima,sector 81,3.21,1700,3,3,2,0,1,20,Relatively New,furnished,High,1,18.88,64.2,High Floor
flat,godrej habitat,sector 3,1.61,1161,2,2,3,0,0,14,Under Construction,unfurnished,Low,1,13.87,32.2,High Floor
flat,oriental valley chs,sector 9,1.93,1833,4,3,3+,0,0,8,Relatively New,semifurnished,Low,1,10.53,38.6,Mid Floor
flat,emaar gurgaon greens,sector 102,1.96,1315,3,3,3,0,1,7,Relatively New,semifurnished,Medium,1,14.9,39.2,Mid Floor
flat,vatika gurgaon,sector 83,1.07,1154,2,2,2,0,0,12,Relatively New,unfurnished,High,1,9.27,21.4,High Floor
flat,experion the heartsong,sector 108,3.86,2204.25,4,5,3+,0,1,2,Relatively New,furnished,Medium,1,17.51,77.2,Low Floor
flat,sare crescent parc,sector 92,1.22,1895,4,5,3+,0,0,13,Undefined,unfurnished,Low,1,6.44,24.4,High Floor
flat,pyramid urban homes 2,sector 86,0.64,573,2,2,2,0,0,6,Old Property,unfurnished,Low,1,11.17,12.8,Mid Floor
house,independent,sector 46,4.57,1449,5,4,3+,0,1,3,Moderately Old,semifurnished,Medium,1,31.54,91.4,Mid Floor
flat,housing board colony,sector 51,0.39,80,1,1,0,1,0,0,Moderately Old,unfurnished,Low,1,48.75,7.8,Low Floor
house,independent,sector 57,4.5,1620,4,4,3+,0,0,3,Old Property,semifurnished,Medium,1,27.78,90,Mid Floor
flat,godrej aria,sector 79,2.19,1659,3,4,3+,0,1,6,New Property,unfurnished,Medium,1,13.2,43.8,Mid Floor
flat,dlf park place,sector 54,6.26,1875,3,4,3+,0,1,7,Relatively New,semifurnished,Low,1,33.39,125.2,Mid Floor
flat,sare crescent parc royal greens phase 1,sector 92,0.64,1000,2,2,3,0,0,2,Undefined,unfurnished,Low,1,6.4,12.8,Low Floor
flat,adani m2k oyster grande,sector 102,3.35,2351,3,3,3,1,1,2,Relatively New,unfurnished,Medium,1,14.25,67,Low Floor
flat,emaar gurgaon greens,sector 102,1.8,1413,3,3,3,0,1,9,Relatively New,unfurnished,Low,1,12.74,36,Mid Floor
house,independent,sector 26,24.35,4518,6,8,2,1,1,3,Relatively New,semifurnished,Medium,1,53.9,487,Mid Floor
house,independent,sector 17,4.5,1440,2,6,3+,0,0,3,Undefined,unfurnished,Low,1,31.25,90,Mid Floor
flat,adani m2k oyster grande,sector 102,3.21,2894,4,5,3+,0,1,5,Relatively New,unfurnished,Medium,1,11.09,64.2,Mid Floor
flat,"new colony, gurgaon",sector 7,1.03,1100,3,2,1,0,0,4,Relatively New,semifurnished,Medium,1,9.36,20.6,Mid Floor
flat,hero homes,sector 104,2.26,1529,3,3,3,0,0,2,Under Construction,unfurnished,Low,1,14.78,45.2,Low Floor
flat,mahindra luminare,sector 59,7.47,3361,3,4,3,0,1,16,New Property,semifurnished,Low,1,22.23,149.4,High Floor
flat,awho sispal vihar,sector 49,2.58,2492,4,3,3+,0,0,4,Old Property,unfurnished,Medium,1,10.35,51.6,Mid Floor
flat,ireo the grand arch,sector 58,2.84,1528,2,2,1,0,0,5,Relatively New,semifurnished,Low,1,18.59,56.8,Mid Floor
flat,dlf the ultima,sector 81,4.5,2577,4,5,3+,0,1,7,Relatively New,furnished,High,1,17.46,90,Mid Floor
flat,dlf express greens,manesar,2.06,2611,4,6,3+,1,1,4,Relatively New,unfurnished,Low,1,7.89,41.2,Mid Floor
flat,ss the leaf,sector 85,2.77,2179,3,5,3,0,0,2,New Property,unfurnished,Medium,1,12.71,55.4,Low Floor
flat,rof ananda,sector 95,0.26,407,1,1,1,0,0,9,Relatively New,unfurnished,Medium,1,6.39,5.2,Mid Floor
flat,bestech park view grand spa,sector 81,3.86,2882,4,5,2,0,1,6,Relatively New,semifurnished,Medium,1,13.39,77.2,Mid Floor
flat,signature global park,sohna road,0.75,822,2,2,2,0,0,3,Undefined,unfurnished,Medium,1,9.12,15,Mid Floor
flat,m3m skycity,sector 65,3.67,1828,3,3,3,0,0,43,Under Construction,semifurnished,Medium,1,20.08,73.4,High Floor
flat,adani m2k oyster grande,sector 102,3.09,2334,3,4,3+,1,0,3,Relatively New,semifurnished,Low,1,13.24,61.8,Mid Floor
flat,tata primanti,sector 72,8.37,3846,4,4,3+,1,1,0,Relatively New,unfurnished,Medium,1,21.76,167.4,Low Floor
flat,mapsko mount ville,sector 79,1.65,1265,3,3,3,1,0,16,Relatively New,semifurnished,Medium,1,13.04,33,High Floor
flat,hsiidc sidco shivalik apartments,manesar,1.09,1508,3,2,2,0,0,5,Moderately Old,unfurnished,Low,1,7.23,21.8,Mid Floor
flat,indiabulls enigma,sector 110,5.47,3511,5,5,3+,0,1,4,Relatively New,unfurnished,Medium,1,15.58,109.4,Mid Floor
flat,ansal housing highland park,sector 103,1.03,1089,2,2,3,0,0,3,New Property,unfurnished,High,1,9.46,20.6,Mid Floor
flat,m3m heights,sector 65,2.9,1592,2,2,3,0,0,5,Under Construction,unfurnished,Low,1,18.22,58,Mid Floor
house,international city by sobha phase 2,sector 109,12.88,3600,4,5,3+,1,1,2,New Property,semifurnished,Low,1,35.78,257.6,Low Floor
flat,signature global city,sector 37d,1.03,860,2,2,2,0,0,2,Under Construction,unfurnished,Low,1,11.98,20.6,Low Floor
flat,conscient elevate,sector 59,5.18,2550,3,3,1,0,0,3,Under Construction,unfurnished,Low,1,20.31,103.6,Mid Floor
flat,indiabulls centrum park,sector 103,3.09,2456,4,6,3+,0,1,15,Relatively New,unfurnished,High,1,12.58,61.8,High Floor
flat,vatika gurgaon,sector 83,1.45,1500,3,3,2,0,0,17,Moderately Old,semifurnished,Medium,1,9.67,29,High Floor
flat,antriksh heights,sector 84,1.36,1896,4,4,3+,1,0,3,New Property,unfurnished,Medium,1,7.17,27.2,Mid Floor
flat,cghs vidya enclave,sector 56,2.19,1585,3,2,3,0,0,6,Old Property,unfurnished,Medium,1,13.82,43.8,Mid Floor
flat,ss,sector 85,2.7,2600,4,4,3,0,0,2,Relatively New,unfurnished,Low,1,10.38,54,Low Floor
flat,ambience lagoon,sector 24,5.47,3201,3,4,3+,0,1,3,Old Property,semifurnished,Medium,1,17.09,109.4,Mid Floor
flat,conscient heritage max,sector 102,2.86,2000,3,4,3+,1,1,15,Relatively New,unfurnished,Medium,1,14.3,57.2,High Floor
house,shivaji nagar residential,sector 11,3.97,2700,6,4,2,0,0,1,Undefined,unfurnished,Low,1,14.7,79.4,Low Floor
flat,shapoorji pallonji joyville gurugram,sector 102,3.21,1653,3,3,3,0,0,15,Under Construction,unfurnished,High,1,19.42,64.2,High Floor
flat,aipl club residences,sector 70a,1.22,930,2,2,1,0,0,11,New Property,semifurnished,Medium,1,13.12,24.4,High Floor
house,independent,sector 43,12.24,2250,5,5,3+,0,1,2,Relatively New,semifurnished,Medium,1,54.4,244.8,Low Floor
flat,imperia the esfera,sector 37,1.12,1300,2,3,3+,1,0,5,Relatively New,unfurnished,Medium,1,8.62,22.4,Mid Floor
flat,divya apartments,sector 6,0.78,790,2,2,0,0,0,2,Relatively New,semifurnished,Low,1,9.87,15.6,Low Floor
flat,tulip violet,sector 69,1.55,1222,2,3,1,0,0,0,Relatively New,unfurnished,High,1,12.68,31,Low Floor
flat,m3m woodshire,sector 107,1.68,1554,3,3,3+,0,0,4,Relatively New,semifurnished,High,1,10.81,33.6,Mid Floor
flat,signature global park,sohna road,1.16,1120,3,2,0,0,0,2,Under Construction,unfurnished,Medium,1,10.36,23.2,Low Floor
flat,emaar mgf emerald floors premier,sector 65,3.04,1493,3,3,3,1,1,0,Relatively New,semifurnished,High,1,20.36,60.8,Low Floor
flat,central park flower valley cerise floors,sector 33,1.68,1095,2,2,2,1,0,3,New Property,unfurnished,Low,1,15.34,33.6,Mid Floor
flat,shree balaji appartment,sector 33,0.51,724,2,2,2,0,0,1,Relatively New,furnished,Low,1,7.04,10.2,Low Floor
flat,ild greens,sector 37,1.16,1500,3,3,3,0,0,0,Under Construction,unfurnished,Medium,1,7.73,23.2,Low Floor
flat,dlf park place,sector 54,6.25,1875,3,4,3+,0,1,25,Relatively New,semifurnished,Low,1,33.33,125,High Floor
flat,signature global park,sohna road,0.7,922,2,2,1,0,0,2,Relatively New,unfurnished,Low,1,7.59,14,Low Floor
flat,orris aster court premier,sector 85,1.93,2017,4,5,3+,0,1,6,New Property,semifurnished,Low,1,9.57,38.6,Mid Floor
flat,m3m woodshire,sector 107,1.66,1690,3,3,3+,0,0,1,Relatively New,semifurnished,High,1,9.82,33.2,Low Floor
flat,breez global hill view,sohna road,3.35,4986,2,2,2,0,0,6,New Property,unfurnished,Low,1,6.72,67,Mid Floor
house,independent,sector 26,5.79,1350,3,3,2,0,0,2,Old Property,semifurnished,Medium,1,42.89,115.8,Low Floor
house,jacob pura,sector 12,0.46,360,2,1,0,0,0,,Old Property,unfurnished,Low,1,12.78,9.2,Low Floor
flat,shree vardhman victoria,sector 70,2.09,1527,3,5,3,0,1,9,Relatively New,unfurnished,Low,1,13.69,41.8,Mid Floor
flat,ss the leaf,sector 85,1.68,1491,2,2,3+,0,0,10,Relatively New,unfurnished,Medium,1,11.27,33.6,Mid Floor
flat,sbtl caladium,sector 109,2.42,2765,4,5,3,0,0,10,Relatively New,unfurnished,Medium,1,8.75,48.4,Mid Floor
flat,ats kocoon,sector 109,2.19,1550,3,3,3,0,0,22,Relatively New,unfurnished,Medium,1,14.13,43.8,High Floor
house,independent,sector 46,5.61,1836,3,8,2,1,0,3,Relatively New,semifurnished,Low,1,30.56,112.2,Mid Floor
flat,ss the leaf,sector 85,2.77,2545,4,5,3+,0,1,1,Relatively New,unfurnished,High,1,10.88,55.4,Low Floor
flat,m3m the marina,sector 68,1.87,1365,3,2,3+,0,0,9,New Property,unfurnished,Low,1,13.7,37.4,Mid Floor
flat,ansal heights 86,sector 86,1,1360,2,2,2,0,0,8,New Property,unfurnished,Medium,1,7.35,20,Mid Floor
flat,ireo the grand arch,sector 58,4.94,2000,3,4,2,1,1,10,Relatively New,semifurnished,High,1,24.7,98.8,Mid Floor
flat,raheja navodaya,sector 92,0.8,1498,2,2,2,0,0,5,New Property,unfurnished,Low,1,5.34,16,Mid Floor
flat,paras dews,sector 106,1.8,1535,4,6,3+,0,1,10,Relatively New,unfurnished,High,1,11.73,36,Mid Floor
flat,satya element one,sector 49,1.21,746,1,2,2,0,0,2,Undefined,unfurnished,Low,1,16.22,24.2,Low Floor
flat,chintels paradiso,sector 109,2.58,2380,4,4,2,0,1,11,Relatively New,unfurnished,Medium,1,10.84,51.6,High Floor
flat,.,gwal pahari,9.02,5430,4,4,3+,0,1,6,Relatively New,unfurnished,Medium,1,16.61,180.4,Mid Floor
flat,satya element one,sector 49,1.03,720,1,1,1,0,0,0,Undefined,unfurnished,Low,1,14.31,20.6,Low Floor
house,tata primanti,sector 72,11.08,7000,4,5,3+,0,0,3,Relatively New,semifurnished,Low,1,15.83,221.6,Mid Floor
flat,indiabulls enigma,sector 110,4.45,3077,4,4,3,0,1,9,Moderately Old,semifurnished,Medium,1,14.46,89,Mid Floor
house,independent,sector 50,9.02,2160,3,2,0,0,0,1,Undefined,unfurnished,Low,1,41.76,180.4,Low Floor
flat,dlf regal gardens,sector 90,2.31,2005,4,4,3+,0,0,7,Moderately Old,unfurnished,Low,1,11.52,46.2,Mid Floor
flat,orris aster court premier,sector 85,1.92,2017,4,5,3+,0,1,10,Relatively New,semifurnished,Medium,1,9.52,38.4,Mid Floor
flat,ashiana anmol,sohna road,1.13,1016,2,2,2,0,0,13,Relatively New,furnished,Medium,1,11.12,22.6,High Floor
house,independent,sector 14,9.67,4518,3,3,2,1,1,1,Old Property,semifurnished,Low,1,21.4,193.4,Low Floor
house,bptp visionnaire,sector 70a,5.15,6000,4,4,3+,0,1,2,Relatively New,unfurnished,High,1,8.58,103,Low Floor
flat,microtek greenburg,sector 86,1.61,1339,2,2,3,1,0,13,Moderately Old,unfurnished,Low,1,12.02,32.2,High Floor
house,independent,sector 43,10.94,2700,5,5,3,0,1,3,Moderately Old,semifurnished,Medium,1,40.52,218.8,Mid Floor
flat,millenium bajrang society,sector 43,3.21,2398,4,4,3+,0,0,2,Relatively New,semifurnished,Medium,1,13.39,64.2,Low Floor
flat,signature global park,sohna road,1,1344,3,3,3,0,0,1,Relatively New,unfurnished,High,1,7.44,20,Low Floor
house,independent,sector 12,4.5,4800,8,8,3+,1,1,3,Relatively New,furnished,Medium,1,9.38,90,Mid Floor
flat,signature global park,sohna road,0.88,916,2,2,2,0,0,3,New Property,unfurnished,Medium,1,9.61,17.6,Mid Floor
flat,silverglades the melia,sohna road,0.97,1350,2,2,2,0,0,4,Moderately Old,unfurnished,Medium,1,7.19,19.4,Mid Floor
flat,smart world gems,sector 89,1.46,1473,3,3,2,1,0,4,Under Construction,unfurnished,Medium,1,9.91,29.2,Mid Floor
flat,godrej summit,sector 104,1.27,1490,3,3,3,0,0,12,Relatively New,unfurnished,Medium,1,8.52,25.4,High Floor
flat,dlf regal gardens,sector 90,1.66,1540,3,3,3,1,0,7,Relatively New,unfurnished,High,1,10.78,33.2,Mid Floor
flat,gls arawali homes,sohna road,0.39,524,2,2,2,0,0,4,Relatively New,furnished,Medium,1,7.44,7.8,Mid Floor
flat,alpha corp gurgaonone,sector 84,2.88,3165,4,4,3,0,1,12,Relatively New,unfurnished,Low,1,9.1,57.6,High Floor
flat,central park flower valley,sector 33,2.77,1439,3,3,3+,0,0,1,New Property,unfurnished,Low,1,19.25,55.4,Low Floor
flat,ats triumph,sector 104,3.25,2800,4,4,3+,0,1,19,Relatively New,semifurnished,High,1,11.61,65,High Floor
house,independent,sector 2,0.9,900,1,1,0,0,0,1,Undefined,unfurnished,Low,1,10,18,Low Floor
flat,conscient heritage max,sector 102,2.26,1748,3,4,3+,0,1,16,Relatively New,semifurnished,Medium,1,12.93,45.2,High Floor
house,independent,sector 5,4.83,3400,5,5,3+,0,0,3,Undefined,unfurnished,Low,1,14.21,96.6,Mid Floor
house,unitech deerwood chase,sector 50,19.32,4500,4,4,2,0,1,2,Moderately Old,unfurnished,High,1,42.93,386.4,Low Floor
house,vatika independent floors,sector 82,1.8,1700,3,3,2,0,0,3,New Property,unfurnished,Medium,1,10.59,36,Mid Floor
house,shivpuri,sector 7,3.09,2700,10,5,3,1,1,2,Old Property,unfurnished,Low,1,11.44,61.8,Low Floor
flat,experion windchants,sector 112,3.35,2441,2,2,3,0,0,8,Relatively New,unfurnished,High,1,13.72,67,Mid Floor
flat,emaar digihomes,sector 62,2.7,1365,2,2,2,0,1,30,New Property,unfurnished,Medium,1,19.78,54,High Floor
flat,pyramid urban homes 2,sector 86,0.56,557,2,2,1,0,0,6,New Property,unfurnished,Medium,1,10.05,11.2,Mid Floor
flat,the close south,sector 50,4.18,2819,3,4,3+,0,1,4,Old Property,semifurnished,Medium,1,14.83,83.6,Mid Floor
house,malibu towne,sector 47,11.35,3240,8,6,3+,1,1,3,Moderately Old,semifurnished,Low,1,35.03,227,Mid Floor
flat,avl 36 gurgaon,sector 36,0.51,436,1,1,1,0,0,4,Relatively New,unfurnished,Low,1,11.7,10.2,Mid Floor
flat,emaar mgf emerald floors premier,sector 65,3.67,2194,4,4,3,1,1,3,Relatively New,unfurnished,Low,1,16.73,73.4,Mid Floor
house,independent,sector 43,12.69,3323,5,5,2,1,1,3,Old Property,unfurnished,Low,1,38.19,253.8,Mid Floor
flat,dlf new town heights,sector 90,1.61,1608,3,4,3+,0,1,0,Old Property,furnished,Low,1,10.01,32.2,Low Floor
flat,emaar digihomes,sector 62,5.08,2876,3,3,3,0,1,33,New Property,semifurnished,Low,1,17.66,101.6,High Floor
flat,dlf regency park,sector 28,1.6,1050,2,2,3+,0,0,19,Moderately Old,semifurnished,High,1,15.24,32,High Floor
flat,railway officers rpf society,sector 9,1.68,2580,4,4,3+,0,0,9,Undefined,unfurnished,Low,1,6.51,33.6,Mid Floor
house,independent,sector 25,5.55,1350,5,4,3,0,0,3,Old Property,unfurnished,Low,1,41.11,111,Mid Floor
flat,sare homes,sector 92,0.78,1333,3,2,3,0,0,4,Moderately Old,semifurnished,Low,1,5.85,15.6,Mid Floor
flat,m3m heights,sector 65,4.24,1828,3,3,3,0,0,33,New Property,unfurnished,Low,1,23.19,84.8,High Floor
house,independent,sector 12,3.55,2228,6,6,2,0,0,2,Undefined,unfurnished,Low,1,15.93,71,Low Floor
flat,the close north,sector 50,3.48,2357,3,3,3+,0,1,3,Moderately Old,unfurnished,Medium,1,14.76,69.6,Mid Floor
flat,tulip violet,sector 69,1.95,1325,3,3,2,0,0,0,Relatively New,furnished,High,1,14.72,39,Low Floor
flat,bestech altura,sector 79,3.28,2675,4,5,2,0,1,4,New Property,unfurnished,Low,1,12.26,65.6,Mid Floor
flat,the lions cghs,sector 56,2.69,2300,4,4,3+,0,0,7,Relatively New,semifurnished,Medium,1,11.7,53.8,Mid Floor
flat,shri banke bihari society,sector 56,1.77,1450,3,3,3+,0,0,2,Old Property,unfurnished,High,1,12.21,35.4,Low Floor
flat,raheja maheshwara,sohna road,0.62,995,2,2,2,0,0,11,Under Construction,unfurnished,Low,1,6.23,12.4,High Floor
house,independent,sector 40,2.77,900,3,3,3,1,0,3,Moderately Old,unfurnished,Low,1,30.78,55.4,Mid Floor
flat,dlf the ultima,sector 81,4.46,2599,4,4,3+,0,1,10,New Property,furnished,High,1,17.16,89.2,Mid Floor
house,independent,sector 26,24.48,4500,6,8,3+,1,1,3,Moderately Old,semifurnished,Medium,1,54.4,489.6,Mid Floor
flat,godrej air,sector 85,3.21,2013,4,5,3+,1,0,16,Under Construction,semifurnished,Low,1,15.95,64.2,High Floor
flat,signature global park,sohna road,0.97,1081,2,2,0,0,0,1,Undefined,unfurnished,Medium,1,8.97,19.4,Low Floor
flat,m3m heights,sector 65,3.86,1667,3,3,3,0,0,20,Under Construction,unfurnished,Medium,1,23.16,77.2,High Floor
flat,vatika gurgaon,sector 83,1.45,1200,3,3,2,1,1,4,Relatively New,semifurnished,High,1,12.08,29,Mid Floor
flat,bestech park view sanskruti,sector 92,1.82,1738,3,3,2,0,0,10,Relatively New,unfurnished,Medium,1,10.47,36.4,Mid Floor
flat,tarc maceo,sector 91,2.45,2465,4,4,3,0,1,9,Relatively New,unfurnished,Medium,1,9.94,49,Mid Floor
house,unitech espace,sector 50,9.55,3200,4,4,3,0,0,2,Old Property,semifurnished,Medium,1,29.84,191,Low Floor
flat,mapsko casa bella,sector 82,1.61,1774,3,4,3+,0,0,8,Under Construction,unfurnished,Medium,1,9.08,32.2,Mid Floor
flat,shapoorji pallonji joyville gurugram,sector 102,2.74,1852,3,3,3,0,0,9,Relatively New,unfurnished,Medium,1,14.79,54.8,Mid Floor
flat,godrej nature plus,sector 33,2.19,1500,3,3,3+,0,1,6,New Property,unfurnished,Low,1,14.6,43.8,Mid Floor
flat,smart world orchard,sector 61,1.89,1278,2,2,2,1,0,4,New Property,unfurnished,Medium,1,14.79,37.8,Mid Floor
flat,vatika the seven lamps,sector 82,1.79,1955,3,3,3+,1,1,11,Relatively New,semifurnished,Medium,1,9.16,35.8,High Floor
flat,emaar palm gardens,sector 83,2.26,1600,3,3,3,0,1,6,Relatively New,semifurnished,High,1,14.12,45.2,Mid Floor
flat,emaar digihomes,sector 62,3.16,1200,2,2,2,1,0,7,New Property,furnished,High,1,26.33,63.2,Mid Floor
house,ireo victory valley,sector 67,10.31,3600,6,7,3+,1,1,51,Moderately Old,semifurnished,Low,1,28.64,206.2,High Floor
flat,paras dews,sector 106,1.7,1535,4,5,3+,0,1,11,Relatively New,unfurnished,Low,1,11.07,34,High Floor
flat,signature global solera,sector 107,0.67,717,3,2,2,0,0,5,Relatively New,unfurnished,Low,1,9.34,13.4,Mid Floor
flat,la vida by tata housing,sector 113,1.87,1080,2,2,2,0,0,6,Relatively New,unfurnished,Medium,1,17.31,37.4,Mid Floor
flat,signature global solera,sector 107,0.36,543,2,2,2,0,0,6,Relatively New,unfurnished,Low,1,6.63,7.2,Mid Floor
flat,bestech park view ananda,sector 81,1.48,1352,3,2,3+,0,0,12,Relatively New,unfurnished,Medium,1,10.95,29.6,High Floor
house,independent,sector 43,2.7,549,10,10,3+,0,1,5,New Property,unfurnished,Low,1,49.18,54,Mid Floor
house,independent,sector 105,0.83,720,3,2,1,0,0,1,Relatively New,unfurnished,Low,1,11.53,16.6,Low Floor
flat,godrej icon,sector 88a,1.69,1463,2,2,3+,1,0,3,Relatively New,unfurnished,Medium,1,11.55,33.8,Mid Floor
flat,vatika gurgaon,sector 83,0.97,1150,2,2,2,0,0,19,Relatively New,semifurnished,Medium,1,8.43,19.4,High Floor
flat,ats triumph,sector 104,2.31,2544,3,4,3,0,0,14,New Property,unfurnished,Medium,1,9.08,46.2,High Floor
flat,ats kocoon,sector 109,2.86,1860,3,4,3,1,1,14,Relatively New,unfurnished,Low,1,15.38,57.2,High Floor
flat,emaar gurgaon greens,sector 102,1.8,1300,3,3,3,0,1,10,Relatively New,unfurnished,Low,1,13.85,36,Mid Floor
house,independent,sector 2,3.28,1557,3,3,2,0,0,2,Old Property,unfurnished,Low,1,21.07,65.6,Low Floor
house,dlf city plots phase 2,sector 25,13.52,3618,4,4,2,0,1,2,Old Property,semifurnished,Medium,1,37.37,270.4,Low Floor
flat,imperia the esfera,sector 37,1.8,2343,4,5,3,1,1,9,Relatively New,unfurnished,Low,1,7.68,36,Mid Floor
flat,signature global park,sohna road,0.67,913,2,2,2,0,0,3,Relatively New,unfurnished,High,1,7.34,13.4,Mid Floor
flat,breez global hill view,sohna road,0.39,605,2,2,2,0,0,6,New Property,unfurnished,Medium,1,6.45,7.8,Mid Floor
flat,conscient heritage max,sector 102,2.45,1757,3,4,3+,0,1,20,Relatively New,unfurnished,High,1,13.94,49,High Floor
house,vipul tatvam villa,sector 48,10.94,3240,4,4,2,0,1,,Moderately Old,unfurnished,Medium,1,33.77,218.8,Low Floor
house,suncity township,sector 54,2.58,60,9,9,3,0,1,11,Relatively New,furnished,Low,1,430,51.6,High Floor
flat,emaar mgf emerald floors premier,sector 65,3.59,2194,4,4,3+,1,1,2,Relatively New,furnished,High,1,16.36,71.8,Low Floor
house,independent,sector 25,14.17,3096,5,5,3+,1,1,2,Relatively New,unfurnished,Low,1,45.77,283.4,Low Floor
flat,antriksh heights,sector 84,1.09,1561,3,3,3+,1,0,10,Relatively New,unfurnished,Medium,1,6.98,21.8,Mid Floor
flat,suncity avenue 76,sector 76,0.71,823,2,2,2,0,0,9,Under Construction,unfurnished,Low,1,8.63,14.2,Mid Floor
flat,central park 2 bellevue,sector 48,3.55,2574,3,4,3+,0,0,3,Moderately Old,unfurnished,Low,1,13.79,71,Mid Floor
house,housing board colony,sector 28,2.7,900,2,8,3+,0,0,4,Moderately Old,semifurnished,Low,1,30,54,Mid Floor
house,independent,sector 23,3.09,2000,3,3,2,0,0,2,Moderately Old,unfurnished,Low,1,15.45,61.8,Low Floor
flat,ashiana mulberry,sohna road,1.16,1100,2,2,3+,1,0,7,Moderately Old,semifurnished,High,1,10.55,23.2,Mid Floor
flat,signature global city,sector 37d,1.61,2283,3,3,3,0,0,4,Under Construction,unfurnished,Low,1,7.05,32.2,Mid Floor
house,emaar emerald hills,sector 65,16.1,3600,4,4,3+,1,1,2,Relatively New,unfurnished,Medium,1,44.72,322,Low Floor
flat,ramsons kshitij,sector 95,0.36,694,2,2,2,0,0,5,New Property,unfurnished,Low,1,5.19,7.2,Mid Floor
house,dlf city phase 1,sector 26,7.09,1800,4,4,3+,0,0,2,Moderately Old,unfurnished,Low,1,39.39,141.8,Low Floor
house,naman residency,sector 4,0.64,450,2,2,2,1,1,2,New Property,unfurnished,Low,1,14.22,12.8,Low Floor
house,independent,sector 26,7.73,1800,3,5,3+,0,0,3,Old Property,semifurnished,Low,1,42.94,154.6,Mid Floor
flat,orris carnation residency,sector 85,0.92,1350,3,3,2,0,0,9,Moderately Old,unfurnished,Low,1,6.81,18.4,Mid Floor
flat,tulip violet,sector 69,1.76,1291,3,3,1,0,0,12,Relatively New,unfurnished,Medium,1,13.63,35.2,High Floor
flat,godrej frontier,sector 80,1.41,1580,3,3,3,0,1,8,Moderately Old,unfurnished,Medium,1,8.92,28.2,Mid Floor
flat,tulip violet,sector 69,2.51,1819,4,4,2,0,0,0,Relatively New,unfurnished,High,1,13.8,50.2,Low Floor
flat,dlf new town heights,sector 86,1.64,1800,3,4,3,0,1,19,Relatively New,unfurnished,Medium,1,9.11,32.8,High Floor
flat,ss,sector 85,1.53,1670,2,2,3,0,0,11,Relatively New,unfurnished,Low,1,9.16,30.6,High Floor
flat,bptp terra,sector 37d,2.68,2211,4,4,3,1,1,0,New Property,unfurnished,Medium,1,12.12,53.6,Low Floor
flat,shapoorji pallonji joyville gurugram,sector 102,1.55,1073,2,2,3,0,0,0,Relatively New,unfurnished,Low,1,14.45,31,Low Floor
house,international city by sobha phase 1,sector 109,7.34,33,4,4,3+,1,1,4,Relatively New,unfurnished,Low,1,2224.24,146.8,Low Floor
house,nul,sector 25,12.24,5400,9,9,3+,0,0,3,Old Property,unfurnished,Medium,1,22.67,244.8,Mid Floor
flat,signature global city 81,sector 81,1.23,2844,2,2,2,0,0,1,Under Construction,unfurnished,Medium,1,4.32,24.6,Mid Floor
flat,dlf the ultima,sector 81,3.03,1194,3,4,3+,0,1,18,Relatively New,unfurnished,Low,1,25.38,60.6,Low Floor
flat,smart world orchard,sector 61,2.84,1558,3,3,2,0,0,4,New Property,unfurnished,Medium,1,18.23,56.8,High Floor
house,eldeco mansionz,sector 48,6.63,1721,5,7,3,0,1,2,Moderately Old,semifurnished,High,1,38.52,132.6,Mid Floor
flat,smart world orchard,sector 61,2.12,2727,2,2,2,1,0,1,Under Construction,unfurnished,Medium,1,7.77,42.4,Low Floor
flat,unitech the residences,sector 33,1.74,1333,3,4,2,0,1,8,Moderately Old,unfurnished,Low,1,13.05,34.8,Low Floor
flat,signature global the millennia 3,sector 37d,0.64,1398,3,3,2,0,0,2,Under Construction,unfurnished,Low,1,4.58,12.8,Mid Floor
house,bptp visionnaire,sector 70a,7.73,778,5,4,3,1,0,3,New Property,unfurnished,Low,1,99.36,154.6,Low Floor
flat,ats tourmaline,sector 109,2.7,2700,3,4,3+,0,1,11,Relatively New,semifurnished,Low,1,10,54,Mid Floor
flat,tulip orange,sector 70,1.41,2100,3,2,2,0,0,5,Undefined,unfurnished,High,1,6.71,28.2,High Floor
flat,huda ashok vihar phase,sector 4,0.56,1350,2,2,1,0,0,2,Relatively New,unfurnished,Low,1,4.15,11.2,Mid Floor
flat,deepak minda,manesar,1.61,722,4,4,3+,0,0,6,Moderately Old,semifurnished,Low,1,22.3,32.2,Low Floor
flat,vatika seven elements,sector 89,2.06,2946,3,3,3,0,0,5,New Property,unfurnished,Low,1,6.99,41.2,Mid Floor
flat,dlf the primus,sector 82a,3.35,1774,4,4,3+,0,0,2,Relatively New,unfurnished,Medium,1,18.88,67,Mid Floor
flat,vatika gurgaon,sector 83,1.8,2273,4,4,3,0,1,10,Relatively New,unfurnished,Low,1,7.92,36,Low Floor
flat,m3m merlin,sector 67,3.58,2167,3,3,3+,0,0,4,Relatively New,semifurnished,Low,1,16.52,71.6,Mid Floor
flat,bestech park view residency,sector 2,0.72,2047,1,1,2,0,0,7,Moderately Old,unfurnished,High,1,3.52,14.4,Mid Floor
flat,emaar palm premier,sector 77,2.7,722,3,4,3+,0,1,11,New Property,semifurnished,Medium,1,37.4,54,Mid Floor
house,huda plots,sector 56,3.8,1600,2,2,2,0,0,1,Moderately Old,unfurnished,Medium,1,23.75,76,High Floor
flat,emaar mgf emerald floors,sector 65,3.35,1449,3,3,3+,0,0,3,Undefined,unfurnished,Low,1,23.12,67,Low Floor
flat,imperia the esfera,sector 37,0.9,1650,2,3,3+,1,0,12,Under Construction,unfurnished,Low,1,5.45,18,Mid Floor
house,independent,sector 25,13.98,1299,6,6,1,0,0,3,Relatively New,semifurnished,Medium,1,107.62,279.6,High Floor
flat,aditya apartment,manesar,1.29,2844,3,4,0,0,0,3,New Property,unfurnished,Medium,1,4.54,25.8,Mid Floor
house,independent,sector 4,0.71,2480,2,1,1,0,0,1,Moderately Old,unfurnished,Low,1,2.86,14.2,Mid Floor
house,independent,sector 31,4.75,75,4,4,2,1,1,2,Moderately Old,semifurnished,Low,1,633.33,95,Low Floor
flat,ss the leaf,sector 85,2.58,1557,3,4,3,0,1,8,Relatively New,unfurnished,Medium,1,16.57,51.6,Low Floor
flat,paras dews,sector 106,1.5,2179,3,4,3+,0,1,12,Relatively New,unfurnished,Low,1,6.88,30,Mid Floor
house,independent,sector 12,1.93,1186,5,5,2,0,0,3,Old Property,unfurnished,Low,1,16.27,38.6,High Floor
flat,aipl zen residences,sector 70a,1.61,1350,2,2,3,0,0,19,Undefined,unfurnished,Low,1,11.93,32.2,Mid Floor
flat,ansal api esencia,sector 67,1.55,1402,3,3,2,0,0,1,Undefined,unfurnished,Low,1,11.06,31,High Floor
flat,bestech park view ananda,sector 81,1.16,200,2,2,3,0,0,8,New Property,unfurnished,Low,1,58,23.2,Low Floor
flat,emaar mgf emerald estate,sector 65,2.19,1231,3,3,3,1,0,7,Relatively New,semifurnished,Medium,1,17.79,43.8,Mid Floor
flat,the close north,sector 50,3.41,1081,3,3,3+,0,1,3,Moderately Old,unfurnished,Medium,1,31.54,68.2,Mid Floor
flat,ashiana mulberry,sohna road,1.36,2491,2,2,3,1,0,1,New Property,unfurnished,High,1,5.46,27.2,Mid Floor
flat,ireo skyon,sector 60,4.77,1175.97,4,5,3,0,1,10,Relatively New,semifurnished,Low,1,40.56,95.4,Low Floor
house,independent,sector 57,4.49,2534,4,4,2,1,1,3,Moderately Old,semifurnished,High,1,17.72,89.8,Mid Floor
flat,bptp terra,sector 37d,2.12,1728,3,3,2,0,0,15,Relatively New,unfurnished,Low,1,12.27,42.4,Mid Floor
flat,m3m ikonic,sector 68,2.31,1699,3,3,3+,0,0,18,Relatively New,semifurnished,Medium,1,13.6,46.2,High Floor
flat,m3m woodshire,sector 107,1.03,1845,2,2,3+,0,0,6,Relatively New,semifurnished,Medium,1,5.58,20.6,High Floor
house,project mianwali colony,sector 12,2.19,1204,1,1,2,0,0,1,Undefined,unfurnished,High,1,18.19,43.8,Mid Floor
flat,hcbs sports ville,sohna road,0.35,2000,2,2,2,0,0,10,Relatively New,unfurnished,Low,1,1.75,7,Low Floor
house,independent,sector 8,0.58,619,1,1,1,0,0,3,Undefined,unfurnished,Low,1,9.37,11.6,Mid Floor
flat,paras dews,sector 106,1.12,556,2,2,3+,0,0,1,New Property,unfurnished,Low,1,20.14,22.4,Mid Floor
flat,m3m woodshire,sector 107,1.13,1120,2,2,3+,0,0,3,Relatively New,unfurnished,High,1,10.09,22.6,Low Floor
flat,aardhya homesh,sector 67a,2.38,1236,4,4,0,0,0,4,Undefined,unfurnished,Medium,1,19.26,47.6,Mid Floor
flat,pioneer park,sector 61,2.63,2556,3,3,3+,0,1,16,Moderately Old,semifurnished,Low,1,10.29,52.6,Mid Floor
house,independent,sector 11,2.7,1595,2,6,3+,0,0,3,Relatively New,unfurnished,High,1,16.93,54,High Floor
flat,dlf the ultima,sector 81,2.9,1215,3,3,3+,0,1,15,Relatively New,furnished,Low,1,23.87,58,Mid Floor
flat,ireo the grand arch,sector 58,2.84,1929,2,2,2,0,0,6,Relatively New,unfurnished,High,1,14.72,56.8,High Floor
flat,signature andour heights,sector 71,0.5,1244,1,1,2,0,0,1,New Property,unfurnished,Low,1,4.02,10,Mid Floor
flat,ambience lagoon,sector 24,7.47,294,3,4,3+,1,1,9,Old Property,furnished,Low,1,254.08,149.4,Low Floor
flat,bestech park view ananda,sector 81,1.22,3700,2,2,2,0,0,13,Relatively New,semifurnished,Medium,1,3.3,24.4,Mid Floor
flat,shree vardhman flora,sector 90,0.9,1150,2,3,2,1,0,7,Relatively New,semifurnished,High,1,7.83,18,High Floor
flat,corona optus,sector 37,1.64,1502,3,3,3,1,0,2,Relatively New,unfurnished,Low,1,10.92,32.8,Mid Floor
flat,raheja vedaanta,sector 108,1.61,1581,3,2,0,0,0,0,Relatively New,semifurnished,Low,1,10.18,32.2,Low Floor
flat,dlf the primus,sector 82a,3.67,1991,4,4,3+,0,1,2,New Property,furnished,Medium,1,18.43,73.4,Low Floor
house,vipul tatvam villa,sector 48,9.34,2179,3,4,2,1,1,2,Moderately Old,semifurnished,High,1,42.86,186.8,Low Floor
flat,signature global park,sohna road,0.97,2592,3,2,3+,0,0,4,New Property,unfurnished,Medium,1,3.74,19.4,Low Floor
flat,indiabulls centrum park,sector 103,2.76,1201,4,6,3+,0,1,7,Relatively New,unfurnished,Medium,1,22.98,55.2,Mid Floor
flat,godrej nature plus,sector 33,1.38,2718,2,2,2,0,0,14,Under Construction,unfurnished,Medium,1,5.08,27.6,Mid Floor
flat,godrej air,sector 85,3.35,1253,3,3,3,0,1,17,Under Construction,unfurnished,Medium,1,26.74,67,High Floor
house,experion windchants,sector 112,12.24,2129,5,5,3,0,1,2,Relatively New,unfurnished,Low,1,57.49,244.8,High Floor
house,independent,sector 4,1.41,7450,4,4,3+,0,0,2,Old Property,unfurnished,Low,1,1.89,28.2,Low Floor
flat,m3m woodshire,sector 107,1.68,1800,3,3,3,0,0,7,Relatively New,unfurnished,Low,1,9.33,33.6,Low Floor
flat,hsiidc sidco aravali,manesar,1.17,1547,3,3,3+,0,1,8,Moderately Old,unfurnished,Medium,1,7.56,23.4,Mid Floor
flat,paras dews,sector 106,1.47,1900,3,4,3,1,1,8,Relatively New,unfurnished,Low,1,7.74,29.4,Mid Floor
house,independent,sector 9,0.78,1305,2,2,1,0,0,1,Moderately Old,unfurnished,Low,1,5.98,15.6,Mid Floor
house,independent,sector 104,0.78,558,4,3,1,0,0,2,Moderately Old,unfurnished,Low,1,13.98,15.6,Low Floor
flat,ramsons kshitij,sector 95,0.22,1170,1,1,1,0,0,12,Relatively New,unfurnished,Low,1,1.88,4.4,Low Floor
flat,rose apartment,sector 28,3.86,3569,3,5,3+,0,0,8,Old Property,unfurnished,Medium,1,10.82,77.2,High Floor
flat,ss the leaf,sector 85,1.69,2590,2,2,2,0,1,5,Relatively New,unfurnished,Low,1,6.53,33.8,Mid Floor
flat,vatika sovereign park,sector 99,4.13,1822,4,4,0,0,0,5,Under Construction,unfurnished,Medium,1,22.67,82.6,Mid Floor
flat,paras dews,sector 106,1.29,3225,2,2,3+,0,0,2,New Property,semifurnished,Low,1,4,25.8,Mid Floor
flat,pareena mi casa,sector 68,2.38,940,3,3,3+,0,0,13,Under Construction,unfurnished,Low,1,25.32,47.6,Low Floor
flat,satya the hermitage,sector 103,1.03,1798,2,2,0,0,0,10,Undefined,unfurnished,Low,1,5.73,20.6,High Floor
flat,signature global synera,sector 81,0.5,1450,2,2,2,0,0,6,Relatively New,unfurnished,Medium,1,3.45,10,Mid Floor
house,independent,sector 49,5.73,667,6,6,3,1,1,3,Moderately Old,furnished,Low,1,85.91,114.6,Mid Floor
flat,signature global solera,sector 107,0.64,2880,3,2,2,0,0,6,Relatively New,unfurnished,High,1,2.22,12.8,Mid Floor
house,independent,sector 55,1.87,717,1,4,3+,0,0,4,Relatively New,unfurnished,Low,1,26.08,37.4,Mid Floor
flat,signature the serenas,sohna road,0.64,60,2,2,2,0,0,6,New Property,unfurnished,Medium,1,106.67,12.8,Mid Floor
flat,unitech uniworld city,sector 30,4.57,591,3,5,3+,0,1,16,Old Property,semifurnished,Low,1,77.33,91.4,Mid Floor
house,unitech uniworld resorts,sector 33,10.31,2367,4,4,3+,1,1,2,Old Property,unfurnished,Medium,1,43.56,206.2,High Floor
house,independent,sector 4,5.31,7000,2,1,3+,0,0,,Moderately Old,unfurnished,Medium,1,7.59,106.2,Low Floor
house,ansal heights,sector 92,3.55,4635,4,4,3+,1,0,3,Relatively New,unfurnished,Low,1,7.66,71,Low Floor
flat,sare green parc phase 3,sector 92,1.41,5000,4,3,2,0,0,12,New Property,unfurnished,Low,1,2.82,28.2,Mid Floor
flat,bestech park view sanskruti,sector 92,2.06,1778,3,3,3,0,1,10,Relatively New,semifurnished,Low,1,11.59,41.2,High Floor
house,smart world gems,sector 89,1.61,1765,3,3,2,1,0,1,Under Construction,unfurnished,Medium,1,9.12,32.2,Mid Floor
flat,ss the coralwood,sector 84,1.41,1423,3,3,2,0,0,9,Relatively New,unfurnished,Low,1,9.91,28.2,Low Floor
flat,tarc maceo,sector 91,1.15,1584,2,2,3+,0,0,9,Relatively New,semifurnished,Medium,1,7.26,23,Mid Floor
flat,emaar mgf the palm drive,sector 66,4.38,1302,3,4,3,0,1,9,Relatively New,semifurnished,Low,1,33.64,87.6,Mid Floor
house,independent,sector 17,3.86,2200,4,4,0,0,0,1,Undefined,unfurnished,Medium,1,17.55,77.2,Mid Floor
house,sector 14 rwa,sector 14,7.1,3000,3,3,2,0,0,4,Moderately Old,unfurnished,Low,1,23.67,142,Low Floor
flat,on request,sector 103,2.18,3249,3,3,3+,0,0,8,Relatively New,unfurnished,Low,1,6.71,43.6,Mid Floor
flat,the close north,sector 50,3.55,1670,3,3,3,0,1,3,Moderately Old,unfurnished,Low,1,21.26,71,Mid Floor
house,unitech espace,sector 50,13.27,2400,5,6,3+,1,1,3,Moderately Old,semifurnished,Medium,1,55.29,265.4,Mid Floor
flat,sidhartha ncr greens,sector 95,0.72,3240,2,2,3,0,0,13,New Property,unfurnished,High,1,2.22,14.4,Mid Floor
flat,lig flat,sector 40,1.93,896,1,1,0,0,0,0,Undefined,unfurnished,Low,1,21.54,38.6,High Floor
flat,godrej nature plus,sector 33,1.64,300,2,2,3+,0,0,9,Under Construction,unfurnished,Low,1,54.67,32.8,Low Floor
flat,spire woods now ananda by alpha corp,sector 103,1.61,1252,3,4,3,1,1,11,Under Construction,unfurnished,Low,1,12.86,32.2,Mid Floor
flat,emaar mgf palm terraces,sector 66,5.79,2012,5,5,3+,0,1,11,New Property,unfurnished,Medium,1,28.78,115.8,High Floor
flat,mittal surya vihar,sector 21,1.8,3321,5,4,2,0,0,2,Moderately Old,unfurnished,Medium,1,5.42,36,High Floor
flat,green court,sector 90,0.51,2172,2,2,1,0,0,8,New Property,unfurnished,Low,1,2.35,10.2,Low Floor
flat,maruti vihar,sector 28,1.29,575,1,1,1,1,0,1,Old Property,semifurnished,Low,1,22.43,25.8,Mid Floor
flat,tulip violet,sector 69,4.18,995,4,5,3+,0,0,14,Relatively New,unfurnished,Medium,1,42.01,83.6,Low Floor
flat,smart world gems,sector 89,1.68,2910,3,3,2,1,0,2,New Property,unfurnished,Low,1,5.77,33.6,High Floor
flat,park view apartment,sector 56,2.25,1581,3,3,3+,0,1,2,Old Property,semifurnished,Low,1,14.23,45,Low Floor
flat,apna enclave,sector 3,0.71,2400,2,2,2,0,0,2,Old Property,unfurnished,Medium,1,2.96,14.2,Low Floor
flat,godrej air,sector 85,1.68,900,2,2,3,0,0,30,Under Construction,unfurnished,Medium,1,18.67,33.6,Low Floor
house,independent,sector 17,0.38,1130,2,1,0,0,0,0,Old Property,unfurnished,Medium,1,3.36,7.6,High Floor
house,prem kunj,sohna road,0.64,891,2,4,3,0,0,3,Relatively New,unfurnished,Low,1,7.18,12.8,Low Floor
house,independent,sector 41,9.34,725,9,8,3,0,1,4,Old Property,semifurnished,Low,1,128.83,186.8,Mid Floor
house,smart world orchard,sector 61,2.59,2475,3,3,3,0,0,4,Under Construction,unfurnished,Medium,1,10.46,51.8,Mid Floor
flat,vatika city,sector 49,2.3,1549,3,3,3,0,1,9,Old Property,unfurnished,Medium,1,14.85,46,Mid Floor
flat,ramprastha primera,sector 37d,1.55,1556,3,3,3,0,0,5,Relatively New,unfurnished,Low,1,9.96,31,Mid Floor
house,independent,sector 108,2.19,1000,4,4,3+,0,0,1,Undefined,unfurnished,Medium,1,21.9,43.8,Mid Floor
flat,aipl the peaceful homes,sector 70a,2.06,3000,2,2,2,0,0,22,Moderately Old,unfurnished,Low,1,6.87,41.2,Low Floor
flat,raheja sampada,sector 92,1.16,1416,3,2,3,0,0,11,Relatively New,unfurnished,Medium,1,8.19,23.2,High Floor
flat,sbtl caladium,sector 109,2.45,1240,4,4,3,0,1,8,Relatively New,unfurnished,Medium,1,19.76,49,High Floor
flat,adani oyster greens,sector 102,2.45,2765,3,3,3+,1,0,9,Relatively New,unfurnished,High,1,8.86,49,Mid Floor
flat,microtek greenburg,sector 86,1.61,2099,3,4,3,1,0,0,Relatively New,unfurnished,Low,1,7.67,32.2,Mid Floor
flat,bestech spa signature,sector 81,5.73,1339,4,4,3+,1,1,8,Relatively New,semifurnished,Low,1,42.79,114.6,Low Floor
flat,dlf the arbour,sector 63,10.18,3850,4,4,3+,0,0,34,Under Construction,unfurnished,Low,1,26.44,203.6,Mid Floor
house,aindependentt raj estates,sector 63a,10.94,3950,6,6,3+,0,0,3,Under Construction,unfurnished,Medium,1,27.7,218.8,High Floor
flat,ireo uptown,sector 66,3.09,3132,3,2,3,0,1,5,Relatively New,semifurnished,Low,1,9.87,61.8,Mid Floor
flat,la vida by tata housing,sector 113,1.93,1700,2,2,2,0,0,13,New Property,unfurnished,High,1,11.35,38.6,Mid Floor
flat,ramprastha the edge towers,sector 37d,1.27,1155,3,3,3+,0,0,5,Relatively New,unfurnished,Medium,1,11,25.4,High Floor
flat,m3m heights,sector 65,2.95,1675,2,2,3,1,0,8,Under Construction,unfurnished,High,1,17.61,59,Mid Floor
flat,chd avenue,sector 71,1.68,1592,4,4,3,0,1,5,Moderately Old,unfurnished,Low,1,10.55,33.6,Mid Floor
flat,birla navya,sector 63a,4.06,2127,3,3,3,0,0,4,Under Construction,unfurnished,Medium,1,19.09,81.2,Mid Floor
house,unitech south city,sector 50,7.57,2153,3,9,3+,1,1,3,Relatively New,furnished,Low,1,35.16,151.4,Mid Floor
flat,assotech blith,sector 99,2.06,2160,3,4,0,0,0,15,Undefined,unfurnished,Medium,1,9.54,41.2,Mid Floor
flat,dlf park place,sector 54,7.41,2400,3,4,3,0,1,12,Relatively New,furnished,Medium,1,30.88,148.2,High Floor
house,dlf floors phase 3,sector 24,4.53,2329,4,4,3,1,1,4,Under Construction,semifurnished,High,1,19.45,90.6,High Floor
flat,pyramid urban homes 2,sector 86,0.52,2844,2,2,1,0,0,3,Relatively New,unfurnished,High,1,1.83,10.4,Mid Floor
flat,bestech park view grand spa,sector 81,2.95,668,3,4,3+,1,1,10,Relatively New,furnished,Medium,1,44.16,59,Mid Floor
house,emaar mgf marbella,sector 66,11.61,2315,4,4,3+,0,1,3,Relatively New,unfurnished,High,1,50.15,232.2,Mid Floor
flat,m3m soulitude,sector 89,1.61,5574.7,3,3,2,1,0,3,New Property,unfurnished,Medium,1,2.89,32.2,Mid Floor
flat,m3m golfestate,sector 65,17.01,1581,4,4,3,0,1,13,Moderately Old,unfurnished,Low,1,107.59,340.2,Mid Floor
house,housing board colony,sector 28,4.5,12222,2,6,3,0,0,3,Relatively New,unfurnished,Medium,1,3.68,90,High Floor
flat,rof ananda,sector 95,0.71,1350,3,2,2,1,0,14,New Property,semifurnished,Low,1,5.26,14.2,Mid Floor
flat,indiabulls centrum park,sector 103,1.36,811,2,2,3,0,0,1,Relatively New,semifurnished,Medium,1,16.77,27.2,High Floor
flat,ss the leaf,sector 85,1.55,1365,2,2,3,0,0,6,Relatively New,semifurnished,Medium,1,11.36,31,Low Floor
flat,shree vardhman victoria,sector 70,1.41,1300,2,2,2,0,0,8,Relatively New,unfurnished,High,1,10.85,28.2,Mid Floor
flat,ats triumph,sector 104,2.38,1444,3,3,3+,0,1,24,Relatively New,unfurnished,Medium,1,16.48,47.6,Mid Floor
flat,sanskriti apartment,sector 10,1.41,2072,3,3,3,0,0,2,Moderately Old,unfurnished,High,1,6.81,28.2,High Floor
flat,ss the leaf,sector 85,1.55,1833,2,2,3+,0,0,9,Relatively New,unfurnished,Low,1,8.46,31,Low Floor
flat,shapoorji pallonji joyville gurugram,sector 102,1.62,1491,2,2,2,0,0,10,Relatively New,unfurnished,Medium,1,10.87,32.4,Mid Floor
flat,signature global solera,sector 107,0.36,1100,2,2,2,0,0,14,Relatively New,unfurnished,Medium,1,3.27,7.2,Mid Floor
flat,tulip violet,sector 69,1.93,543,3,3,2,0,0,8,Relatively New,semifurnished,Low,1,35.54,38.6,High Floor
flat,vatika the seven lamps,sector 82,2.06,1492,4,5,3+,0,1,8,Relatively New,unfurnished,High,1,13.81,41.2,Mid Floor
house,independent,sector 2,6.37,2195,6,5,3+,0,1,3,Relatively New,unfurnished,Medium,1,29.02,127.4,Mid Floor
flat,godrej,sector 79,2.46,2430,3,4,3+,0,1,7,Relatively New,unfurnished,Medium,1,10.12,49.2,Mid Floor
flat,signature global park,sohna road,0.72,2031,2,2,3,0,0,3,New Property,unfurnished,High,1,3.55,14.4,Mid Floor
flat,experion windchants,sector 112,6.12,913,3,5,3+,0,1,4,Relatively New,semifurnished,Medium,1,67.03,122.4,Mid Floor
house,international city by sobha phase 1,sector 109,15.46,3405,5,6,3,1,1,2,Relatively New,semifurnished,Low,1,45.4,309.2,Mid Floor
house,independent,sector 45,21.9,7000,5,8,3+,1,1,3,Relatively New,furnished,High,1,31.29,438,Low Floor
flat,shapoorji pallonji joyville gurugram,sector 102,1.22,4500,2,2,2,0,0,14,Undefined,unfurnished,High,1,2.71,24.4,Mid Floor
flat,ild grand centra,sector 37,1.22,915,3,1,0,0,0,0,Undefined,unfurnished,Low,1,13.33,24.4,High Floor
flat,m3m golfestate,sector 79,1.8,1820,2,2,2,1,1,4,Undefined,furnished,Low,1,9.89,36,Low Floor
flat,the close north,sector 50,3.41,1556,3,4,3+,0,1,6,Moderately Old,semifurnished,Medium,1,21.92,68.2,Mid Floor
flat,experion windchants,sector 112,5.47,2470,3,5,2,0,1,15,Relatively New,unfurnished,High,1,22.15,109.4,Mid Floor
flat,central park resorts,sector 48,6.63,3000,3,3,3+,0,1,8,Moderately Old,furnished,Medium,1,22.1,132.6,High Floor
house,international city by sobha phase 2,sector 109,9.02,2364,4,4,3+,0,0,2,Relatively New,semifurnished,Medium,1,38.16,180.4,Mid Floor
flat,the cocoon,dwarka expressway,2.58,5400,3,3,3,0,0,5,New Property,unfurnished,Medium,1,4.78,51.6,Low Floor
flat,emaar palm gardens,sector 83,2.26,1357,3,3,3+,0,1,11,Relatively New,unfurnished,Low,1,16.65,45.2,Mid Floor
flat,signature global city 92,sector 92,1,1549,2,2,2,0,0,2,New Property,semifurnished,Medium,1,6.46,20,High Floor
house,independent,sohna road,0.64,1083,2,1,2,0,0,1,Moderately Old,unfurnished,Low,1,5.91,12.8,Low Floor
flat,puri emerald bay,sector 104,3.35,900,3,4,3+,1,1,5,Relatively New,unfurnished,Low,1,37.22,67,Low Floor
flat,dlf regal gardens,sector 90,1.62,2061,3,3,3,0,0,6,Relatively New,semifurnished,Medium,1,7.86,32.4,Mid Floor
flat,experion windchants,sector 112,3.99,1603,2,2,3,1,1,9,Relatively New,semifurnished,Low,1,24.89,79.8,Mid Floor
flat,ireo the corridors,sector 67a,2.58,1500,3,3,3,1,0,12,New Property,unfurnished,Medium,1,17.2,51.6,Mid Floor
flat,sare green parc,sector 92,0.97,1584,3,2,2,0,0,16,Undefined,unfurnished,Low,1,6.12,19.4,High Floor
flat,zara aavaas,sector 104,0.63,1556,3,2,2,0,0,7,Under Construction,unfurnished,Low,1,4.05,12.6,High Floor
flat,mvn athens,sohna road,0.33,695,2,2,1,0,0,5,Relatively New,unfurnished,Medium,1,4.75,6.6,Mid Floor
flat,birla navya,sector 63a,2.7,535,2,2,2,0,0,2,Under Construction,unfurnished,Medium,1,50.47,54,Mid Floor
flat,emaar mgf emerald floors premier,sector 65,2.88,1400,3,3,3,1,1,2,Relatively New,unfurnished,Low,1,20.57,57.6,Low Floor
flat,bptp terra,sector 37d,2,1833,3,3,3+,0,0,11,Relatively New,unfurnished,Low,1,10.91,40,Low Floor
flat,godrej air,sector 85,2.31,1639,3,3,3,0,0,30,Under Construction,unfurnished,Medium,1,14.09,46.2,High Floor
house,independent,sector 47,5.93,141,2,6,3+,0,0,4,Moderately Old,furnished,Low,1,420.57,118.6,High Floor
house,independent,sector 2,7.34,1728,9,9,3+,0,0,3,Moderately Old,semifurnished,Medium,1,42.48,146.8,Mid Floor
flat,the serenas,sector 36,0.54,2430,2,2,1,0,0,3,Undefined,unfurnished,Low,1,2.22,10.8,Mid Floor
flat,indiabulls centrum park,sector 103,1.74,590,3,3,3+,1,0,3,Relatively New,semifurnished,Low,1,29.49,34.8,Mid Floor
flat,ss the leaf,sector 85,1.35,1620,2,3,3+,0,0,4,Relatively New,unfurnished,High,1,8.33,27,Mid Floor
flat,emaar gurgaon greens,sector 102,1.87,1576,3,3,3,0,1,7,Relatively New,unfurnished,Medium,1,11.87,37.4,Mid Floor
flat,smart world orchard,sector 61,1.93,1493,2,2,2,1,0,2,Under Construction,unfurnished,High,1,12.93,38.6,Mid Floor
flat,bptp terra,sector 37d,2.12,1333,4,3,3+,0,0,6,Relatively New,semifurnished,Low,1,15.9,42.4,Low Floor
flat,sagar apartment,sector 56,1.87,2091,3,3,3+,1,1,7,Old Property,unfurnished,Medium,1,8.94,37.4,Mid Floor
flat,m3m golfestate,sector 65,6.37,1900,3,3,3,0,1,10,Relatively New,semifurnished,High,1,33.53,127.4,Mid Floor
flat,dlf royalton tower,sector 43,7.99,2816,4,4,3+,0,1,9,Moderately Old,unfurnished,Medium,1,28.37,159.8,Mid Floor
flat,vipul lavanya,sector 81,0.83,2712,2,2,2,0,0,14,Moderately Old,unfurnished,Low,1,3.06,16.6,Mid Floor
flat,vatika city,sector 49,3.41,985,3,4,3,0,1,11,Moderately Old,semifurnished,Medium,1,34.62,68.2,High Floor
flat,imt view society,manesar,1.22,2251,3,4,3,0,1,6,Moderately Old,unfurnished,Medium,1,5.42,24.4,High Floor
flat,la vida by tata housing,sector 113,1.93,2232,2,2,2,0,0,13,New Property,unfurnished,Medium,1,8.65,38.6,Mid Floor
flat,umang winter hills,sector 77,0.91,1418,2,2,2,1,0,6,Relatively New,unfurnished,Medium,1,6.42,18.2,High Floor
flat,tulip violet,sector 69,2.29,1057,4,4,2,0,0,10,Relatively New,semifurnished,Medium,1,21.67,45.8,Mid Floor
house,independent,sector 26,17.4,1819,5,5,3+,1,1,2,Relatively New,furnished,High,1,95.66,348,Mid Floor
house,emaar mgf marbella,sector 66,11.59,4518,4,4,3+,0,1,,Relatively New,semifurnished,Low,1,25.65,231.8,Low Floor
flat,vatika xpressions,sector 88,1.19,5200,2,2,2,0,0,3,Relatively New,unfurnished,Medium,1,2.29,23.8,Low Floor
flat,dlf new town heights,sector 90,1.61,1300,3,3,3+,0,1,5,Relatively New,unfurnished,High,1,12.38,32.2,Mid Floor
house,huda,sector 38,4.5,1929,3,2,3,0,0,2,Moderately Old,semifurnished,Medium,1,23.33,90,Mid Floor
house,sushant lok 1 builder floors,sector 43,2.51,1458,3,4,3+,0,1,4,New Property,semifurnished,Medium,1,17.22,50.2,Low Floor
flat,vatika gurgaon,sector 83,1.41,1935,3,3,3,0,1,12,Relatively New,semifurnished,Medium,1,7.29,28.2,Mid Floor
flat,conscient heritage max,sector 102,2.77,1570,3,4,3+,1,1,18,Relatively New,semifurnished,Medium,1,17.64,55.4,High Floor
flat,unitech fresco,sector 50,1.47,1945,2,2,2,0,0,19,Moderately Old,semifurnished,Medium,1,7.56,29.4,High Floor
flat,godrej nature plus serenity,sector 33,1.87,1330,3,2,3,0,0,3,Under Construction,unfurnished,High,1,14.06,37.4,High Floor
flat,ats tourmaline,sector 109,1.8,1512,3,3,3+,0,0,9,Relatively New,unfurnished,Low,1,11.9,36,Mid Floor
flat,godrej oasis,sector 88a,3.41,1584,3,3,3+,0,0,10,New Property,unfurnished,Medium,1,21.53,68.2,Mid Floor
flat,satya the hermitage,sector 103,1.28,1582,3,4,3+,0,1,2,Relatively New,unfurnished,Medium,1,8.09,25.6,Mid Floor
flat,ambience caitriona,sector 24,18.03,1731,4,5,3,0,0,3,Undefined,unfurnished,High,1,104.16,360.6,Low Floor
flat,ansal harmony homes,sector 57,1.45,6300,2,2,1,0,0,0,Old Property,unfurnished,Low,1,2.3,29,Mid Floor
house,ansals florence villa,sector 57,4.25,950,4,3,3+,1,1,2,Moderately Old,unfurnished,Medium,1,44.74,85,Low Floor
flat,tulip violet,sector 69,2,1665,3,3,2,0,0,0,Relatively New,semifurnished,High,1,12.01,40,Low Floor
flat,smart world orchard,sector 61,2.19,1428,2,2,2,0,0,4,Under Construction,unfurnished,Medium,1,15.34,43.8,Low Floor
flat,signature the roselia,sector 95,0.58,1278,2,2,2,0,0,2,New Property,semifurnished,Low,1,4.54,11.6,Mid Floor
flat,sbtl caladium,sector 109,1.74,632,3,2,3+,0,0,12,Relatively New,unfurnished,Low,1,27.53,34.8,Low Floor
flat,emaar gurgaon greens,sector 102,1.74,1477,3,4,3+,0,1,9,Relatively New,semifurnished,Medium,1,11.78,34.8,High Floor
flat,awho shanti vihar,sector 95,1.03,1400,2,2,3,1,0,9,New Property,unfurnished,High,1,7.36,20.6,Mid Floor
flat,raheja navodaya,sector 92,1.09,713,3,3,3,0,0,2,Relatively New,unfurnished,Medium,1,15.29,21.8,Mid Floor
flat,dlf new town heights,sector 90,2.56,1801,4,4,3+,0,1,9,Relatively New,semifurnished,Medium,1,14.21,51.2,Low Floor
flat,sbtl caladium,sector 109,2.19,3030,3,3,3+,0,1,9,Relatively New,unfurnished,Medium,1,7.23,43.8,Mid Floor
flat,valley view estate,gwal pahari,1.93,2303,4,4,3+,0,0,10,Moderately Old,unfurnished,High,1,8.38,38.6,Mid Floor
flat,signature global the millennia 3,sector 37d,0.58,1850,2,3,2,0,0,8,Under Construction,unfurnished,Medium,1,3.14,11.6,Mid Floor
house,independent,sector 56,10.31,656,10,10,3+,1,1,4,Relatively New,furnished,Low,1,157.16,206.2,Mid Floor
flat,kendriya vihar,sector 56,0.75,8286,1,1,1,0,0,1,Old Property,unfurnished,Medium,1,0.91,15,Mid Floor
flat,green court,sector 90,0.64,672,2,2,1,0,0,8,New Property,unfurnished,Medium,1,9.52,12.8,Low Floor
flat,conscient heritage max,sector 102,2.58,650,3,4,3+,1,1,13,Relatively New,semifurnished,Low,1,39.69,51.6,Mid Floor
flat,kendriya vihar,sector 56,0.83,1900,1,1,1,0,0,0,Moderately Old,unfurnished,High,1,4.37,16.6,High Floor
flat,signature the serenas,sohna road,0.54,839,2,2,1,0,0,12,New Property,unfurnished,Medium,1,6.44,10.8,Low Floor
flat,awho shanti vihar,sector 95,1.06,590,2,2,3+,1,0,13,New Property,unfurnished,Medium,1,17.97,21.2,High Floor
flat,paras dews,sector 106,1.48,1095,3,4,3,1,1,5,Relatively New,unfurnished,Medium,1,13.52,29.6,High Floor
flat,ambience creacions,sector 22,5.54,1305,3,4,3+,0,1,6,Relatively New,furnished,Low,1,42.45,110.8,Mid Floor
flat,aipl the peaceful homes,sector 70a,3.21,2600,3,3,3+,0,0,15,Relatively New,semifurnished,Medium,1,12.35,64.2,Mid Floor
flat,indiabulls centrum park,sector 103,2.12,1723,3,3,3+,1,0,15,Relatively New,unfurnished,High,1,12.3,42.4,High Floor
flat,godrej aria,sector 79,1.87,1683,2,2,3+,1,0,9,Relatively New,unfurnished,Low,1,11.11,37.4,High Floor
flat,shreeram apartment ii,sector 4,0.27,1494,1,1,1,0,0,2,Relatively New,unfurnished,Medium,1,1.81,5.4,Mid Floor
flat,ild greens,sector 37,0.97,500,2,2,3+,0,0,13,Undefined,unfurnished,Low,1,19.4,19.4,Low Floor
flat,emaar palm gardens,sector 83,1.9,1430,3,3,3,0,1,7,Relatively New,unfurnished,Medium,1,13.29,38,High Floor
flat,central park 2 bellevue,sector 48,6.44,1549,3,4,3,0,0,14,Moderately Old,unfurnished,Medium,1,41.58,128.8,Mid Floor
flat,eldeco accolade,sohna road,1.09,4778,2,2,3,0,0,10,New Property,unfurnished,Medium,1,2.28,21.8,High Floor
flat,shree vardhman victoria,sector 70,2.11,978,3,5,3,0,1,8,Relatively New,unfurnished,Medium,1,21.57,42.2,Mid Floor
flat,puri diplomatic greens,sector 111,4.45,1527,4,5,3+,0,1,9,Relatively New,unfurnished,Medium,1,29.14,89,Mid Floor
flat,rof ananda,sector 95,0.4,2670,2,2,1,0,0,5,Relatively New,semifurnished,Medium,1,1.5,8,Mid Floor
flat,breez global heights,sohna road,0.59,610,2,2,2,0,0,4,Relatively New,furnished,Medium,1,9.67,11.8,Mid Floor
flat,m3m one key resiments,sector 67,1.03,800,1,1,0,0,0,0,Undefined,unfurnished,Medium,1,12.88,20.6,Mid Floor
flat,orchid petals,sector 49,2.45,610,3,3,3,0,1,9,Moderately Old,semifurnished,Low,1,40.16,49,Low Floor
flat,central park flower valley,sector 33,2.84,2006,3,3,3,0,1,12,New Property,semifurnished,Medium,1,14.16,56.8,Mid Floor
flat,bestech park view ananda,sector 81,1.74,1900,3,3,3+,0,0,10,Moderately Old,semifurnished,Low,1,9.16,34.8,High Floor
house,dlf city phase 1,sector 26,7.09,1438,4,4,3,1,1,2,Moderately Old,unfurnished,Medium,1,49.3,141.8,Mid Floor
flat,smart world orchard,sector 61,2.06,1800,2,2,2,1,0,3,New Property,unfurnished,Medium,1,11.44,41.2,Low Floor
house,independent,sector 12,7.73,1278,4,6,2,0,0,2,Old Property,unfurnished,Medium,1,60.49,154.6,Mid Floor
flat,la vida by tata housing,sector 113,4.32,1710,4,4,3+,1,1,11,Relatively New,semifurnished,Low,1,25.26,86.4,Low Floor
house,vipul tatvam villa,sector 48,10.04,2991,4,4,3+,1,1,2,Relatively New,semifurnished,High,1,33.57,200.8,High Floor
flat,ansal housing highland park,sector 103,1.03,3240,2,2,2,0,0,9,Undefined,unfurnished,Medium,1,3.18,20.6,Low Floor
flat,mapsko mount ville,sector 79,1.68,1361,3,3,3+,0,0,1,Relatively New,semifurnished,Low,1,12.34,33.6,Mid Floor
flat,sare homes,sector 92,1.03,1213,3,3,3,1,0,7,Relatively New,semifurnished,Medium,1,8.49,20.6,Low Floor
flat,experion the heartsong,sector 108,1.76,1692,3,2,3+,1,1,2,Relatively New,semifurnished,Medium,1,10.4,35.2,Mid Floor
house,independent,sector 31,5.93,1343,2,2,2,0,0,2,Undefined,unfurnished,Medium,1,44.15,118.6,Low Floor
flat,m3m skycity,sector 65,2.58,1426,2,2,2,0,0,16,New Property,semifurnished,Low,1,18.09,51.6,Low Floor
flat,ansal heights,sector 92,0.92,1186,3,3,3,0,1,9,Relatively New,unfurnished,High,1,7.76,18.4,High Floor
flat,emaar palm gardens,sector 83,2.27,1700,3,3,3,0,1,5,Relatively New,semifurnished,Low,1,13.35,45.4,Mid Floor
flat,birla navya,sector 63a,4.16,1600,3,3,3,0,1,4,New Property,unfurnished,High,1,26,83.2,Mid Floor
flat,bestech park view grand spa,sector 81,5.41,1202,4,4,3+,0,1,25,Relatively New,semifurnished,Medium,1,45.01,108.2,Mid Floor
house,independent,sector 7,4.96,3512,4,4,3,0,0,3,Old Property,unfurnished,Medium,1,14.12,99.2,High Floor
flat,puri emerald bay,sector 104,2.31,2628,2,3,3,0,1,23,New Property,unfurnished,Low,1,8.79,46.2,Mid Floor
house,independent,sector 8,2.06,1538,4,6,1,0,0,3,Relatively New,unfurnished,Low,1,13.39,41.2,High Floor
house,emaar mgf marbella,sector 66,11.21,558,4,5,2,1,1,3,New Property,unfurnished,Low,1,200.9,224.2,Mid Floor
flat,kiran residency,sector 56,1.93,2250,3,3,3+,0,1,4,Relatively New,semifurnished,Medium,1,8.58,38.6,Mid Floor
house,shree krishna homes,sector 104,0.62,1900,2,2,1,1,0,1,New Property,unfurnished,Medium,1,3.26,12.4,Mid Floor
flat,mapsko mount ville,sector 79,1.55,795,3,3,3+,0,0,24,Relatively New,semifurnished,Low,1,19.5,31,Low Floor
house,independent,sector 11,1.22,1154,5,3,0,0,0,1,Undefined,unfurnished,Medium,1,10.57,24.4,High Floor
flat,ss,sector 85,2.79,1300,4,4,3,1,1,7,Relatively New,unfurnished,Low,1,21.46,55.8,Low Floor
flat,pareena coban residences,sector 99,1.78,2600,4,5,3+,0,1,1,Relatively New,unfurnished,Low,1,6.85,35.6,Mid Floor
flat,shree vardhman flora,sector 90,0.83,2150,2,2,3,1,0,11,Relatively New,semifurnished,Low,1,3.86,16.6,Low Floor
house,landmark house,sector 43,3.55,1225,3,3,1,0,0,2,Moderately Old,unfurnished,Low,1,28.98,71,High Floor
flat,bestech park view city,sector 49,3.86,1080,4,4,3,0,1,5,Moderately Old,semifurnished,Low,1,35.74,77.2,Low Floor
flat,emaar mgf emerald floors premier,sector 65,3.6,2200,3,3,3+,1,1,3,Relatively New,semifurnished,Medium,1,16.36,72,Mid Floor
flat,the penthouses at the hibiscus,sector 50,10.31,1650,4,3,3,0,1,7,Moderately Old,unfurnished,Low,1,62.48,206.2,Mid Floor
flat,m3m skycity,sector 65,3.6,10000,3,3,0,0,0,14,Undefined,unfurnished,Low,1,3.6,72,Mid Floor
house,independent,sector 57,9.34,1828,9,9,3+,0,1,2,New Property,semifurnished,Low,1,51.09,186.8,High Floor
house,independent,sector 28,14.49,2700,9,9,3+,0,1,2,Moderately Old,semifurnished,Low,1,53.67,289.8,Low Floor
house,experion windchants,sector 112,10.29,3240,4,6,3,0,1,2,New Property,semifurnished,Medium,1,31.76,205.8,Low Floor
flat,experion windchants,sector 112,4.38,6382,3,3,2,0,0,14,Relatively New,semifurnished,Medium,1,6.86,87.6,Low Floor
house,independent,sector 7,10.31,2225.56,4,5,3+,1,1,1,Old Property,unfurnished,High,1,46.33,206.2,High Floor
flat,m3m woodshire,sector 107,1.55,3600,3,3,3,0,0,7,Relatively New,semifurnished,Low,1,4.31,31,Low Floor
flat,emaar mgf emerald floors premier,sector 65,2.9,1750,3,3,3+,1,1,3,Relatively New,unfurnished,Low,1,16.57,58,Mid Floor
flat,shapoorji pallonji joyville gurugram,sector 102,1.25,1493,2,2,2,0,0,10,Relatively New,unfurnished,High,1,8.37,25,Mid Floor
house,independent,sector 11,2.31,742,8,5,2,0,0,1,Undefined,unfurnished,High,1,31.13,46.2,Mid Floor
flat,raheja navodaya,sector 92,1.41,2476,3,2,3,0,0,0,Undefined,unfurnished,Low,1,5.69,28.2,Low Floor
flat,prasha apartments,manesar,0.97,2350,3,3,3+,0,1,3,Moderately Old,unfurnished,Low,1,4.13,19.4,Low Floor
house,independent,sector 105,1.74,1914,5,3,3,0,0,3,Undefined,unfurnished,Low,1,9.09,34.8,Mid Floor
flat,ambience creacions,sector 22,7.93,3500,4,5,3+,0,1,10,New Property,semifurnished,Low,1,22.66,158.6,Mid Floor
flat,ireo victory valley,sector 67,5.86,3333,4,4,3+,0,1,19,Relatively New,semifurnished,Low,1,17.58,117.2,Mid Floor
flat,hsiidc sidco shivalik apartments,manesar,0.62,2833,2,2,3,0,0,7,Moderately Old,unfurnished,High,1,2.19,12.4,High Floor
house,independent,sector 41,14.17,993,4,4,2,1,1,3,New Property,semifurnished,Medium,1,142.7,283.4,Mid Floor
flat,nbcc heights,sector 89,0.97,3240,2,2,2,0,0,6,Moderately Old,unfurnished,Low,1,2.99,19.4,Mid Floor
flat,pyramid urban homes 2,sector 86,0.64,1032,2,2,1,0,0,2,Relatively New,unfurnished,Low,1,6.2,12.8,Mid Floor
house,independent,sector 39,0.43,668,1,1,1,0,0,1,Undefined,unfurnished,Low,1,6.44,8.6,Low Floor
flat,ss the leaf,sector 85,1.37,450,2,2,2,0,0,12,Relatively New,unfurnished,Low,1,30.44,27.4,Low Floor
flat,godrej aria,sector 79,2.18,1512,3,3,2,0,0,7,Relatively New,unfurnished,Low,1,14.42,43.6,High Floor
flat,corona optus,sector 37,1.57,1795,3,4,3,0,0,5,Relatively New,unfurnished,Medium,1,8.75,31.4,Mid Floor
flat,adani m2k oyster grande,sector 102,2.31,1665,3,4,3,0,1,17,Relatively New,unfurnished,Medium,1,13.87,46.2,Mid Floor
flat,ramsons kshitij,sector 95,0.28,1710,1,1,1,0,0,2,New Property,unfurnished,Low,1,1.64,5.6,High Floor
house,dlf new town heights,sector 86,3.21,308,4,4,3+,1,1,3,Moderately Old,semifurnished,Low,1,104.22,64.2,Low Floor
flat,bestech park view grand spa,sector 81,3.75,3400,4,5,2,0,1,6,Relatively New,semifurnished,Medium,1,11.03,75,Mid Floor
house,eros rosewood villas,sector 49,3.6,3017,3,3,3,0,0,2,Moderately Old,unfurnished,Medium,1,11.93,72,Mid Floor
flat,tulip violet,sector 69,1.8,1800,3,3,1,0,0,12,Relatively New,unfurnished,Medium,1,10,36,Low Floor
flat,godrej nature plus,sector 33,2.12,1419,2,2,3,0,0,1,Under Construction,unfurnished,High,1,14.94,42.4,High Floor
house,independent,sector 5,0.9,1279,2,3,1,0,0,1,Relatively New,unfurnished,Low,1,7.04,18,Low Floor
house,independent,sector 11,0.57,999,3,2,1,0,0,1,Relatively New,unfurnished,Low,1,5.71,11.4,Low Floor
flat,signature global city,sector 37d,1.41,128,3,3,2,0,0,2,Under Construction,unfurnished,Low,1,110.16,28.2,Low Floor
flat,paras dews,sector 106,1.61,1439,3,4,3+,1,1,7,Relatively New,unfurnished,Low,1,11.19,32.2,Low Floor
flat,puri emerald bay,sector 104,2.05,1186,2,2,2,0,0,12,Relatively New,unfurnished,High,1,17.28,41,Mid Floor
flat,ireo uptown,sector 66,6.25,1403,4,4,3+,1,1,15,Relatively New,semifurnished,Medium,1,44.55,125,High Floor
flat,dlf the ultima,sector 81,4.45,3500,4,4,3+,0,1,10,New Property,furnished,High,1,12.71,89,High Floor
house,independent,sector 24,4.18,2599,4,4,3,0,0,3,Old Property,unfurnished,High,1,16.08,83.6,Mid Floor
flat,experion windchants,sector 112,4.7,1070,3,4,3+,0,1,14,Relatively New,semifurnished,Low,1,43.93,94,Mid Floor
house,independent,sector 105,0.49,2225.56,2,2,2,0,0,1,Undefined,unfurnished,High,1,2.2,9.8,High Floor
flat,gls arawali homes,sohna road,0.38,56,2,2,2,0,0,9,Relatively New,unfurnished,Low,1,67.86,7.6,Low Floor
house,dlf city plots,sector 26,20.61,534,4,4,3,1,0,1,Relatively New,unfurnished,Medium,1,385.96,412.2,Mid Floor
flat,paras dews,sector 106,1.74,4235,4,4,3+,0,1,18,Relatively New,semifurnished,Low,1,4.11,34.8,Low Floor
flat,rof ananda,sector 95,0.49,2100,3,2,1,0,0,2,Relatively New,semifurnished,High,1,2.33,9.8,High Floor
flat,la vida by tata housing,sector 113,3.19,716,3,3,3+,0,1,8,New Property,unfurnished,Medium,1,44.55,63.8,Low Floor
flat,pareena coban residences,sector 99,1.74,1980,3,5,3,0,1,6,New Property,unfurnished,Medium,1,8.79,34.8,Mid Floor
flat,ansal heights 86,sector 86,0.82,1807,2,2,1,0,0,3,New Property,unfurnished,Medium,1,4.54,16.4,Mid Floor
flat,pareena coban residences,sector 99,1.87,1360,3,5,3,0,1,11,Relatively New,semifurnished,Medium,1,13.75,37.4,Mid Floor
flat,emaar mgf emerald floors premier,sector 65,3.03,1807,3,3,3,1,1,2,Relatively New,semifurnished,Low,1,16.77,60.6,High Floor
flat,unitech fresco,sector 50,2.31,1500,3,4,3+,0,1,6,Moderately Old,semifurnished,Medium,1,15.4,46.2,Low Floor
flat,pivotal riddhi siddhi,sector 99,0.92,1870,2,2,2,0,0,12,Relatively New,unfurnished,High,1,4.92,18.4,Mid Floor
flat,bestech park view residency,sector 2,1.52,784,2,2,3,1,0,5,Old Property,unfurnished,Low,1,19.39,30.4,High Floor
flat,shree vardhman victoria,sector 70,2.12,1416,3,4,3,0,1,5,Relatively New,semifurnished,Medium,1,14.97,42.4,Mid Floor
house,bptp visionnaire,sector 70a,6.05,1527,4,4,3+,0,0,3,New Property,unfurnished,Low,1,39.62,121,Mid Floor
flat,dlf new town heights,sector 86,1.68,2610,3,3,3,0,1,12,Moderately Old,semifurnished,Low,1,6.44,33.6,Mid Floor
flat,om apartment dayanand colony,sector 5,0.33,1747,1,1,1,0,0,3,Relatively New,unfurnished,High,1,1.89,6.6,High Floor
flat,breez global heights,sohna road,0.32,648,1,1,1,0,0,1,Relatively New,unfurnished,Low,1,4.94,6.4,Mid Floor
flat,tulip violet,sector 69,1.8,386,3,3,2,0,0,11,Relatively New,unfurnished,Medium,1,46.63,36,Low Floor
house,dlf the arbour,sector 63,10.94,1428,4,4,3+,0,0,27,Undefined,unfurnished,Medium,1,76.61,218.8,High Floor
house,independent,sector 38,4.5,3950,3,3,2,0,0,1,Relatively New,unfurnished,Medium,1,11.39,90,High Floor
flat,shapoorji pallonji joyville gurugram,sector 102,2.74,1440,3,3,3,0,0,9,New Property,unfurnished,Low,1,19.03,54.8,Low Floor
house,row house,sector 105,0.56,1571,3,3,3,0,0,2,Relatively New,unfurnished,Medium,1,3.56,11.2,Mid Floor
flat,emaar mgf emerald floors premier,sector 65,3.03,1050,3,3,3,1,1,2,Relatively New,unfurnished,Low,1,28.86,60.6,Low Floor
flat,trisara our homes 3,sohna road,0.51,1650,2,2,2,0,0,1,Undefined,unfurnished,High,1,3.09,10.2,Low Floor
flat,puri diplomatic greens,sector 111,3.33,900,3,4,2,0,1,9,Relatively New,unfurnished,Low,1,37,66.6,Low Floor
flat,shapoorji pallonji joyville gurugram,sector 102,2.51,2200,3,3,3,0,0,10,Relatively New,unfurnished,Medium,1,11.41,50.2,Mid Floor
flat,bestech park view city,sector 49,3.48,1676,3,4,3+,0,0,6,Moderately Old,unfurnished,Medium,1,20.76,69.6,Mid Floor
flat,senate court,sector 62,1.16,2159,1,1,0,0,0,0,Undefined,unfurnished,Low,1,5.37,23.2,Mid Floor
house,independent,sector 50,13.59,639,5,5,3,1,1,2,Moderately Old,unfurnished,Low,1,212.68,271.8,Low Floor
flat,shri ram apartments,sector 4,0.47,3240,2,2,1,0,0,4,Relatively New,unfurnished,Low,1,1.45,9.4,Low Floor
flat,ss the coralwood,sector 84,1.41,1056,3,3,3+,0,0,12,Moderately Old,semifurnished,Low,1,13.35,28.2,Mid Floor
flat,umang monsoon breeze,sector 78,1.36,1710,3,3,3,0,0,6,Moderately Old,unfurnished,Medium,1,7.95,27.2,High Floor
flat,gls avenue 51,sector 92,0.5,1853,3,3,3+,0,0,6,Relatively New,unfurnished,Low,1,2.7,10,Mid Floor
flat,ild greens,sector 37,1.29,713,3,3,3+,0,0,5,Under Construction,unfurnished,Medium,1,18.09,25.8,Mid Floor
flat,indiabulls centrum park,sector 103,1.48,1697,2,2,3,1,0,8,Relatively New,semifurnished,Medium,1,8.72,29.6,Mid Floor
flat,ss the leaf,sector 85,1.6,1250,2,2,3,0,0,10,Relatively New,unfurnished,Medium,1,12.8,32,Mid Floor
flat,m3m the marina,sector 68,2.86,1730,3,2,3,0,0,4,Relatively New,unfurnished,Low,1,16.53,57.2,Mid Floor
flat,raheja revanta,sector 78,6.12,1403,3,3,2,0,1,31,Under Construction,unfurnished,Low,1,43.62,122.4,Mid Floor
flat,bestech park view city,sector 48,2.29,2813,3,4,2,1,0,5,Relatively New,unfurnished,Medium,1,8.14,45.8,High Floor
flat,ats kocoon,sector 109,2.19,1526,3,3,3,0,0,21,Moderately Old,unfurnished,Medium,1,14.35,43.8,Mid Floor
flat,ireo the corridors,sector 67a,2.68,1550,3,3,2,0,0,6,Under Construction,unfurnished,Low,1,17.29,53.6,High Floor
flat,signature global park 4,sector 36,0.92,1563,3,2,3,0,0,2,Under Construction,unfurnished,Medium,1,5.89,18.4,Mid Floor
flat,godrej air,sector 85,1.74,1244,2,2,3,0,0,19,Under Construction,unfurnished,Low,1,13.99,34.8,Low Floor
flat,emaar palm gardens,sector 83,2.22,102,3,3,3,0,1,5,Relatively New,semifurnished,Low,1,217.65,44.4,High Floor
house,eldeco mansionz,sector 48,7.73,1600,4,4,3+,0,1,2,Moderately Old,unfurnished,High,1,48.31,154.6,Mid Floor
flat,ats triumph,sector 104,3.58,2700,4,4,3+,0,1,11,Relatively New,unfurnished,Medium,1,13.26,71.6,Low Floor
house,4s aradhya homes,sector 67a,2.36,2851,4,4,2,0,0,4,New Property,semifurnished,Medium,1,8.28,47.2,High Floor
house,dlf new town heights,sector 86,3.18,2700,4,4,3+,0,1,,Moderately Old,semifurnished,Medium,1,11.78,63.6,Mid Floor
flat,mrg world ultimus,sector 90,0.64,2800,2,2,2,0,0,1,Under Construction,unfurnished,Medium,1,2.29,12.8,Low Floor
flat,dlf regal gardens,sector 90,1.46,796,3,3,3+,0,0,8,Relatively New,unfurnished,Low,1,18.34,29.2,Low Floor
flat,bestech altura,sector 79,2.38,1566,3,3,3,0,1,7,New Property,unfurnished,Medium,1,15.2,47.6,Mid Floor
flat,puri diplomatic greens,sector 111,6.76,1650,4,6,3+,0,1,7,Relatively New,semifurnished,Medium,1,40.97,135.2,Mid Floor
flat,signature global orchard avenue,sector 93,1.09,4072,2,2,0,0,0,10,Undefined,unfurnished,Medium,1,2.68,21.8,Mid Floor
house,independent,sector 7,0.86,597,3,1,1,0,0,3,Relatively New,unfurnished,Low,1,14.41,17.2,Mid Floor
flat,signature global park,sohna road,1.22,550,3,2,3+,0,0,3,New Property,unfurnished,Low,1,22.18,24.4,Mid Floor
flat,signature global solera,sector 107,0.36,1210,2,2,2,0,0,11,Relatively New,unfurnished,Medium,1,2.98,7.2,Mid Floor
flat,m3m heights,sector 65,2.7,543,2,2,3,0,0,8,New Property,unfurnished,Low,1,49.72,54,High Floor
flat,bestech park view city,sector 48,3.41,1015,4,4,3+,1,1,11,Moderately Old,semifurnished,Low,1,33.6,68.2,Mid Floor
flat,signature global park,sohna road,1.01,2134,3,2,3+,0,0,4,Under Construction,unfurnished,High,1,4.73,20.2,High Floor
flat,ss the leaf,sector 85,2.55,978,3,4,3,0,0,12,Relatively New,unfurnished,Medium,1,26.07,51,Mid Floor
flat,m3m heights,sector 65,3.21,2399,3,3,3,0,0,19,Under Construction,unfurnished,High,1,13.38,64.2,High Floor
flat,godrej summit,sector 104,1.55,1654,3,2,3+,1,0,16,Relatively New,semifurnished,Low,1,9.37,31,High Floor
flat,bptp freedom park life,sector 57,7.09,1607,5,6,3+,0,1,19,Moderately Old,semifurnished,Medium,1,44.12,141.8,High Floor
flat,dlf new town heights,sector 91,2.31,5010,4,4,3+,0,1,6,Moderately Old,unfurnished,High,1,4.61,46.2,High Floor
flat,la vida by tata housing,sector 113,3.58,2604,3,4,3+,0,1,5,Relatively New,unfurnished,Medium,1,13.75,71.6,Mid Floor
flat,puri emerald bay,sector 104,3.41,2350,3,4,3,0,1,15,Relatively New,semifurnished,High,1,14.51,68.2,Mid Floor
flat,dlf the ultima,sector 81,3.48,2090,3,3,3,0,1,15,Relatively New,semifurnished,High,1,16.65,69.6,High Floor
flat,ats triumph,sector 104,2.36,2343,3,4,3+,0,1,10,Relatively New,unfurnished,Low,1,10.07,47.2,High Floor
house,signature global city 92,sector 92,0.97,2000,2,2,3,0,0,1,Undefined,unfurnished,High,1,4.85,19.4,Mid Floor
flat,adani aangan arcade,sector 89,0.64,959,2,2,1,0,0,4,Relatively New,furnished,Low,1,6.67,12.8,Low Floor
flat,godrej nature plus,sector 33,1.55,672,2,2,3+,0,0,3,Under Construction,unfurnished,Medium,1,23.07,31,Mid Floor
flat,ramprastha skyz,sector 37d,1.55,1111,3,2,1,0,1,9,Under Construction,unfurnished,Medium,1,13.95,31,Mid Floor
flat,emaar mgf the palm drive,sector 66,4.45,1900,3,4,3,0,1,6,Relatively New,semifurnished,Medium,1,23.42,89,Mid Floor
flat,dlf the primus,sector 82a,2.84,2000,3,3,3+,0,1,16,Relatively New,furnished,Medium,1,14.2,56.8,Mid Floor
flat,vatika the seven lamps,sector 82,1.09,1893,2,2,2,1,0,9,Relatively New,unfurnished,High,1,5.76,21.8,High Floor
house,international city by sobha phase 2,sector 109,8.05,1294,5,7,3+,1,1,3,Relatively New,unfurnished,Medium,1,62.21,161,Mid Floor
flat,alpha corp gurgaonone,sector 84,1.96,6228,3,4,3,0,1,15,Relatively New,unfurnished,Medium,1,3.15,39.2,Mid Floor
flat,maruti kunj,sector 11,1.03,1703,3,2,0,0,0,0,Old Property,unfurnished,Medium,1,6.05,20.6,High Floor
house,unitech espace,sector 50,9.6,1403,4,4,3,0,1,3,Old Property,semifurnished,Low,1,68.42,192,Low Floor
flat,bestech park view grand spa,sector 81,3.09,4500,3,4,3+,1,1,8,New Property,semifurnished,Medium,1,6.87,61.8,Mid Floor
flat,shapoorji pallonji joyville gurugram,sector 102,1.25,2407,2,2,2,0,0,12,New Property,unfurnished,High,1,5.19,25,Mid Floor
flat,shree vardhman flora,sector 90,1.29,747,3,4,3,0,1,8,New Property,unfurnished,Medium,1,17.27,25.8,High Floor
flat,shyam sadan,sector 5,0.71,1765,2,2,1,1,0,4,Relatively New,semifurnished,Medium,1,4.02,14.2,Mid Floor
flat,central park flower valley aqua front towers,sector 33,3.81,778,4,4,3,0,1,1,New Property,semifurnished,Medium,1,48.97,76.2,Mid Floor
flat,signature the roselia,sector 95,0.62,2371,2,2,2,0,0,6,Relatively New,unfurnished,Low,1,2.61,12.4,Low Floor
flat,ss the leaf,sector 85,1.41,744,2,2,3,0,0,10,Relatively New,unfurnished,Low,1,18.95,28.2,Mid Floor
house,independent,sector 17,1.96,1600,2,2,1,0,0,1,Old Property,unfurnished,High,1,12.25,39.2,Mid Floor
flat,ashiana mulberry,sohna road,0.96,105,2,2,3+,0,0,12,New Property,unfurnished,Low,1,91.43,19.2,Low Floor
flat,ss residency,sector 6,0.62,1344,3,2,2,0,0,2,Moderately Old,unfurnished,Medium,1,4.61,12.4,High Floor
flat,godrej aria,sector 79,1.41,111,2,2,3+,0,0,4,New Property,semifurnished,Medium,1,127.03,28.2,Low Floor
flat,breez global heights,sector 36,0.31,1223,1,1,1,0,0,8,New Property,semifurnished,Low,1,2.53,6.2,Mid Floor
flat,signature andour heights,sector 71,0.83,458,2,2,1,0,0,10,Relatively New,semifurnished,Medium,1,18.12,16.6,Mid Floor
house,sushant lok 1 builder floors,sector 43,8.05,590,7,7,3+,1,1,3,Moderately Old,unfurnished,Low,1,136.44,161,Mid Floor
flat,experion the heartsong,sector 108,1.27,2034,2,3,3,1,0,4,Relatively New,unfurnished,Low,1,6.24,25.4,Mid Floor
flat,capital residences 360,sector 70a,2.11,978.23,3,3,3+,0,1,4,New Property,unfurnished,Medium,1,21.57,42.2,Mid Floor
flat,afnhb jalvayu vihar,sector 30,0.89,1950,2,2,1,0,0,3,Old Property,unfurnished,Medium,1,4.56,17.8,Mid Floor
flat,ireo the corridors,sector 67a,2.31,896,3,3,3,0,1,6,New Property,semifurnished,Medium,1,25.78,46.2,Mid Floor
flat,irwo westend towers,sector 47,0.83,1551,1,1,2,0,0,3,Old Property,unfurnished,High,1,5.35,16.6,Mid Floor
flat,shapoorji pallonji joyville gurugram,sector 102,2.77,599,3,3,3,0,0,10,Relatively New,semifurnished,Medium,1,46.24,55.4,Mid Floor
flat,tarc maceo,sector 91,1.22,1690,2,2,2,0,0,10,Relatively New,unfurnished,Low,1,7.22,24.4,Mid Floor
flat,vatika lifestyle homes,sector 83,1.36,1186,3,2,2,0,0,1,Moderately Old,semifurnished,Medium,1,11.47,27.2,Mid Floor
flat,m3m skycity,sector 65,2.7,1600,2,2,2,0,0,43,New Property,unfurnished,Medium,1,16.88,54,Low Floor
flat,breez global heights,sohna road,0.36,1186,1,1,1,0,0,4,New Property,furnished,Medium,1,3.04,7.2,High Floor
flat,ss the leaf,sector 85,2.37,443,3,4,3,0,0,8,Relatively New,unfurnished,Low,1,53.5,47.4,Mid Floor
house,independent,sector 4,1.61,2026,2,3,0,0,0,1,Undefined,unfurnished,High,1,7.95,32.2,Mid Floor
flat,bptp astaire gardens,sector 70a,1.61,160,3,3,2,0,0,1,Relatively New,unfurnished,Low,1,100.63,32.2,Low Floor
flat,eldeco accolade,sohna road,1.47,1300,3,3,3+,0,0,4,Relatively New,unfurnished,Low,1,11.31,29.4,Low Floor
flat,tulip violet,sector 69,2.19,1382,3,3,2,0,0,0,Relatively New,unfurnished,High,1,15.85,43.8,Mid Floor
flat,supertech araville,sector 79,1.74,1428,2,2,3,1,0,6,New Property,semifurnished,Low,1,12.18,34.8,Low Floor
flat,parsvnath exotica,sector 53,6.44,1350,3,4,3+,0,1,8,Relatively New,semifurnished,Medium,1,47.7,128.8,Mid Floor
house,dlf city plots,sector 26,23.19,2500,6,6,2,0,1,3,Old Property,semifurnished,Low,1,92.76,463.8,Mid Floor
flat,ss the leaf,sector 85,2.12,4518,3,4,3,0,0,9,New Property,unfurnished,Low,1,4.69,42.4,Mid Floor
house,sai kripa floors 5,sector 11,1.16,2179,2,5,3,0,0,3,Relatively New,unfurnished,Low,1,5.32,23.2,Mid Floor
flat,shapoorji pallonji joyville gurugram,sector 102,2.61,800,3,3,2,0,0,1,New Property,unfurnished,Low,1,32.63,52.2,Mid Floor
flat,m3m latitude,sector 65,5.93,1337,3,3,3,1,1,7,New Property,unfurnished,Medium,1,44.35,118.6,Low Floor
house,independent,sector 9,4.38,1717,9,9,3,0,0,3,Moderately Old,semifurnished,Medium,1,25.51,87.6,Mid Floor
house,independent,sector 40,2.7,2628,3,3,2,0,0,3,Moderately Old,semifurnished,Medium,1,10.27,54,Mid Floor
flat,central park resorts,sector 48,14.49,900,4,5,3+,0,1,2,Relatively New,unfurnished,Low,1,161,289.8,Mid Floor
house,independent,sector 25,9.4,4422,9,9,2,0,1,3,Relatively New,semifurnished,Low,1,21.26,188,Low Floor
house,vipul tatvam villa,sector 48,28.34,5800,5,6,3,0,1,3,Moderately Old,unfurnished,Medium,1,48.86,566.8,Mid Floor
flat,tulip white,sector 69,1.16,8250,3,2,3,0,0,6,Relatively New,unfurnished,Medium,1,1.41,23.2,Mid Floor
flat,emaar gurgaon greens,sector 102,1.82,1473,3,3,3,0,0,4,Relatively New,unfurnished,Medium,1,12.36,36.4,Mid Floor
house,bptp visionnaire,sector 70a,6.76,1314,5,4,3+,0,1,3,New Property,semifurnished,Low,1,51.45,135.2,Mid Floor
flat,dlf regency park,sector 28,2.9,2610,3,3,2,0,1,16,Old Property,unfurnished,Low,1,11.11,58,Mid Floor
flat,central park flower valley,sector 33,2.3,1700,3,3,3,0,0,3,Old Property,unfurnished,Medium,1,13.53,46,High Floor
flat,tarc maceo,sector 91,1.93,1619,3,4,3+,1,1,3,Relatively New,unfurnished,Medium,1,11.92,38.6,Mid Floor
flat,pivotal devaan,sector 84,0.46,1786,2,2,1,0,0,4,Relatively New,unfurnished,Medium,1,2.58,9.2,Mid Floor
flat,spaze privy,sector 72,2.45,528,3,3,3,0,0,10,Undefined,unfurnished,Low,1,46.4,49,Mid Floor
flat,tulip violet,sector 69,2.06,1975,3,3,2,0,0,0,Relatively New,unfurnished,Low,1,10.43,41.2,Mid Floor
flat,emaar mgf emerald floors premier,sector 65,3.03,1428,3,3,3,1,1,3,Relatively New,semifurnished,Low,1,21.22,60.6,Low Floor
flat,emaar mgf emerald estate,sector 65,2.22,1833,3,3,3,0,1,9,Relatively New,furnished,Medium,1,12.11,44.4,Mid Floor
flat,tulsiani easy in homes,sohna road,0.51,1262,2,2,3,0,0,9,Under Construction,unfurnished,High,1,4.04,10.2,Mid Floor
flat,bsf chs,gwal pahari,1.22,561,3,3,3,0,0,13,Old Property,unfurnished,Low,1,21.75,24.4,Mid Floor
house,independent,sector 26,5.15,1778,4,4,3,0,0,2,Old Property,unfurnished,Low,1,28.97,103,High Floor
flat,bestech park view grand spa,sector 81,3.03,1350,3,4,3+,0,1,10,Relatively New,unfurnished,Low,1,22.44,60.6,Low Floor
flat,antriksh heights,sector 84,1.21,2511,3,2,3+,1,0,10,New Property,semifurnished,Medium,1,4.82,24.2,Mid Floor
house,independent,sector 45,9.47,1222,6,4,3+,1,1,3,Old Property,semifurnished,Medium,1,77.5,189.4,Mid Floor
flat,tulip violet,sector 69,2.06,2475,3,3,2,0,0,0,Relatively New,unfurnished,Medium,1,8.32,41.2,Mid Floor
flat,kendriya vihar,sector 56,0.71,1428,1,2,1,0,0,0,Old Property,unfurnished,High,1,4.97,14.2,Low Floor
flat,dlf carlton estate,sector 43,2.58,678,3,3,2,0,0,5,Moderately Old,unfurnished,Medium,1,38.05,51.6,Low Floor
flat,micasa sec 68,sohna road,1.93,1273,2,2,3,0,0,11,New Property,unfurnished,Medium,1,15.16,38.6,Mid Floor
flat,emaar mgf the palm drive,sector 66,4.5,1361,3,3,2,1,0,4,Relatively New,unfurnished,Low,1,33.06,90,High Floor
flat,sare homes,sector 92,1.09,2200,4,4,3,0,0,3,Moderately Old,unfurnished,Medium,1,4.95,21.8,Mid Floor
house,independent,sector 50,17.01,1607,6,6,0,0,0,2,Undefined,unfurnished,Low,1,105.85,340.2,Mid Floor
flat,,sector 78,0.78,4861,2,2,0,0,0,,Under Construction,unfurnished,Low,1,1.6,15.6,Low Floor
flat,ss,sector 85,2.69,2600,4,4,3,1,1,8,Relatively New,unfurnished,Low,1,10.35,53.8,Mid Floor
flat,tulip violet,sector 69,2.45,1743,4,4,2,0,0,6,Relatively New,unfurnished,High,1,14.06,49,Mid Floor
house,bestech park view aindependentda,sector 81,5.61,5480,4,4,3,0,1,2,Relatively New,unfurnished,Medium,1,10.24,112.2,Low Floor
flat,pioneer park,sector 61,2.58,1538,3,3,3,0,0,24,Moderately Old,semifurnished,Medium,1,16.78,51.6,High Floor
flat,mahindra aura,sector 110,2.9,2350,4,4,3+,0,1,2,Relatively New,unfurnished,High,1,12.34,58,Low Floor
flat,dlf the ultima,sector 81,2.9,1929,3,3,3+,0,1,6,New Property,furnished,High,1,15.03,58,Mid Floor
flat,emaar gurgaon greens,sector 102,1.92,1315,3,3,3,0,0,10,Relatively New,semifurnished,High,1,14.6,38.4,Mid Floor
flat,umang winter hills,sector 77,1.03,1163,2,2,2,0,0,10,Relatively New,semifurnished,Low,1,8.86,20.6,Mid Floor
house,ansal sushant lok,sector 43,13.52,3762,4,4,2,0,1,,Old Property,unfurnished,Medium,1,35.94,270.4,Low Floor
flat,smart world one dxp,sector 113,4.45,2353,4,4,3,1,1,11,Under Construction,semifurnished,High,1,18.91,89,High Floor
flat,dlf new town heights,sector 90,2.42,2726,4,4,3+,0,1,20,Relatively New,unfurnished,Medium,1,8.88,48.4,High Floor
flat,mapsko royale ville,sector 82,1.45,1588,3,3,2,0,0,12,Relatively New,semifurnished,Low,1,9.13,29,High Floor
flat,capital residences 360,sector 70a,1.41,1312,2,2,2,1,0,10,Relatively New,unfurnished,Low,1,10.75,28.2,Mid Floor
flat,shree vardhman flora,sector 90,0.83,1222,2,2,3,1,0,6,Relatively New,unfurnished,High,1,6.79,16.6,Mid Floor
flat,ss the leaf,sector 85,1.4,1475,2,2,3,0,0,5,Relatively New,unfurnished,Low,1,9.49,28,Mid Floor
flat,emaar palm gardens,sector 83,2,1400,3,3,3,0,1,4,Relatively New,semifurnished,High,1,14.29,40,Mid Floor
flat,sare crescent parc,sector 92,0.91,1596,3,3,2,0,0,6,Relatively New,unfurnished,Low,1,5.7,18.2,Mid Floor
flat,m3m woodshire,sector 107,2.12,2505,4,5,3+,0,1,12,Relatively New,unfurnished,Low,1,8.46,42.4,High Floor
flat,sare crescent parc,sector 92,0.86,1473,3,2,2,0,0,15,Relatively New,furnished,Low,1,5.84,17.2,High Floor
flat,corona gracieux,sector 76,0.97,1199,2,2,3,0,0,13,Relatively New,semifurnished,Low,1,8.09,19.4,High Floor
flat,cghs airport apartment,sector 47,2.12,1906,3,3,3,0,0,1,Old Property,semifurnished,Medium,1,11.12,42.4,Low Floor
flat,bptp terra,sector 37d,2.51,1650,4,3,3,0,0,7,Under Construction,unfurnished,Medium,1,15.21,50.2,Mid Floor
flat,511 sarahah tower,sector 12,0.78,800,2,2,1,0,0,0,New Property,furnished,Low,1,9.75,15.6,Low Floor
flat,mvn athens,sohna road,0.31,516,2,2,1,0,0,12,Relatively New,unfurnished,Low,1,6.01,6.2,High Floor
flat,shree vardhman flora,sector 90,1.11,1525,3,4,3,0,1,0,Relatively New,semifurnished,Medium,1,7.28,22.2,Low Floor
flat,dlf the skycourt,sector 86,2,1900,3,3,1,0,0,12,Relatively New,semifurnished,High,1,10.53,40,High Floor
flat,bestech park view sanskruti,sector 92,2.17,1804,3,4,3+,0,1,15,Relatively New,semifurnished,High,1,12.03,43.4,High Floor
house,huda housing board colony,sector 31,5.93,1460,2,4,3+,0,0,3,Old Property,unfurnished,Low,1,40.62,118.6,Mid Floor
flat,mapsko mount ville,sector 79,1.55,1321,3,3,3,1,0,9,Relatively New,semifurnished,Medium,1,11.73,31,Mid Floor
flat,proxima tower,sector 37,0.78,1180,2,2,3,1,0,5,Under Construction,unfurnished,Medium,1,6.61,15.6,Mid Floor
flat,la vida by tata housing,sector 113,3.16,1890,3,3,3+,1,0,3,Relatively New,unfurnished,High,1,16.72,63.2,Mid Floor
flat,gls arawali homes,sohna road,0.46,556,2,2,2,0,0,5,Relatively New,unfurnished,Low,1,8.27,9.2,Mid Floor
flat,m3m heights,sector 65,4.73,2040,3,3,2,0,1,27,Under Construction,unfurnished,Low,1,23.19,94.6,High Floor
flat,green court,sector 90,0.49,767,2,2,1,0,0,7,Under Construction,unfurnished,Low,1,6.39,9.8,Mid Floor
house,international city by sobha phase 2,sector 109,14.49,4500,7,5,3+,1,1,4,Relatively New,unfurnished,Low,1,32.2,289.8,Mid Floor
flat,ss,sector 85,2.55,2300,3,4,3,0,0,6,Relatively New,unfurnished,Low,1,11.09,51,Mid Floor
flat,raheja navodaya,sector 92,1.09,1423,3,3,0,0,0,0,Relatively New,unfurnished,Medium,1,7.66,21.8,Low Floor
house,independent,sector 28,15.14,2844,4,5,3+,1,1,4,Relatively New,semifurnished,Medium,1,53.23,302.8,Mid Floor
flat,ats tourmaline,sector 109,2.26,1797,3,4,3+,0,1,7,Relatively New,unfurnished,High,1,12.58,45.2,Mid Floor
flat,orris aster court premier,sector 85,1.55,1650,3,4,2,0,1,6,Relatively New,unfurnished,Low,1,9.39,31,Mid Floor
flat,paras dews,sector 106,1.46,1186,3,4,3+,1,1,18,Relatively New,unfurnished,Low,1,12.31,29.2,High Floor
house,vatika india next,sector 82,9.02,3900,4,4,3+,0,1,3,Relatively New,furnished,Medium,1,23.13,180.4,Mid Floor
house,vipul tatvam villa,sector 48,23.83,7000,4,4,1,0,0,1,Moderately Old,unfurnished,Low,1,34.04,476.6,Low Floor
house,independent,sector 4,0.79,61,2,2,2,0,0,2,Moderately Old,unfurnished,Low,1,129.51,15.8,Low Floor
flat,sare green parc 2,sector 92,0.79,1141,3,2,2,0,0,6,Under Construction,unfurnished,Low,1,6.92,15.8,Mid Floor
flat,dlf regal gardens,sector 90,1.62,1650,3,3,2,0,0,12,Relatively New,unfurnished,Low,1,9.82,32.4,High Floor
flat,bhagwati sadan,sector 12,1.48,2000,3,4,2,1,1,2,Old Property,semifurnished,Low,1,7.4,29.6,Low Floor
flat,dlf 76,sector 76,5.15,3889,4,4,2,1,1,4,Under Construction,semifurnished,Medium,1,13.24,103,Mid Floor
flat,chintamani,sector 103,2.02,1845,3,3,3,0,0,1,Undefined,unfurnished,Low,1,10.95,40.4,Low Floor
flat,tulip violet,sector 69,1.69,1392,3,3,2,0,0,12,Relatively New,semifurnished,High,1,12.14,33.8,High Floor
flat,tulip violet,sector 69,2.26,1783,4,4,1,0,0,12,Relatively New,unfurnished,Medium,1,12.68,45.2,High Floor
flat,experion the heartsong,sector 108,1.12,978.23,2,3,3,0,1,2,Relatively New,semifurnished,Medium,1,11.45,22.4,Low Floor
house,independent,sector 11,1.55,300,7,3,0,0,0,3,Undefined,unfurnished,Low,1,51.67,31,Mid Floor
flat,mapsko royale ville,sector 82,1.28,1620,3,4,2,0,1,14,New Property,unfurnished,Medium,1,7.9,25.6,High Floor
flat,the rama apartment cghs,sector 43,3.21,2722,4,4,3+,0,1,4,Moderately Old,unfurnished,Low,1,11.79,64.2,Mid Floor
flat,umang monsoon breeze,sector 78,1.03,1472,3,2,2,0,0,7,Moderately Old,unfurnished,Medium,1,7,20.6,Mid Floor
flat,ats triumph,sector 104,3.37,2851,4,4,3+,0,1,14,Relatively New,unfurnished,High,1,11.82,67.4,High Floor
flat,tata gurgaon gateway,sector 113,2.26,1430,2,2,2,1,0,10,Relatively New,unfurnished,Medium,1,15.8,45.2,Mid Floor
flat,shree vardhman flora,sector 90,0.86,1122,2,2,3,1,0,4,Relatively New,unfurnished,Medium,1,7.66,17.2,Mid Floor
flat,krisumi waterfall residences,sector 36,2.84,1338,2,2,2,0,0,23,New Property,unfurnished,Low,1,21.23,56.8,High Floor
flat,m3m woodshire,sector 107,1.21,1236,2,2,3+,0,0,1,Moderately Old,unfurnished,Medium,1,9.79,24.2,Low Floor
flat,oriental valley chs,sector 9,1.93,2056,4,3,3+,0,0,8,Moderately Old,unfurnished,Low,1,9.39,38.6,Mid Floor
house,vipul tatvam villa,sector 48,9.85,4000,4,4,3,1,1,2,Moderately Old,unfurnished,Low,1,24.63,197,Low Floor
flat,smart world orchard,sector 61,3.1,1630,3,3,3,0,0,2,New Property,unfurnished,Medium,1,19.02,62,Low Floor
flat,hcbs sports ville,sohna road,0.26,474.042156,1,1,1,0,0,3,New Property,unfurnished,Medium,1,5.48,5.2,Mid Floor
house,independent,sector 26,11.59,2700,5,5,2,1,1,3,Old Property,furnished,Medium,1,42.93,231.8,Mid Floor
flat,bptp terra,sector 37d,2.55,1983,3,3,3+,1,0,12,New Property,semifurnished,Low,1,12.86,51,High Floor
house,independent,sector 26,29.63,9000,4,4,3+,1,1,2,Relatively New,semifurnished,Medium,1,32.92,592.6,Low Floor
flat,bestech park view spa next,sector 67,4.27,2385,4,5,3+,0,1,12,Moderately Old,semifurnished,High,1,17.9,85.4,High Floor
flat,vatika india next,sector 82,1.03,1383,2,2,3,0,0,9,Undefined,unfurnished,Low,1,7.45,20.6,Mid Floor
flat,smart world orchard,sector 61,2.96,1475,3,3,2,1,0,2,Under Construction,unfurnished,Medium,1,20.07,59.2,Low Floor
flat,m3m soulitude,sector 89,1.71,1423,3,3,3,1,0,4,Under Construction,unfurnished,Medium,1,12.02,34.2,Mid Floor
flat,ss the leaf,sector 85,3.48,3151,4,4,3+,0,0,23,New Property,unfurnished,Low,1,11.04,69.6,High Floor
house,independent,sector 39,9.02,7000,10,11,3+,0,0,4,Relatively New,furnished,Low,1,12.89,180.4,Mid Floor
flat,ramprastha skyz,sector 37d,1.29,1833,3,5,3,0,1,11,Under Construction,unfurnished,Low,1,7.04,25.8,High Floor
flat,godrej oasis,sector 88a,1.8,1674,3,3,3+,0,0,4,Relatively New,semifurnished,Low,1,10.75,36,Mid Floor
flat,unitech harmony,sector 50,3.35,2700,3,4,2,0,1,15,Relatively New,semifurnished,High,1,12.41,67,High Floor
flat,pioneer araya,sector 62,10.76,3872,4,6,3,0,1,16,Relatively New,unfurnished,High,1,27.79,215.2,High Floor
flat,conscient heritage max,sector 102,3.41,2311,4,5,3+,0,1,17,Moderately Old,unfurnished,Medium,1,14.76,68.2,High Floor
flat,emaar mgf emerald floors premier,sector 65,4.5,1975,4,4,3,0,1,4,Relatively New,semifurnished,Medium,1,22.78,90,Mid Floor
flat,m3m skywalk,sector 74,2.29,1582,2,2,3+,0,0,12,Undefined,unfurnished,Medium,1,14.48,45.8,High Floor
flat,mapsko mount ville,sector 79,1.55,1348,3,3,3,0,0,24,Relatively New,semifurnished,Low,1,11.5,31,High Floor
flat,bestech park view sanskruti,sector 92,2,1792,3,3,3,0,1,17,Relatively New,semifurnished,Medium,1,11.16,40,High Floor
house,independent,sector 24,3.35,1080,4,4,3+,1,0,4,Relatively New,furnished,Low,1,31.02,67,Mid Floor
flat,city heights,sector 39,2.26,2222,3,4,3,0,1,3,Old Property,furnished,Low,1,10.17,45.2,Mid Floor
flat,mvn athens,sohna road,0.35,508,2,2,1,0,0,0,Relatively New,semifurnished,Medium,1,6.89,7,Low Floor
house,independent,sector 46,5.47,1836,5,4,2,0,0,3,Moderately Old,semifurnished,Medium,1,29.79,109.4,Mid Floor
flat,bptp terra,sector 37d,1.87,1711,3,3,3,0,0,8,Relatively New,unfurnished,Medium,1,10.93,37.4,Mid Floor
flat,shree vardhman flora,sector 90,0.97,1444,2,2,3,0,0,8,Undefined,unfurnished,Medium,1,6.72,19.4,Mid Floor
flat,vatika independent floors,sector 82,1.87,1800,4,3,0,0,0,1,Undefined,unfurnished,Medium,1,10.39,37.4,Low Floor
flat,signature global park,sohna road,0.68,939,2,2,2,0,0,1,Relatively New,unfurnished,High,1,7.24,13.6,Low Floor
flat,mapsko royale ville,sector 82,1.45,1500,3,4,2,0,1,6,Relatively New,semifurnished,High,1,9.67,29,Mid Floor
flat,aipl the peaceful homes,sector 70a,2.96,1946,3,3,3,0,0,3,Relatively New,semifurnished,Medium,1,15.21,59.2,Mid Floor
flat,sare homes,sector 92,1.45,2322,4,4,2,0,1,12,Relatively New,unfurnished,Medium,1,6.24,29,High Floor
house,independent,sector 92,2.31,2360,4,5,0,0,0,13,Undefined,unfurnished,Low,1,9.79,46.2,High Floor
flat,dlf regal gardens,sector 90,1.5,1630,3,3,3,0,0,15,Relatively New,semifurnished,Medium,1,9.2,30,High Floor
flat,pyramid elite,sector 86,0.58,637,2,2,1,0,0,12,Under Construction,unfurnished,Low,1,9.11,11.6,High Floor
flat,signature global city 63a,sector 63a,2.58,1540,3,3,2,0,0,1,Under Construction,unfurnished,Low,1,16.75,51.6,Low Floor
flat,rof ananda,sector 95,0.33,422,1,1,1,0,0,8,New Property,unfurnished,Low,1,7.82,6.6,Mid Floor
house,vipul tatvam villa,sector 48,10.94,3240,4,6,3,0,1,3,Old Property,unfurnished,Low,1,33.77,218.8,Mid Floor
flat,tulip violet,sector 69,2.17,1819,4,4,2,0,0,2,Relatively New,unfurnished,Medium,1,11.93,43.4,Low Floor
flat,signature global the millennia,sector 37d,0.83,625,2,2,3,0,0,0,New Property,unfurnished,Low,1,13.28,16.6,Low Floor
flat,ambience creacions,sector 22,3.28,1860,3,3,3,0,0,5,Relatively New,furnished,Low,1,17.63,65.6,Mid Floor
house,independent,sector 25,17.4,7000,9,9,0,0,0,1,Relatively New,unfurnished,Low,1,24.86,348,Low Floor
flat,tulip violet,sector 69,2.19,1819,4,4,2,0,0,7,Relatively New,unfurnished,Medium,1,12.04,43.8,Mid Floor
flat,mvn athens,sohna road,0.35,509,2,2,1,0,0,4,Relatively New,semifurnished,Low,1,6.88,7,Mid Floor
flat,parkwood westend,sector 92,0.9,1217,2,2,3,1,0,5,Under Construction,unfurnished,Low,1,7.4,18,Mid Floor
flat,dlf the primus,sector 82a,3.28,2273,4,4,3+,0,0,14,Relatively New,furnished,Low,1,14.43,65.6,High Floor
house,independent,sector 38,4.5,1722,3,2,2,0,0,1,Moderately Old,unfurnished,Low,1,26.13,90,Low Floor
house,independent,sector 4,0.9,117,3,3,0,0,0,1,Undefined,unfurnished,Low,1,76.92,18,Low Floor
house,grover homes sec 4,sector 4,6.12,5067,5,5,1,1,1,1,Old Property,semifurnished,Low,1,12.08,122.4,Low Floor
house,independent,sector 24,14.17,5000,8,11,3+,1,1,3,Old Property,semifurnished,Low,1,28.34,283.4,Mid Floor
flat,signature global city,sector 37d,1.29,1250,3,3,3,0,0,4,Under Construction,unfurnished,Low,1,10.32,25.8,Mid Floor
flat,gls arawali homes,sohna road,0.39,567,2,2,0,0,0,10,Undefined,unfurnished,Low,1,6.88,7.8,Mid Floor
flat,indiabulls centrum park,sector 103,1.7,1300,3,3,3+,1,0,6,Relatively New,unfurnished,Low,1,13.08,34,Mid Floor
flat,sare crescent parc,sector 92,1.16,1805,4,5,3+,0,1,3,Relatively New,unfurnished,Low,1,6.43,23.2,Mid Floor
flat,bestech park view ananda,sector 81,1.48,1463,3,2,3+,1,0,6,Relatively New,semifurnished,Medium,1,10.12,29.6,Mid Floor
flat,m3m merlin,sector 67,4.27,2016,3,4,3,0,1,8,New Property,semifurnished,High,1,21.18,85.4,Mid Floor
house,unitech uniworld resorts,sector 33,14.82,4680,5,6,3+,0,1,4,Relatively New,unfurnished,Medium,1,31.67,296.4,Mid Floor
house,international city by sobha phase 2,sector 109,11.27,3600,5,5,3+,1,1,3,New Property,semifurnished,High,1,31.31,225.4,Mid Floor
flat,mapsko mount ville,sector 79,1.61,1058,3,3,3,1,0,18,Relatively New,semifurnished,Medium,1,15.22,32.2,High Floor
flat,m3m golfestate,sector 65,9.02,4278,3,3,2,0,0,12,Moderately Old,unfurnished,Medium,1,21.08,180.4,High Floor
flat,assotech blith,sector 99,1.06,1365,2,2,3,0,0,0,Undefined,unfurnished,Medium,1,7.77,21.2,Low Floor
flat,assotech blith,sector 99,1.19,1235,2,2,3+,0,0,22,Under Construction,unfurnished,Medium,1,9.64,23.8,High Floor
house,independent,sector 26,20.61,4500,5,6,3,0,0,2,Old Property,unfurnished,Low,1,45.8,412.2,Low Floor
flat,bptp terra,sector 37d,2.31,2025,4,3,3,1,1,18,Relatively New,unfurnished,Low,1,11.41,46.2,High Floor
flat,ansal height 86,sector 86,1.03,1360,2,2,0,0,0,1,Undefined,unfurnished,Low,1,7.57,20.6,Low Floor
house,independent,sector 9,0.78,558,3,3,1,0,0,2,Relatively New,unfurnished,Low,1,13.98,15.6,Low Floor
house,independent,sector 43,35.42,11286,6,7,3+,1,1,3,Relatively New,semifurnished,Low,1,31.38,708.4,Mid Floor
flat,smart world gems,sector 89,1.41,1226,2,2,2,0,0,3,New Property,unfurnished,Medium,1,11.5,28.2,Mid Floor
flat,shapoorji pallonji joyville gurugram,sector 102,2.06,1368,2,2,3,0,0,14,Moderately Old,unfurnished,Low,1,15.06,41.2,High Floor
house,independent,sector 26,9.02,1783,5,5,2,0,1,3,Relatively New,unfurnished,Low,1,50.59,180.4,Mid Floor
flat,microtek greenburg,sector 86,1.68,944,2,3,3,1,0,5,Relatively New,semifurnished,Low,1,17.8,33.6,Mid Floor
flat,bestech park view residency,sector 2,2.05,1738,3,4,3+,0,1,11,Moderately Old,unfurnished,Medium,1,11.8,41,High Floor
flat,godrej nature plus,sector 33,1.39,85,2,2,3,0,0,8,Under Construction,unfurnished,Medium,1,163.53,27.8,Mid Floor
flat,adani brahma samsara vilasa,sector 63,4.18,2700,3,3,3,0,0,4,New Property,unfurnished,Low,1,15.48,83.6,Mid Floor
house,independent,sector 3,1.16,112,3,3,0,0,0,2,Undefined,unfurnished,Low,1,103.57,23.2,Low Floor
flat,godrej oasis,sector 88a,1.48,120,2,2,1,1,0,12,New Property,unfurnished,Medium,1,123.33,29.6,High Floor
flat,smart world orchard,sector 61,1.89,1278,2,2,2,1,0,4,Under Construction,unfurnished,Low,1,14.79,37.8,Mid Floor
flat,bestech park view grand spa,sector 81,2.84,2481,3,4,3+,0,1,8,Relatively New,semifurnished,High,1,11.45,56.8,Mid Floor
flat,godrej nature plus,sector 33,1.69,85,2,2,2,0,0,4,Under Construction,unfurnished,Medium,1,198.82,33.8,Mid Floor
flat,satya the hermitage,sector 103,1.15,1257,2,3,3,0,1,1,Relatively New,semifurnished,Medium,1,9.15,23,Low Floor
house,dlf city plots phase 3,sector 24,1.86,540,4,2,2,0,0,1,Old Property,unfurnished,Low,1,34.44,37.2,Low Floor
house,independent,sector 108,1.72,2680,1,1,0,0,0,1,Undefined,unfurnished,Low,1,6.42,34.4,Low Floor
house,independent,sector 7,0.68,900,2,2,0,0,0,1,Undefined,unfurnished,Low,1,7.56,13.6,Low Floor
flat,conscient heritage max,sector 102,2.35,1757,3,4,3+,0,1,12,Relatively New,unfurnished,Medium,1,13.38,47,High Floor
flat,supertech hues,sector 68,1.03,1180,2,2,3+,0,0,14,New Property,semifurnished,Low,1,8.73,20.6,High Floor
flat,guru gram haryana cghs,sector 56,1.79,1750,3,2,3,0,1,6,Old Property,semifurnished,Medium,1,10.23,35.8,Mid Floor
flat,unitech fresco,sector 50,2.42,1790,3,3,3+,0,0,14,Moderately Old,semifurnished,High,1,13.52,48.4,High Floor
flat,m3m heights,sector 65,3.59,1969,3,3,3,0,0,26,New Property,unfurnished,Low,1,18.23,71.8,High Floor
flat,smart world orchard,sector 61,3.21,1549,3,3,1,0,0,1,Undefined,unfurnished,Medium,1,20.72,64.2,Low Floor
flat,cghs hewo apartments,sector 31,1.61,1200,2,2,2,0,0,2,Old Property,unfurnished,Low,1,13.42,32.2,Low Floor
flat,signature global solera,sector 107,0.48,496,2,2,1,0,0,10,Relatively New,unfurnished,Medium,1,9.68,9.6,Mid Floor
flat,breeze global heights,sector 33,0.51,623,2,2,2,0,0,4,Undefined,unfurnished,Low,1,8.19,10.2,Mid Floor
flat,hsiidc sidco aravali,manesar,1.16,1900,3,3,3,0,1,2,Old Property,furnished,Low,1,6.11,23.2,Low Floor
flat,dlf regency park,sector 28,3.03,1608,3,3,2,0,1,18,Old Property,unfurnished,Medium,1,18.84,60.6,High Floor
house,dlf city plots,sector 26,22.29,4518,6,7,3+,1,1,3,New Property,semifurnished,Medium,1,49.34,445.8,Mid Floor
house,dlf city plots phase 2,sector 25,8.37,1800,5,5,3+,1,1,3,Old Property,semifurnished,Medium,1,46.5,167.4,Mid Floor
flat,ansal maple heights,sector 43,1.93,1385,3,3,3+,0,0,7,Old Property,semifurnished,High,1,13.94,38.6,Mid Floor
flat,orris aster court premier,sector 85,2.22,2017,4,5,3+,0,1,8,Relatively New,unfurnished,Low,1,11.01,44.4,Mid Floor
flat,tata primanti,sector 72,6.44,4000,4,4,3+,1,1,2,New Property,semifurnished,High,1,16.1,128.8,Low Floor
flat,tulip violet,sector 69,2.19,1804,4,4,2,1,1,10,Relatively New,unfurnished,High,1,12.14,43.8,Mid Floor
flat,smart world orchard,sector 61,3.31,1630,3,3,2,1,0,3,Under Construction,unfurnished,Low,1,20.31,66.2,Mid Floor
flat,ss the leaf,sector 85,2.84,3920,4,6,3,0,1,10,Relatively New,unfurnished,High,1,7.24,56.8,Mid Floor
flat,dlf new town heights,sector 86,2,2038,4,4,3+,0,1,12,Moderately Old,semifurnished,Medium,1,9.81,40,High Floor
flat,sidhartha ncr one phase,sector 95,0.78,1250,2,2,3,0,0,10,Undefined,unfurnished,Low,1,6.24,15.6,Mid Floor
flat,aipl the peaceful homes,sector 70a,3.28,2000,3,3,3,0,1,20,New Property,semifurnished,High,1,16.4,65.6,High Floor
flat,deepak minda,manesar,1.61,2944,3,3,3+,0,1,6,Moderately Old,unfurnished,Low,1,5.47,32.2,Mid Floor
flat,hero homes,sector 104,1.74,1094,3,2,2,0,0,18,New Property,unfurnished,Low,1,15.9,34.8,High Floor
flat,apna enclave,sector 3,0.75,900,2,2,2,0,0,2,Old Property,unfurnished,Medium,1,8.33,15,Low Floor
flat,elan mercado,sector 80,1.09,761,1,1,1,0,0,15,Relatively New,unfurnished,Medium,1,14.32,21.8,High Floor
flat,ambience creacions,sector 22,4.5,2000,3,4,3+,0,1,8,New Property,semifurnished,Medium,1,22.5,90,Mid Floor
flat,parsvnath green ville,sector 48,1.82,1493,3,3,3,0,0,1,Moderately Old,furnished,High,1,12.19,36.4,Low Floor
flat,tata primanti,sector 72,4.5,2625,4,5,3+,0,1,10,Relatively New,unfurnished,Low,1,17.14,90,Mid Floor
flat,godrej,sector 79,1.89,93,2,2,3,1,0,9,New Property,unfurnished,Medium,1,203.23,37.8,Mid Floor
flat,eldeco accolade,sohna road,0.93,978,2,2,3,0,0,5,Relatively New,unfurnished,Low,1,9.51,18.6,Mid Floor
house,independent,sector 25,5.73,1350,4,3,3+,0,0,2,Moderately Old,unfurnished,Medium,1,42.44,114.6,Low Floor
house,independent,sector 103,2.9,3534,3,5,3+,0,0,10,Undefined,unfurnished,Low,1,8.21,58,Mid Floor
flat,tulip violet,sector 69,2.12,1578,3,3,2,0,0,1,Relatively New,semifurnished,Medium,1,13.43,42.4,Low Floor
house,madan puri,sector 7,0.97,600,3,5,3,0,0,3,Moderately Old,unfurnished,Low,1,16.17,19.4,Mid Floor
flat,supertech araville,sector 79,1,1172,2,2,3+,0,0,0,New Property,unfurnished,Medium,1,8.53,20,Low Floor
flat,woodstock floors,sector 50,1.36,1098,2,2,2,0,0,2,Moderately Old,unfurnished,Medium,1,12.39,27.2,Low Floor
flat,professors enclave cghs,sector 56,1.98,1920,3,3,2,0,1,6,Old Property,semifurnished,Medium,1,10.31,39.6,Mid Floor
flat,the close north,sector 50,3.03,1950,3,3,3+,0,0,8,Moderately Old,semifurnished,High,1,15.54,60.6,Mid Floor
flat,tulip violet,sector 69,2.38,1819,4,4,2,0,0,14,Relatively New,semifurnished,High,1,13.08,47.6,High Floor
flat,pivotal devaan,sector 84,0.43,533,2,2,1,0,0,3,Relatively New,unfurnished,Medium,1,8.07,8.6,Mid Floor
flat,rof ananda,sector 95,0.32,344,1,1,1,0,0,4,New Property,unfurnished,Low,1,9.3,6.4,Mid Floor
flat,cancon enclave,sector 4,1.36,1500,3,2,2,0,0,2,New Property,semifurnished,Low,1,9.07,27.2,Low Floor
house,unitech espace,sector 50,14.55,3240,5,5,3+,1,0,2,Moderately Old,unfurnished,Low,1,44.91,291,Low Floor
house,raj villas,sector 52,10.31,3132,6,5,3+,0,0,4,Undefined,unfurnished,Low,1,32.92,206.2,Mid Floor
flat,palam vihar society,sector 2,0.51,450,1,1,1,0,0,5,Moderately Old,semifurnished,Low,1,11.33,10.2,Mid Floor
flat,corona optus,sector 37,1.93,2134,3,4,3+,0,1,14,New Property,unfurnished,Medium,1,9.04,38.6,High Floor
flat,paras dews,sector 106,1.93,1535,4,6,3+,0,1,11,Relatively New,unfurnished,High,1,12.57,38.6,High Floor
house,independent,sector 5,4.5,2367,5,4,2,0,0,2,Old Property,unfurnished,Low,1,19.01,90,Low Floor
flat,surya vihar rwa,sector 21,1.68,2400,5,5,2,1,1,2,Old Property,semifurnished,Low,1,7,33.6,Low Floor
house,independent,sector 15,2.31,1800,4,3,1,0,0,1,Old Property,unfurnished,Low,1,12.83,46.2,Low Floor
flat,pareena coban residences,sector 99,1.58,1807,3,5,3,0,1,5,Relatively New,unfurnished,Medium,1,8.74,31.6,Mid Floor
flat,sare green parc,sector 92,1.09,1261,3,2,2,0,0,14,Undefined,unfurnished,Low,1,8.64,21.8,High Floor
flat,ambience creacions,sector 22,5.14,2796,3,5,3+,0,1,3,New Property,furnished,Medium,1,18.38,102.8,Mid Floor
flat,pivotal devaan,sector 84,0.39,500,1,1,1,0,0,14,New Property,semifurnished,Low,1,7.8,7.8,High Floor
flat,supertech araville,sector 79,1.07,1700,2,2,3,1,0,5,New Property,furnished,Low,1,6.29,21.4,Mid Floor
house,independent,sector 9,5.79,3150,9,9,3+,1,0,3,Relatively New,semifurnished,Low,1,18.38,115.8,Mid Floor
flat,pivotal devaan,sector 84,0.46,537,2,2,2,0,0,4,Relatively New,unfurnished,Low,1,8.57,9.2,Mid Floor
flat,ats marigold,sector 89,2.38,1946,3,3,3+,0,1,12,New Property,unfurnished,Low,1,12.23,47.6,High Floor
flat,smart world orchard,sector 61,2.06,1278,2,2,2,0,0,4,Under Construction,unfurnished,Low,1,16.12,41.2,Mid Floor
flat,antriksh heights,sector 84,1.01,1561,3,3,3+,0,0,8,New Property,unfurnished,Low,1,6.47,20.2,Mid Floor
flat,avl 36 gurgaon,sector 36,0.83,657,2,2,2,0,0,7,Relatively New,unfurnished,Medium,1,12.63,16.6,Mid Floor
flat,ompee k s residency,sector 110,2.06,73,2,2,2,0,0,1,Relatively New,unfurnished,Low,1,282.19,41.2,Low Floor
flat,ss the leaf,sector 85,2.58,2026,3,4,3,0,1,5,Relatively New,unfurnished,High,1,12.73,51.6,Mid Floor
house,independent,sector 9,0.64,822,3,2,1,0,0,1,Undefined,unfurnished,Low,1,7.79,12.8,Low Floor
flat,ats marigold,sector 89,1.93,1944,3,3,3,0,0,2,New Property,unfurnished,Low,1,9.93,38.6,Low Floor
flat,dlf new town heights,sector 90,1.95,2362,4,4,3+,0,1,6,Relatively New,semifurnished,Medium,1,8.26,39,Mid Floor
flat,bestech park view grand spa,sector 81,2.9,2300,3,4,3+,1,1,8,Relatively New,semifurnished,Medium,1,12.61,58,Mid Floor
flat,mapsko mount ville,sector 79,2,1416,3,4,3,0,1,11,Relatively New,semifurnished,High,1,14.12,40,High Floor
flat,dlf new town heights,sector 91,2.12,2139,4,4,3+,0,1,11,Moderately Old,unfurnished,Medium,1,9.91,42.4,High Floor
flat,m3m merlin,sector 67,4.5,2134,3,4,3+,0,1,15,Relatively New,semifurnished,High,1,21.09,90,High Floor
house,project housing board colony,sector 28,3.33,1458,4,2,2,0,0,2,Undefined,unfurnished,Low,1,22.84,66.6,Low Floor
flat,ansal housing highland park,sector 103,1.41,1500,3,3,3+,0,0,7,New Property,unfurnished,Medium,1,9.4,28.2,Mid Floor
flat,eden landmark,manesar,0.64,1300,2,2,0,0,0,7,Under Construction,unfurnished,Low,1,4.92,12.8,Mid Floor
flat,ss the leaf,sector 85,1.36,1484,2,2,3,0,0,11,Relatively New,unfurnished,Low,1,9.16,27.2,High Floor
flat,pyramid urban,sector 67a,0.71,581,2,2,2,0,0,3,Relatively New,unfurnished,Medium,1,12.22,14.2,Mid Floor
flat,shree vardhman flora,sector 90,0.9,1350,2,2,3,1,0,9,New Property,unfurnished,Medium,1,6.67,18,Mid Floor
flat,vipul lavanya,sector 81,1.29,1131,2,2,2,0,0,7,Relatively New,unfurnished,Low,1,11.41,25.8,Mid Floor
flat,sunischit apartments,sector 54,2.26,1900,3,4,3+,0,1,5,Moderately Old,semifurnished,Medium,1,11.89,45.2,Mid Floor
flat,signature global park,sohna road,1.16,1599,3,3,3,0,0,3,Relatively New,unfurnished,Medium,1,7.25,23.2,Mid Floor
flat,indiabulls centrum park,sector 103,1.3,1338,2,2,3,0,0,5,Relatively New,semifurnished,High,1,9.72,26,Mid Floor
house,international city by sobha phase 2,sector 109,12.24,3600,5,5,3+,1,1,2,Relatively New,unfurnished,Medium,1,34,244.8,Low Floor
house,independent,sector 28,11.59,3240,6,7,3+,1,1,3,Moderately Old,unfurnished,Medium,1,35.77,231.8,Mid Floor
house,vatika signature villas,sector 82,4.13,2160,3,4,3,1,1,1,New Property,unfurnished,Medium,1,19.12,82.6,Low Floor
flat,paras dews,sector 106,1.25,1200,2,2,3,0,0,6,New Property,semifurnished,High,1,10.42,25,Mid Floor
house,vipul tatvam villa,sector 48,9.47,3222,4,5,2,1,1,2,Moderately Old,semifurnished,Medium,1,29.39,189.4,Low Floor
flat,sare crescent parc,sector 92,1.06,1523,3,3,3+,0,0,12,Undefined,unfurnished,Low,1,6.96,21.2,High Floor
house,independent,sector 8,0.41,450,2,3,1,0,0,1,Relatively New,unfurnished,Low,1,9.11,8.2,Low Floor
flat,dlf new town heights,sector 86,1.8,2132,4,4,3+,0,1,20,Relatively New,unfurnished,Medium,1,8.44,36,High Floor
flat,tulip ivory,sector 70,3.03,2667,4,4,3+,0,1,8,Moderately Old,unfurnished,Medium,1,11.36,60.6,Mid Floor
flat,central park flower valley,sector 33,4.25,2667,3,3,3,1,1,2,Under Construction,unfurnished,Medium,1,15.94,85,Low Floor
flat,smart world orchard,sector 61,2.58,1721,3,3,2,0,0,3,New Property,unfurnished,Medium,1,14.99,51.6,Mid Floor
flat,dlf the primus,sector 82a,3.48,2576,4,4,3+,0,1,18,Moderately Old,unfurnished,Low,1,13.51,69.6,High Floor
house,vatika signature villas,sector 82,6.44,3240,4,4,3+,0,1,3,Relatively New,unfurnished,Low,1,19.88,128.8,Mid Floor
house,independent,sector 4,0.83,70,1,1,1,0,0,1,Moderately Old,unfurnished,Low,1,118.57,16.6,Low Floor
flat,tata primanti,sector 72,4.38,2185,3,4,3+,0,1,9,Moderately Old,unfurnished,Low,1,20.05,87.6,Mid Floor
flat,puri diplomatic greens,sector 111,5.03,2996,4,5,3+,0,1,6,Relatively New,furnished,High,1,16.79,100.6,Mid Floor
flat,emaar mgf the palm drive,sector 66,1.95,1188,2,2,2,0,0,5,Relatively New,semifurnished,Medium,1,16.41,39,Mid Floor
flat,dlf the skycourt,sector 86,2.06,1746,3,3,1,0,0,14,Relatively New,unfurnished,Medium,1,11.8,41.2,High Floor
flat,sare petioles,sector 92,1.61,2278,3,3,3,0,1,18,Under Construction,unfurnished,Low,1,7.07,32.2,High Floor
flat,trisara our homes 3,sohna road,0.51,669,2,2,1,0,0,0,New Property,semifurnished,Medium,1,7.62,10.2,Low Floor
flat,imperia the esfera,sector 37,1.41,1899,3,4,3,1,1,9,Relatively New,unfurnished,Low,1,7.42,28.2,Mid Floor
flat,vatika city homes,sector 83,1.29,1575,3,3,2,0,0,2,Relatively New,semifurnished,High,1,8.19,25.8,Low Floor
flat,godrej,sector 79,2.49,2047,3,4,3+,0,1,5,Relatively New,unfurnished,High,1,12.16,49.8,Mid Floor
flat,ss the leaf,sector 85,1.36,1512,2,2,3+,0,0,7,Relatively New,unfurnished,Medium,1,8.99,27.2,Mid Floor
flat,supertech hues,sector 68,1.06,1068,2,2,3+,0,0,21,Under Construction,unfurnished,Medium,1,9.93,21.2,High Floor
flat,orris carnation residency,sector 85,0.71,1050,2,2,2,0,0,5,Relatively New,unfurnished,High,1,6.76,14.2,Mid Floor
house,satya the hermitage,sector 103,4.06,4700,4,5,0,0,0,12,Undefined,unfurnished,Medium,1,8.64,81.2,High Floor
flat,emaar gurgaon greens,sector 102,2.06,1315,3,3,3,0,0,8,Relatively New,unfurnished,Low,1,15.67,41.2,Mid Floor
flat,unitech uniworld gardens,sector 47,3.09,1888,3,3,3+,0,1,10,Moderately Old,semifurnished,Medium,1,16.37,61.8,Mid Floor
flat,shree vardhman flora,sector 90,1.68,2134,4,5,2,1,1,9,Relatively New,unfurnished,Medium,1,7.87,33.6,Mid Floor
house,godrej meridien,sector 106,7.22,4000,5,4,3+,1,1,33,New Property,unfurnished,High,1,18.05,144.4,High Floor
flat,bestech park view city,sector 48,2.31,1951,3,4,3,1,0,3,Moderately Old,semifurnished,Medium,1,11.84,46.2,Mid Floor
flat,sbtl caladium,sector 109,2.17,2303,3,3,3+,0,1,7,Moderately Old,unfurnished,Medium,1,9.42,43.4,Mid Floor
house,ss aaron ville,sector 49,8.7,4500,5,4,2,0,0,2,New Property,unfurnished,Low,1,19.33,174,Low Floor
flat,corona gracieux,sector 76,1.88,2398,4,6,3+,0,1,8,New Property,unfurnished,Medium,1,7.84,37.6,Mid Floor
flat,umang monsoon breeze,sector 78,1.55,2045,3,3,2,0,0,8,Moderately Old,furnished,Low,1,7.58,31,Mid Floor
flat,global hill view,sector 11,0.47,699,2,2,0,0,0,15,Undefined,unfurnished,Low,1,6.72,9.4,High Floor
flat,mvn athens,sohna road,0.32,535,2,2,1,0,0,0,Relatively New,unfurnished,Medium,1,5.98,6.4,Low Floor
flat,housing apna enclave,sector 4,0.5,950,2,2,1,0,0,1,Undefined,unfurnished,Low,1,5.26,10,Low Floor
house,independent,sector 7,0.58,1000,3,2,0,0,0,1,Undefined,unfurnished,Low,1,5.8,11.6,Low Floor
house,sushant lok 1 builder floors,sector 43,13.98,3762,8,8,3,1,1,3,Moderately Old,furnished,High,1,37.16,279.6,Mid Floor
house,independent,sector 11,1.16,900,2,4,3+,0,0,4,Moderately Old,unfurnished,Low,1,12.89,23.2,Mid Floor
flat,ss the leaf,sector 85,1.68,1484,2,2,2,0,0,17,New Property,unfurnished,Medium,1,11.32,33.6,High Floor
flat,dlf new town heights,sector 90,2.58,2468,4,4,3+,0,1,20,Moderately Old,unfurnished,Low,1,10.45,51.6,High Floor
flat,tata primanti,sector 72,4.96,2629,4,5,3+,0,1,13,Relatively New,semifurnished,High,1,18.87,99.2,High Floor
flat,signature global solera,sector 107,0.36,543,2,2,2,0,0,6,Relatively New,unfurnished,Low,1,6.63,7.2,Mid Floor
house,eldeco mansionz,sector 48,6.12,2340,7,7,3,1,0,2,Moderately Old,semifurnished,Low,1,26.15,122.4,Low Floor
flat,sare crescent parc,sector 92,0.64,905,2,2,2,0,0,2,Relatively New,unfurnished,Medium,1,7.07,12.8,Low Floor
flat,paras irene,sector 70a,1.68,1426,2,2,3,0,0,19,Moderately Old,semifurnished,Low,1,11.78,33.6,High Floor
flat,smart world gems,sector 89,1.55,1581,3,3,2,0,0,2,New Property,unfurnished,Low,1,9.8,31,Low Floor
flat,experion windchants,sector 112,3.21,1939.03,2,2,3,1,0,10,Relatively New,semifurnished,High,1,16.55,64.2,Mid Floor
flat,vatika xpressions,sector 88,1.19,1350,2,2,3,0,0,3,New Property,unfurnished,Low,1,8.81,23.8,Mid Floor
house,independent,sector 12,3.74,2700,7,7,3,0,0,2,Old Property,unfurnished,Low,1,13.85,74.8,Low Floor
flat,m3m sierra 68,sector 68,1.61,938,2,2,3,0,0,4,New Property,unfurnished,Low,1,17.16,32.2,Mid Floor
flat,conscient heritage max,sector 102,2.7,1945,3,4,3+,1,1,10,Relatively New,unfurnished,Medium,1,13.88,54,Mid Floor
house,independent,sector 23,7.27,5000,7,7,3+,0,1,2,Moderately Old,unfurnished,Medium,1,14.54,145.4,Low Floor
flat,paras dews,sector 106,1.61,1305,3,4,3,1,1,14,Relatively New,unfurnished,High,1,12.34,32.2,High Floor
flat,emaar gurgaon greens,sector 102,1.68,1315,3,3,3,0,1,4,Relatively New,semifurnished,Medium,1,12.78,33.6,Mid Floor
flat,dlf new town heights,sector 90,1.55,1747,3,3,3+,0,0,15,Relatively New,unfurnished,Low,1,8.87,31,High Floor
flat,global hill view,sector 11,0.42,761,2,2,0,0,0,11,Undefined,unfurnished,Low,1,5.52,8.4,High Floor
flat,suncity vatsal valley,gwal pahari,1.78,1294,3,3,2,0,0,1,Relatively New,semifurnished,High,1,13.76,35.6,Low Floor
flat,corona optus,sector 37,1.55,1635,3,4,3,0,0,8,Relatively New,unfurnished,Medium,1,9.48,31,Mid Floor
flat,bestech park view residency,sector 2,2,1738,3,4,3+,0,1,4,Old Property,unfurnished,Medium,1,11.51,40,Mid Floor
flat,ss the leaf,sector 85,1.35,1550,2,2,3,0,0,17,New Property,unfurnished,Medium,1,8.71,27,High Floor
house,emaar mgf marbella,sector 66,14.17,3240,5,6,3+,1,1,2,New Property,semifurnished,High,1,43.73,283.4,Low Floor
flat,ansal plaza,sector 2,1.29,1000,2,3,0,0,0,1,Undefined,unfurnished,Low,1,12.9,25.8,Low Floor
flat,sonata group housing gh 24,manesar,2.12,3111,4,3,3,0,1,8,New Property,unfurnished,Low,1,6.81,42.4,Mid Floor
flat,emaar imperial gardens,sector 102,2.46,1587,3,4,2,1,1,17,Relatively New,semifurnished,High,1,15.5,49.2,High Floor
flat,hcbs sports ville,sector 2,0.46,800,2,2,2,0,0,8,Relatively New,unfurnished,Low,1,5.75,9.2,Mid Floor
house,bptp astaire gardens,sector 70a,8.37,2332,4,4,3+,1,1,2,New Property,semifurnished,High,1,35.89,167.4,Low Floor
house,unitech deerwood chase,sector 50,10.89,3231,3,3,2,1,1,2,Old Property,semifurnished,Medium,1,33.7,217.8,Low Floor
flat,paras dews,sector 106,1.8,1593,3,4,3+,1,1,12,Under Construction,unfurnished,Medium,1,11.3,36,High Floor
flat,dlf regency park,sector 28,1.74,1120,2,2,2,0,0,14,Old Property,unfurnished,Medium,1,15.54,34.8,High Floor
flat,piedmont taksila heights,sector 37,1.29,1708,3,3,3+,0,0,8,Relatively New,semifurnished,Low,1,7.55,25.8,Mid Floor
house,signature global city,sector 37d,1.64,1570,3,3,3,0,0,4,Under Construction,unfurnished,Medium,1,10.45,32.8,Mid Floor
flat,suncity vatsal valley,gwal pahari,1.29,833,2,2,2,0,0,3,New Property,semifurnished,Low,1,15.49,25.8,Mid Floor
flat,vatika lifestyle homes,sector 83,1.35,1500,3,2,2,0,0,2,Moderately Old,unfurnished,Medium,1,9,27,Low Floor
flat,umang monsoon breeze,sector 78,1.22,1730,3,3,2,0,0,9,Relatively New,semifurnished,Medium,1,7.05,24.4,Mid Floor
house,independent,sector 12,2.19,2000,5,5,3,0,0,3,Moderately Old,unfurnished,Low,1,10.95,43.8,Mid Floor
flat,ireo victory valley,sector 67,4.06,2219,3,4,3+,0,1,15,Relatively New,semifurnished,Medium,1,18.3,81.2,High Floor
flat,chintels paradiso,sector 109,2.54,2380,4,4,2,0,1,11,Relatively New,unfurnished,Low,1,10.67,50.8,High Floor
flat,m3m the marina,sector 68,1.7,1364,2,2,3,1,0,15,Relatively New,unfurnished,Medium,1,12.46,34,High Floor
flat,bestech park view residency,sector 2,1.76,1611,3,3,3+,0,0,5,Moderately Old,unfurnished,Medium,1,10.92,35.2,Mid Floor
flat,puri emerald bay,sector 104,2.04,1538,2,3,3,0,1,11,Relatively New,unfurnished,Medium,1,13.26,40.8,High Floor
house,independent,sector 3,0.78,1000,1,1,0,0,0,1,Undefined,unfurnished,Low,1,7.8,15.6,Low Floor
house,independent,sector 57,4.25,1728,4,4,2,0,0,3,Moderately Old,semifurnished,Medium,1,24.59,85,Mid Floor
flat,vatika gurgaon,sector 83,1.12,1127,2,2,2,0,0,3,Moderately Old,unfurnished,Low,1,9.94,22.4,Mid Floor
flat,signature global synera,sector 81,0.51,586,2,2,1,0,0,12,Relatively New,unfurnished,Low,1,8.7,10.2,High Floor
flat,m3m woodshire,sector 107,1.87,1900,3,4,3+,0,1,7,Relatively New,unfurnished,Medium,1,9.84,37.4,Mid Floor
flat,paras dews,sector 106,1.72,1535,4,5,3+,0,1,7,Relatively New,unfurnished,Low,1,11.21,34.4,Mid Floor
flat,bestech park view ananda,sector 81,1.8,1475,3,3,3+,0,0,6,Relatively New,unfurnished,Medium,1,12.2,36,Mid Floor
house,independent,sector 50,9.02,3400,4,4,2,0,1,3,Old Property,unfurnished,Medium,1,26.53,180.4,Mid Floor
house,independent,sector 14,7.09,3240,5,4,2,1,0,2,Old Property,unfurnished,Low,1,21.88,141.8,Low Floor
flat,m3m heights,sector 65,2.51,1141,2,2,3,0,0,16,Under Construction,unfurnished,Low,1,22,50.2,High Floor
flat,emaar gurgaon greens,sector 102,1.87,1315,3,3,3,0,1,10,Relatively New,unfurnished,High,1,14.22,37.4,Mid Floor
flat,vasant appartments,sector 14,2.19,2556,5,5,2,1,0,2,Old Property,furnished,Medium,1,8.57,43.8,Low Floor
house,dlf city plots phase 2,sector 25,8.37,1935,3,9,3+,1,1,3,Old Property,semifurnished,Medium,1,43.26,167.4,Mid Floor
flat,tulip violet,sector 69,1.77,1568,3,3,1,0,0,12,Relatively New,unfurnished,Medium,1,11.29,35.4,High Floor
house,independent,sector 25,20.61,6000,6,5,2,0,0,3,Relatively New,unfurnished,Low,1,34.35,412.2,Mid Floor
flat,ashiana apartment,sector 23,0.21,706,2,2,2,0,0,1,Moderately Old,unfurnished,Low,1,2.97,4.2,Low Floor
flat,indiabulls enigma,sector 110,5.78,3511,5,5,3+,0,1,4,Relatively New,unfurnished,High,1,16.46,115.6,Mid Floor
flat,bestech park view residency,sector 2,1.27,1281,2,2,3,0,0,0,Moderately Old,unfurnished,Medium,1,9.91,25.4,Low Floor
flat,ild grand,sector 37,0.86,1310,2,2,3+,0,0,14,Undefined,unfurnished,Medium,1,6.56,17.2,High Floor
flat,dlf new town heights,sector 90,2.31,2468,4,4,3+,0,0,23,Moderately Old,unfurnished,Medium,1,9.36,46.2,High Floor
house,sushant lok 1 builder floors,sector 43,16.75,2700,3,3,3+,0,0,4,New Property,semifurnished,Low,1,62.04,335,Mid Floor
house,international city by sobha phase 2,sector 109,16.1,4500,5,6,3,1,1,3,Relatively New,unfurnished,Medium,1,35.78,322,Mid Floor
flat,apex our homes,sector 37,0.42,850,2,2,1,0,0,3,Relatively New,semifurnished,High,1,4.94,8.4,Mid Floor
house,independent,sector 43,2.45,60,3,3,3+,0,0,3,Old Property,furnished,Low,1,408.33,49,Mid Floor
house,independent,sector 57,10.7,3438,5,6,3+,1,1,4,Old Property,unfurnished,Low,1,31.12,214,Mid Floor
flat,spaze privvy the address,sector 93,1.87,1350,3,4,2,0,0,12,Relatively New,semifurnished,Medium,1,13.85,37.4,High Floor
flat,birla navya,sector 63a,4.25,2150,3,3,3,0,1,4,Under Construction,unfurnished,Medium,1,19.77,85,Mid Floor
flat,signature global park,sohna road,0.7,676,2,2,3,0,0,4,New Property,unfurnished,Low,1,10.36,14,Mid Floor
flat,sare petioles,sector 92,1.68,2040,4,4,0,0,0,7,Undefined,unfurnished,Low,1,8.24,33.6,Mid Floor
flat,ramprasta awho,sector 95,1.19,1750,3,3,3+,0,0,13,Undefined,unfurnished,Low,1,6.8,23.8,High Floor
flat,afnhb jalvayu vihar,sector 30,1.68,1401,3,3,2,0,0,2,Old Property,unfurnished,Low,1,11.99,33.6,Low Floor
flat,apna enclave,sector 3,0.64,722,2,2,1,0,0,1,Old Property,semifurnished,Low,1,8.86,12.8,Low Floor
house,independent,sector 25,5.61,1350,5,4,3,0,1,3,Old Property,unfurnished,Low,1,41.56,112.2,Mid Floor
flat,m3m golfestate,sector 65,6.83,2506,3,3,3,0,1,38,Moderately Old,furnished,Low,1,27.25,136.6,High Floor
house,independent,sector 7,0.35,225,2,2,1,0,0,2,Moderately Old,unfurnished,Low,1,15.56,7,Low Floor
flat,pyramid urban homes 2,sector 86,0.52,557,2,2,1,1,1,7,New Property,unfurnished,Low,1,9.34,10.4,Mid Floor
flat,dlf the ultima,sector 81,3.21,2130,3,3,2,0,1,4,Relatively New,furnished,Medium,1,15.07,64.2,Mid Floor
flat,tulip violet,sector 69,2,1428,3,3,2,0,0,9,Relatively New,semifurnished,High,1,14.01,40,Mid Floor
flat,baani city center,sector 63,1.13,804,1,1,2,0,0,4,Undefined,unfurnished,Low,1,14.05,22.6,Mid Floor
flat,godrej,sector 79,1.71,1411,2,2,3,1,0,6,Relatively New,unfurnished,High,1,12.12,34.2,Mid Floor
flat,godrej,sector 79,1.72,1423,2,2,3,1,0,2,Relatively New,unfurnished,High,1,12.09,34.4,Low Floor
house,independent,sector 43,10.62,2700,5,6,3+,1,1,3,Moderately Old,semifurnished,Medium,1,39.33,212.4,Mid Floor
flat,shri banke bihari society,sector 56,1.74,1450,3,3,3+,0,0,4,Old Property,semifurnished,High,1,12,34.8,Mid Floor
flat,dlf the primus,sector 82a,3.8,2110,4,5,3+,0,1,10,Relatively New,furnished,High,1,18.01,76,Mid Floor
flat,unitech uniworld gardens,sector 47,3.09,1916,3,4,3+,0,1,10,Moderately Old,unfurnished,Medium,1,16.13,61.8,Mid Floor
flat,vatika gurgaon,sector 83,1.39,1570,3,3,2,0,0,11,Relatively New,unfurnished,Low,1,8.85,27.8,High Floor
flat,mapsko casa bella,sector 82,3.86,4425,4,6,3+,0,1,25,Relatively New,semifurnished,Medium,1,8.72,77.2,High Floor
flat,ss the leaf,sector 85,2.58,2300,3,4,3,0,1,6,Relatively New,unfurnished,Low,1,11.22,51.6,Mid Floor
flat,paras dews,sector 106,1.48,1186,3,4,3+,1,1,12,Relatively New,semifurnished,High,1,12.48,29.6,High Floor
house,international city by sobha phase 1,sector 109,7.34,5400,4,5,3+,1,1,3,Relatively New,unfurnished,High,1,13.59,146.8,Mid Floor
flat,godrej frontier,sector 80,2.06,2047,3,3,3,0,1,5,Moderately Old,unfurnished,Medium,1,10.06,41.2,Mid Floor
flat,supertech araville,sector 79,1.87,2161,3,3,3,0,0,3,Relatively New,unfurnished,Low,1,8.65,37.4,Mid Floor
house,unitech aspen greens,sector 50,8.95,2160,3,3,1,0,1,2,Moderately Old,unfurnished,High,1,41.44,179,Low Floor
flat,la vida by tata housing,sector 113,2,1276,2,2,3,0,0,2,New Property,unfurnished,High,1,15.67,40,Low Floor
house,independent,sector 2,7.73,2430,5,6,3+,1,0,3,Old Property,semifurnished,Low,1,31.81,154.6,Mid Floor
house,dlf city plots,sector 26,16.1,3240,4,5,2,1,1,2,Moderately Old,semifurnished,Medium,1,49.69,322,Low Floor
flat,pareena laxmi apartments,sector 99,0.39,511,2,1,2,0,0,5,New Property,unfurnished,Medium,1,7.63,7.8,Mid Floor
flat,ireo the corridors,sector 67a,1.68,1296,2,2,2,0,0,1,Undefined,unfurnished,Medium,1,12.96,33.6,Low Floor
flat,signature global park 4,sector 36,1.06,1201,3,2,3,0,0,2,New Property,unfurnished,Low,1,8.83,21.2,Low Floor
flat,sare crescent parc,sector 92,1.16,1692,4,5,3+,0,1,14,Relatively New,unfurnished,Medium,1,6.86,23.2,High Floor
house,independent,sector 50,13.46,4000,4,5,2,1,1,3,Moderately Old,semifurnished,Medium,1,33.65,269.2,Mid Floor
flat,tata gurgaon gateway,sector 113,7.73,7294,5,6,3+,0,0,24,Moderately Old,unfurnished,Medium,1,10.6,154.6,High Floor
flat,dlf new town heights,sector 90,2.45,2468,4,4,3+,0,1,7,Relatively New,unfurnished,Medium,1,9.93,49,Mid Floor
flat,railway officers rpf society,sector 9,1.61,2007,4,3,3,0,1,1,Old Property,unfurnished,Low,1,8.02,32.2,Low Floor
house,independent,sector 9,1.61,1431,3,6,3+,0,0,3,Old Property,unfurnished,Low,1,11.25,32.2,Mid Floor
flat,krisumi waterfall residences,sector 36,2.96,1479,2,2,2,0,0,23,Undefined,unfurnished,Medium,1,20.01,59.2,High Floor
flat,godrej nature plus serenity,sector 33,1.79,1333,3,2,3+,0,0,23,Under Construction,unfurnished,Medium,1,13.43,35.8,High Floor
flat,dlf the icon,sector 43,7.73,2556,4,4,3+,0,1,18,Old Property,semifurnished,High,1,30.24,154.6,High Floor
flat,corona optus,sector 37,1.86,1789,3,3,3+,1,1,2,Relatively New,unfurnished,Low,1,10.4,37.2,Low Floor
flat,ss the leaf,sector 85,2.26,2179,3,4,3,0,1,8,Relatively New,unfurnished,Low,1,10.37,45.2,Mid Floor
flat,signature global synera,sector 81,0.62,547,2,2,1,0,0,14,Relatively New,semifurnished,Low,1,11.33,12.4,High Floor
house,independent,sector 25,16.75,2844,6,8,3+,1,1,,Relatively New,furnished,Low,1,58.9,335,Low Floor
flat,godrej,sector 79,1.65,1362,3,3,3,0,0,7,Relatively New,unfurnished,High,1,12.11,33,Mid Floor
flat,ild greens,sector 37,1.22,1179,2,2,3+,0,0,11,Relatively New,semifurnished,Medium,1,10.35,24.4,High Floor
house,independent,sector 82,9.67,3240,5,5,3+,0,1,2,Relatively New,semifurnished,Medium,1,29.85,193.4,Low Floor
house,independent,sector 39,2.06,892,1,1,2,0,0,2,Old Property,unfurnished,Low,1,23.09,41.2,Low Floor
flat,bestech park view spa next,sector 67,3.48,2127,4,4,3+,0,1,9,Moderately Old,semifurnished,Medium,1,16.36,69.6,Mid Floor
flat,sare crescent parc royal greens phase 1,sector 92,1.29,1828,4,4,3,0,0,15,New Property,unfurnished,Low,1,7.06,25.8,High Floor
flat,vatika gurgaon,sector 83,1.82,2000,4,4,3,1,1,7,Relatively New,unfurnished,Medium,1,9.1,36.4,Mid Floor
flat,milan cghs 9,sector 39,2.58,2400,3,3,3+,0,0,0,Undefined,unfurnished,Low,1,10.75,51.6,Low Floor
flat,conscient heritage max,sector 102,3.21,1945,3,4,3+,1,1,25,New Property,semifurnished,Medium,1,16.5,64.2,High Floor
flat,signature global solera,sector 107,0.36,543,2,2,2,0,0,11,Relatively New,unfurnished,Low,1,6.63,7.2,High Floor
flat,tulip violet,sector 69,2.27,1819,4,4,2,0,0,6,Relatively New,unfurnished,Medium,1,12.48,45.4,Mid Floor
flat,emaar palm gardens,sector 83,2.31,1719,3,3,3+,0,0,9,Relatively New,unfurnished,Medium,1,13.44,46.2,Mid Floor
flat,emaar mgf emerald floors premier,sector 65,3.41,1650,3,3,3,1,1,5,Relatively New,unfurnished,Low,1,20.67,68.2,Mid Floor
flat,umang monsoon breeze,sector 78,0.89,1422,2,2,2,0,0,11,Moderately Old,unfurnished,Medium,1,6.26,17.8,High Floor
flat,ats triumph,sector 104,3.21,2851,4,4,3+,0,1,14,New Property,unfurnished,Low,1,11.26,64.2,High Floor
flat,m3m capital,sector 113,2.58,1507,3,3,2,0,0,24,Under Construction,unfurnished,Low,1,17.12,51.6,High Floor
flat,ramprastha primera,sector 37d,1.41,1700,3,3,3,0,0,6,Relatively New,unfurnished,Medium,1,8.29,28.2,Mid Floor
flat,m3m soulitude,sector 89,1.82,1581,3,3,2,0,0,3,New Property,unfurnished,Low,1,11.51,36.4,Mid Floor
flat,godrej,sector 79,1.81,1747,2,2,3,1,0,3,New Property,unfurnished,Medium,1,10.36,36.2,Mid Floor
flat,smart world gems,sector 89,1.49,998,3,2,3,1,0,1,New Property,unfurnished,Low,1,14.93,29.8,Low Floor
flat,shapoorji pallonji joyville gurugram,sector 102,2.45,1700,3,3,3+,0,0,15,New Property,unfurnished,High,1,14.41,49,High Floor
house,independent,sector 45,12.88,3240,6,6,3+,1,1,4,Moderately Old,semifurnished,Medium,1,39.75,257.6,Mid Floor
flat,indiabulls centrum park,sector 103,1.55,1288,2,2,3,0,0,3,Moderately Old,unfurnished,Low,1,12.03,31,Mid Floor
house,unitech uniworld resorts,sector 33,12.3,4950,6,7,3+,1,1,2,Relatively New,semifurnished,Medium,1,24.85,246,Low Floor
flat,pyramid urban homes 2,sector 86,0.56,557,2,2,1,1,0,6,New Property,unfurnished,Medium,1,10.05,11.2,Mid Floor
flat,bptp terra,sector 37d,2.26,2100,4,4,3,0,0,7,Relatively New,semifurnished,Medium,1,10.76,45.2,Mid Floor
house,independent,sector 4,4.25,2250,3,3,2,0,0,1,Old Property,unfurnished,Low,1,18.89,85,Low Floor
flat,ats kocoon,sector 109,2.19,1550,3,3,3,0,0,22,Relatively New,unfurnished,Medium,1,14.13,43.8,High Floor
flat,sbtl caladium,sector 109,2.1,2303,3,3,2,0,1,8,Relatively New,unfurnished,High,1,9.12,42,Mid Floor
flat,experion windchants,sector 112,4.7,2800,3,5,2,0,1,3,Relatively New,unfurnished,Medium,1,16.79,94,Mid Floor
house,independent,sector 7,2.9,148,5,3,0,0,0,2,Undefined,unfurnished,Low,1,195.95,58,Low Floor
flat,vatika lifestyle homes,sector 83,1.41,1588,3,3,2,1,0,8,Relatively New,semifurnished,High,1,8.88,28.2,Mid Floor
flat,tarc maceo,sector 91,2.31,2578,3,3,3+,0,0,0,Relatively New,furnished,Low,1,8.96,46.2,Low Floor
flat,smart world orchard,sector 61,2.06,1278,2,2,2,1,0,3,Under Construction,unfurnished,Low,1,16.12,41.2,Mid Floor
house,independent,sector 12,2.19,200,3,3,0,0,0,1,Undefined,unfurnished,Low,1,109.5,43.8,Low Floor
flat,bhagwati sadan,sector 12,1.48,2000,3,4,2,0,1,2,Old Property,unfurnished,Low,1,7.4,29.6,Low Floor
house,independent,sector 23,6.57,3078,3,2,0,0,0,1,Old Property,unfurnished,Low,1,21.35,131.4,Low Floor
flat,ss the leaf,sector 85,1.57,1300,2,2,3,0,0,16,Relatively New,unfurnished,Medium,1,12.08,31.4,High Floor
house,independent,sector 5,0.97,130,2,2,0,0,0,1,Undefined,unfurnished,Low,1,74.62,19.4,Low Floor
flat,raheja vedaanta,sector 108,1.29,2060,2,2,2,0,0,0,Undefined,unfurnished,Low,1,6.26,25.8,Low Floor
flat,signature global synera,sector 81,0.62,613,2,2,1,0,0,7,Relatively New,semifurnished,Medium,1,10.11,12.4,Mid Floor
flat,supertech hilltown,sector 2,1.03,1440,3,2,3,0,0,8,Undefined,unfurnished,Low,1,7.15,20.6,Mid Floor
house,eldeco mansionz,sector 48,6.44,2340,7,7,3,0,0,2,Moderately Old,semifurnished,Low,1,27.52,128.8,Low Floor
house,independent,sector 7,3.86,2610,7,7,0,0,0,3,Undefined,unfurnished,Low,1,14.79,77.2,Mid Floor
flat,dlf regal gardens,sector 90,2.26,2005,4,4,3+,0,0,3,Relatively New,unfurnished,Low,1,11.27,45.2,Mid Floor
flat,m3m woodshire,sector 107,1.03,1236,2,2,3+,0,0,7,Relatively New,semifurnished,High,1,8.33,20.6,Mid Floor
house,independent,sector 43,4.32,1242,1,1,0,0,0,1,Old Property,unfurnished,Low,1,34.78,86.4,Low Floor
house,palam vihar extension west zone rwa,sector 2,0.46,600,2,2,0,0,0,1,New Property,unfurnished,Low,1,7.67,9.2,Low Floor
house,independent,sector 24,1.87,540,3,3,1,0,0,,Old Property,unfurnished,Low,1,34.63,37.4,Low Floor
flat,tulip yellow,sector 69,2.31,1893,3,3,3,0,0,14,Under Construction,unfurnished,Low,1,12.2,46.2,High Floor
flat,bestech park view grand spa,sector 81,5.15,3801,4,5,3+,0,1,15,Relatively New,semifurnished,Medium,1,13.55,103,High Floor
house,independent,sector 4,2.96,160,4,4,3,0,0,2,Old Property,semifurnished,Low,1,185,59.2,Low Floor
flat,dlf the grove,sector 43,7.73,2667,4,4,2,0,1,1,Under Construction,semifurnished,Low,1,28.98,154.6,Low Floor
flat,ss the leaf,sector 85,2.46,3890,4,6,3,0,1,6,Relatively New,unfurnished,High,1,6.32,49.2,Mid Floor
flat,ss the leaf,sector 85,1.55,1484,2,2,3,0,0,12,Relatively New,semifurnished,High,1,10.44,31,High Floor
flat,emaar mgf emerald estate,sector 65,2.26,1081,3,3,3,0,1,10,Relatively New,semifurnished,Medium,1,20.91,45.2,Mid Floor
flat,green court,sector 90,0.6,767,2,2,1,0,0,0,New Property,unfurnished,Low,1,7.82,12,Low Floor
flat,experion windchants,sector 112,4.24,2225.56,3,3,3+,0,1,2,Relatively New,semifurnished,High,1,19.05,84.8,Low Floor
flat,maa bhagwati residency,sector 7,0.58,1000,2,2,1,0,0,4,Relatively New,unfurnished,Low,1,5.8,11.6,Mid Floor
flat,apex our homes,sector 37,0.46,850,2,2,1,0,0,7,Relatively New,semifurnished,High,1,5.41,9.2,Mid Floor
flat,dlf city plots phase 3,sector 24,8.37,3889,4,5,3+,0,1,3,New Property,furnished,Low,1,21.52,167.4,Mid Floor
flat,ss the leaf,sector 85,1.38,1484,2,2,3,0,0,21,Relatively New,unfurnished,Medium,1,9.3,27.6,High Floor
flat,trisara our homes 3,sohna road,0.27,484,1,1,0,0,0,2,Undefined,unfurnished,Low,1,5.58,5.4,Low Floor
flat,experion the heartsong,sector 108,1.68,1661,3,3,3+,1,0,7,Relatively New,unfurnished,High,1,10.11,33.6,Mid Floor
flat,vatika the seven lamps,sector 82,1.77,2000,3,3,3,1,1,11,Relatively New,semifurnished,Medium,1,8.85,35.4,High Floor
house,vatika india next,sector 82,8.37,3240,4,3,0,0,0,2,Undefined,unfurnished,Low,1,25.83,167.4,Low Floor
flat,gls avenue 51,sector 92,0.54,657,2,2,1,1,0,4,Relatively New,semifurnished,Low,1,8.22,10.8,Mid Floor
flat,dlf regal gardens,sector 90,1.68,1700,3,3,3+,0,0,7,Relatively New,unfurnished,Medium,1,9.88,33.6,Mid Floor
flat,ansal api esencia,sector 67,1.29,1406,3,3,3+,0,0,2,Moderately Old,unfurnished,Low,1,9.17,25.8,Low Floor
flat,signature global city 63a,sector 63a,2,1167,2,2,2,0,0,2,Under Construction,unfurnished,Low,1,17.14,40,Low Floor
flat,emaar imperial gardens,sector 102,2.19,1750,3,4,3+,0,1,8,Relatively New,semifurnished,High,1,12.51,43.8,Mid Floor
flat,ss the leaf,sector 85,2.61,2225,4,4,3+,0,0,3,Relatively New,unfurnished,Low,1,11.73,52.2,Mid Floor
flat,orris carnation residency,sector 85,1.41,1467,3,4,3,0,1,6,Moderately Old,furnished,Medium,1,9.61,28.2,Mid Floor
flat,pareena laxmi apartments,sector 99,0.41,502,2,2,2,0,0,11,New Property,unfurnished,Medium,1,8.17,8.2,High Floor
flat,ambience creacions,sector 22,2.56,1285,2,2,2,1,1,9,New Property,unfurnished,Low,1,19.92,51.2,Mid Floor
flat,afnhb jalvayu vihar,sector 30,1.87,1300,3,2,2,0,0,2,Old Property,furnished,Medium,1,14.38,37.4,Low Floor
flat,emaar gurgaon greens,sector 102,1.8,1493,3,3,3,0,1,4,Relatively New,semifurnished,Medium,1,12.06,36,Mid Floor
flat,ss the leaf,sector 85,2.58,2545,4,5,3+,0,1,1,Relatively New,unfurnished,Medium,1,10.14,51.6,Low Floor
flat,satya the hermitage,sector 103,1.45,1734,3,4,3+,0,1,9,New Property,unfurnished,Low,1,8.36,29,Mid Floor
house,independent,sector 43,7.09,2850,8,7,3+,1,1,3,Moderately Old,semifurnished,Medium,1,24.88,141.8,Mid Floor
house,dlf city plots phase 2,sector 25,9.67,2300.5,9,9,3+,1,1,4,Relatively New,semifurnished,High,1,42.03,193.4,Mid Floor
flat,adani aangan arcade,sector 88a,0.58,694,2,2,1,0,0,3,New Property,unfurnished,Low,1,8.36,11.6,Mid Floor
house,uppal southend,sector 49,4.83,1467,2,6,3+,1,0,3,Moderately Old,semifurnished,Low,1,32.92,96.6,Mid Floor
flat,vipul belmonte,sector 53,7.73,2217,3,4,3+,0,1,6,Moderately Old,semifurnished,Low,1,34.87,154.6,Mid Floor
flat,signature global solera,sector 107,0.36,543,2,2,2,0,0,10,Relatively New,unfurnished,Low,1,6.63,7.2,Mid Floor
flat,emaar gurgaon greens,sector 102,1.93,1315,3,3,3,0,0,7,Relatively New,semifurnished,High,1,14.68,38.6,Mid Floor
flat,raheja revanta,sector 78,1.28,1467,2,2,3,0,0,14,Under Construction,unfurnished,Low,1,8.73,25.6,High Floor
house,independent,sector 26,19.32,4518,5,6,3+,1,1,3,Moderately Old,semifurnished,Medium,1,42.76,386.4,Mid Floor
flat,suposhaa smartworld orchard,sector 61,2.9,1721,3,3,2,0,0,3,Under Construction,unfurnished,Low,1,16.85,58,Mid Floor
flat,ramsons kshitij,sector 95,0.39,950,2,2,1,0,0,11,Undefined,unfurnished,Low,1,4.11,7.8,High Floor
flat,chd avenue,sector 71,1.06,1086,2,2,2,0,0,6,Moderately Old,unfurnished,Low,1,9.76,21.2,Mid Floor
flat,satya element one,sector 49,1.12,500,1,1,1,0,0,2,Relatively New,unfurnished,Low,1,22.4,22.4,Low Floor
house,unitech uniworld resorts,sector 33,12.24,4071,5,7,3+,1,1,2,Under Construction,unfurnished,Medium,1,30.07,244.8,Low Floor
flat,rof ananda,sector 95,0.26,407,1,1,1,0,0,10,Relatively New,unfurnished,Medium,1,6.39,5.2,Mid Floor
flat,experion windchants,sector 112,6.7,3655.35,4,6,3+,0,1,15,Relatively New,semifurnished,High,1,18.33,134,High Floor
flat,eldeco accolade,sohna road,0.92,1404,2,2,3,0,0,8,Relatively New,unfurnished,High,1,6.55,18.4,Mid Floor
flat,signature andour heights,sector 71,0.76,639,2,2,1,0,0,6,Moderately Old,unfurnished,Medium,1,11.89,15.2,Mid Floor
flat,bestech park view residency,sector 2,0.72,723,1,2,2,0,0,7,Moderately Old,unfurnished,Medium,1,9.96,14.4,Mid Floor
flat,the lions cghs,sector 56,2.58,2253,4,4,3,0,0,8,Relatively New,semifurnished,Low,1,11.45,51.6,Mid Floor
flat,kashish manor one,sector 111,2.12,2104,3,4,3+,0,1,14,Under Construction,unfurnished,Low,1,10.08,42.4,High Floor
flat,"ganpati apartment  2, laxman vihar phase 1",sector 4,0.58,944,2,2,1,0,0,0,Relatively New,unfurnished,Low,1,6.14,11.6,Low Floor
house,vipul world,sector 48,4.32,6000,6,5,3+,0,0,3,Undefined,unfurnished,Medium,1,7.2,86.4,Mid Floor
house,independent,sector 3,0.48,480,1,1,1,0,0,1,Relatively New,unfurnished,Low,1,10,9.6,Low Floor
flat,sobha city,sector 108,3.35,1711,3,3,2,0,0,8,Relatively New,unfurnished,Medium,1,19.58,67,Mid Floor
flat,maruti vihar colony,sector 28,1.22,1188,2,1,1,0,0,1,Old Property,unfurnished,Medium,1,10.27,24.4,Low Floor
flat,unitech sunbreeze,sector 69,0.97,991,2,2,2,0,0,4,Under Construction,unfurnished,Low,1,9.79,19.4,Mid Floor
flat,godrej summit,sector 104,1.41,1148,2,2,3,0,0,16,Under Construction,unfurnished,Medium,1,12.28,28.2,High Floor
house,vatika the seven lamps,sector 82,2.06,2425,4,4,3+,0,1,16,Moderately Old,unfurnished,Medium,1,8.49,41.2,High Floor
house,independent,sector 17,10.94,4518,4,4,2,1,1,2,Old Property,semifurnished,Low,1,24.21,218.8,Low Floor
flat,godrej nature plus,sector 33,2.26,1996,3,3,0,0,0,2,Undefined,unfurnished,Medium,1,11.32,45.2,Low Floor
flat,shapoorji pallonji joyville gurugram,sector 102,1.61,1100,2,2,2,0,0,0,Relatively New,unfurnished,Medium,1,14.64,32.2,Low Floor
flat,godrej,sector 79,1.74,1362,3,3,2,0,0,7,Relatively New,unfurnished,Medium,1,12.78,34.8,Mid Floor
flat,m3m woodshire,sector 107,1.56,1713,3,3,3,0,0,7,Moderately Old,semifurnished,Medium,1,9.11,31.2,Mid Floor
flat,pareena coban residences,sector 99,1.39,1750,3,5,3,0,1,2,Relatively New,unfurnished,Low,1,7.94,27.8,Low Floor
flat,eldeco accolade,sohna road,0.92,1131,2,2,3+,1,0,12,Relatively New,unfurnished,High,1,8.13,18.4,High Floor
flat,imperia the esfera,sector 37,1.28,1660,3,4,3,0,1,9,Relatively New,unfurnished,Low,1,7.71,25.6,Mid Floor
flat,bestech park view city,sector 48,5.47,4120,4,5,3+,1,0,14,Moderately Old,semifurnished,Medium,1,13.28,109.4,High Floor
flat,godrej,sector 79,1.52,1252,2,2,3,0,0,7,Relatively New,unfurnished,High,1,12.14,30.4,Mid Floor
flat,vipul lavanya,sector 81,1.65,1982,3,3,3,0,1,1,Moderately Old,semifurnished,Low,1,8.32,33,Low Floor
flat,pareena mi casa,sector 68,1.41,1127,2,2,3,0,0,11,New Property,unfurnished,Medium,1,12.51,28.2,High Floor
flat,dlf wellington estate,sector 43,2.69,1294,3,3,2,0,0,11,Old Property,semifurnished,Medium,1,20.79,53.8,High Floor
flat,silverglades the melia,sohna road,1,1222,2,2,3,1,0,9,Under Construction,unfurnished,Medium,1,8.18,20,Mid Floor
flat,tulip violet,sector 69,1.7,1419,3,3,1,0,0,12,Relatively New,unfurnished,Medium,1,11.98,34,High Floor
flat,dlf belvedere towers,sector 25,4.38,2744,4,4,3,0,1,1,Old Property,unfurnished,Low,1,15.96,87.6,Low Floor
flat,imperia the esfera,sector 37,1.28,1643,3,3,1,0,1,10,New Property,unfurnished,Low,1,7.79,25.6,Mid Floor
flat,orchid petals,sector 49,5.43,3219,5,6,3+,0,1,14,Relatively New,unfurnished,Low,1,16.87,108.6,High Floor
house,independent,sector 26,23.19,4518,5,4,3+,1,1,4,Moderately Old,semifurnished,Medium,1,51.33,463.8,Mid Floor
flat,pareena mi casa,sector 68,1.41,1244,2,2,3,0,0,13,New Property,unfurnished,Medium,1,11.33,28.2,High Floor
house,independent,sector 50,16.1,3078,6,5,3,1,1,4,Moderately Old,semifurnished,Low,1,52.31,322,Mid Floor
flat,mapsko paradise,sector 83,0.97,1162,3,3,3,0,0,10,New Property,semifurnished,Low,1,8.35,19.4,Mid Floor
flat,experion windchants,sector 112,8.37,4800,4,5,3,0,0,11,Relatively New,unfurnished,Medium,1,17.44,167.4,High Floor
flat,dlf the primus,sector 82a,2.9,2333,3,3,3+,0,1,29,Relatively New,furnished,Medium,1,12.43,58,High Floor
flat,conscient heritage max,sector 102,2.84,1945,3,4,3+,1,1,9,Moderately Old,unfurnished,Medium,1,14.6,56.8,Mid Floor
house,independent,sector 26,11.47,2700,4,4,3+,1,1,2,Old Property,unfurnished,Medium,1,42.48,229.4,Low Floor
house,independent,sector 43,6.83,1935,3,9,3+,0,1,3,Moderately Old,semifurnished,Medium,1,35.3,136.6,Mid Floor
flat,emaar palm gardens,sector 83,2.31,1900,3,4,0,0,0,9,Undefined,unfurnished,Medium,1,12.16,46.2,Mid Floor
house,independent,sector 7,1.55,1072,2,4,2,0,0,3,Undefined,unfurnished,Low,1,14.46,31,Mid Floor
flat,kiran residency,sector 56,2,1900,3,3,3+,0,1,5,Moderately Old,semifurnished,Medium,1,10.53,40,Mid Floor
flat,signature global park,sohna road,0.83,913,2,1,2,0,0,3,New Property,unfurnished,Medium,1,9.09,16.6,Mid Floor
flat,dlf regal gardens,sector 90,1.6,1600,3,3,3+,0,0,9,Relatively New,unfurnished,Medium,1,10,32,Mid Floor
flat,pareena mi casa,sector 68,1.29,1361,2,2,2,0,1,16,New Property,unfurnished,Medium,1,9.48,25.8,High Floor
flat,supertech hues,sector 68,1.2,1200,2,2,2,0,0,11,Undefined,unfurnished,Low,1,10,24,High Floor
flat,citizen apartment,sector 51,4.57,5200,5,6,3+,1,1,11,Moderately Old,semifurnished,High,1,8.79,91.4,High Floor
flat,godrej summit,sector 104,1.68,1490,3,3,3,0,0,8,New Property,unfurnished,Medium,1,11.28,33.6,Mid Floor
flat,indiabulls enigma,sector 110,4.77,3077,4,5,3,0,1,7,Relatively New,unfurnished,High,1,15.5,95.4,Mid Floor
house,vipul tatvam villa,sector 48,7.41,2592,4,4,2,0,1,2,Moderately Old,unfurnished,Low,1,28.59,148.2,Low Floor
flat,krrish provence estate,gwal pahari,9.67,9050,5,6,3+,0,1,23,Relatively New,unfurnished,Low,1,10.69,193.4,High Floor
flat,godrej summit,sector 104,1.36,2000,3,4,3+,0,1,7,Relatively New,semifurnished,Medium,1,6.8,27.2,Mid Floor
house,adani brahma samsara,sector 60,23.21,6390,9,12,3+,0,1,3,Relatively New,semifurnished,Medium,1,36.32,464.2,Mid Floor
flat,emaar mgf palm studios,sector 66,1.87,1082,2,2,3,0,0,3,Relatively New,unfurnished,Medium,1,17.28,37.4,Mid Floor
flat,emaar palm gardens,sector 83,2.26,1549,3,3,3,0,1,6,Relatively New,semifurnished,Medium,1,14.59,45.2,Mid Floor
house,independent,sector 31,4.5,1449,4,3,3,0,0,2,Moderately Old,semifurnished,Medium,1,31.06,90,Low Floor
flat,signature global grand iva,sector 103,0.64,750,2,2,0,0,0,10,Undefined,unfurnished,Low,1,8.53,12.8,Mid Floor
flat,indiabulls centrum park,sector 103,1.72,1725,3,3,3+,1,1,12,Relatively New,semifurnished,Low,1,9.97,34.4,High Floor
house,international city by sobha phase 1,sector 109,7.92,2250,5,5,3+,0,1,3,Relatively New,semifurnished,Medium,1,35.2,158.4,Mid Floor
flat,bestech park view sanskruti,sector 92,1.93,1738,3,3,3,0,0,3,Relatively New,unfurnished,Low,1,11.1,38.6,Mid Floor
flat,hcbs sports ville,sohna road,0.38,743,2,2,1,0,0,4,Undefined,unfurnished,Low,1,5.11,7.6,Mid Floor
flat,ireo victory valley,sector 67,6.12,3200,4,4,3+,1,1,0,Relatively New,semifurnished,High,1,19.13,122.4,Low Floor
flat,tulip violet,sector 69,2.19,1819,4,4,2,0,0,1,Relatively New,unfurnished,Medium,1,12.04,43.8,Low Floor
house,unitech uniworld resorts,sector 33,12.88,4950,5,6,3,1,1,4,New Property,unfurnished,Low,1,26.02,257.6,Mid Floor
flat,prime habitat,sector 99,0.41,601,2,2,1,0,0,7,Relatively New,unfurnished,Low,1,6.82,8.2,Mid Floor
flat,vatika lifestyle homes,sector 83,1.36,1588,3,3,2,1,1,14,Relatively New,semifurnished,High,1,8.56,27.2,High Floor
house,iffco nagar and 17b rwa,sector 17,3.84,1449,2,6,3+,1,0,3,Relatively New,unfurnished,Medium,1,26.5,76.8,Mid Floor
flat,gls avenue 51,sector 92,0.58,646,2,2,1,1,0,10,New Property,semifurnished,Low,1,8.98,11.6,Mid Floor
flat,parsvnath exotica,sector 53,6.18,2895,3,4,3+,0,0,12,New Property,unfurnished,Medium,1,21.35,123.6,High Floor
house,emaar mgf marbella,sector 66,15.46,3240,4,4,3+,1,1,3,Relatively New,semifurnished,High,1,47.72,309.2,Mid Floor
flat,mapsko casa bella,sector 82,1.11,1234,3,3,3,1,0,5,Moderately Old,semifurnished,Medium,1,9,22.2,Mid Floor
flat,rof ananda,sector 95,0.47,717,2,2,2,1,0,10,New Property,unfurnished,Medium,1,6.56,9.4,Mid Floor
house,independent,sector 23,3.74,2500,4,4,3,0,1,2,Relatively New,semifurnished,Low,1,14.96,74.8,Low Floor
flat,la lagune,sector 54,8.7,2455,4,6,3+,0,1,11,Moderately Old,semifurnished,Medium,1,35.44,174,High Floor
flat,ramsons kshitij,sector 95,0.41,563,2,2,1,0,0,8,Relatively New,furnished,Low,1,7.28,8.2,Mid Floor
house,independent,sector 40,6.44,2367,9,9,3+,0,0,3,Relatively New,semifurnished,Medium,1,27.21,128.8,Mid Floor
flat,conscient heritage max,sector 102,2.84,1186,3,4,3+,1,1,20,Relatively New,semifurnished,Low,1,23.95,56.8,High Floor
flat,vatika city,sector 49,4.64,3356,4,5,3,0,1,7,Moderately Old,furnished,Low,1,13.83,92.8,Mid Floor
house,signature global city 63a,sector 63,1.93,2385,3,3,2,0,0,1,New Property,unfurnished,Low,1,8.09,38.6,Low Floor
flat,dlf regal gardens,sector 90,2.3,2461,4,3,3+,0,0,10,Moderately Old,unfurnished,Medium,1,9.35,46,Mid Floor
flat,m3m soulitude,sector 89,1.65,1611,3,3,2,1,0,4,Under Construction,unfurnished,Medium,1,10.24,33,Mid Floor
house,independent,sector 46,3.09,900,4,4,3,0,0,3,Moderately Old,semifurnished,Low,1,34.33,61.8,Mid Floor
flat,ashiana anmol,sohna road,1.16,1275,2,2,2,0,0,8,Undefined,unfurnished,Low,1,9.1,23.2,Mid Floor
house,independent,sector 7,1.22,450,2,1,1,0,0,3,New Property,unfurnished,Low,1,27.11,24.4,Mid Floor
flat,vatika city,sector 49,3.4,2252,3,4,3+,0,1,2,Moderately Old,semifurnished,Medium,1,15.1,68,Low Floor
house,independent,sector 39,19.32,4500,5,5,3+,0,1,4,Moderately Old,semifurnished,Low,1,42.93,386.4,Mid Floor
house,independent,sector 26,10.43,2295,5,5,2,0,0,4,Old Property,unfurnished,Low,1,45.45,208.6,Mid Floor
flat,shree vardhman victoria,sector 70,2.26,1527,3,5,3,0,1,7,New Property,unfurnished,Low,1,14.8,45.2,Mid Floor
house,unitech nirvana birch court,sector 50,8.76,2160,4,4,3+,1,1,2,Old Property,unfurnished,Medium,1,40.56,175.2,Low Floor
flat,ansal housing highland park,sector 103,1.13,1232,2,2,3,0,0,3,New Property,unfurnished,Medium,1,9.17,22.6,Mid Floor
flat,tulip violet,sector 69,2.17,1819,4,4,2,0,0,1,Relatively New,unfurnished,Medium,1,11.93,43.4,Low Floor
house,independent,sector 4,0.64,540,2,3,2,0,0,3,Old Property,unfurnished,Low,1,11.85,12.8,Mid Floor
flat,sare homes,sector 92,0.72,1316,3,1,3,0,0,1,Moderately Old,semifurnished,Medium,1,5.47,14.4,Low Floor
house,independent,sector 14,5.93,2250,1,1,0,0,0,1,Undefined,unfurnished,Low,1,26.36,118.6,Low Floor
flat,tulip violet,sector 69,1.53,1500,2,3,1,1,0,0,Relatively New,semifurnished,High,1,10.2,30.6,Low Floor
house,independent,sector 105,0.46,556,2,2,1,0,0,2,Undefined,unfurnished,Low,1,8.27,9.2,Low Floor
house,dlf city plots,sector 26,17.4,4518,5,5,2,1,1,2,Moderately Old,semifurnished,Medium,1,38.51,348,Low Floor
flat,conscient heritage max,sector 102,2.26,1757,3,4,3+,0,1,13,Relatively New,semifurnished,Medium,1,12.86,45.2,High Floor
flat,m3m capital,sector 113,3.24,1696,3,3,3+,1,0,2,Under Construction,unfurnished,Low,1,19.1,64.8,Low Floor
house,unitech uniworld resorts,sector 33,15.14,5056,5,7,3+,0,1,3,Relatively New,unfurnished,Medium,1,29.94,302.8,Mid Floor
flat,vatika lifestyle homes,sector 83,1.48,1607,3,3,1,0,0,7,Moderately Old,semifurnished,Medium,1,9.21,29.6,Mid Floor
flat,signature global synera,sector 81,0.58,664,2,2,2,0,0,6,Relatively New,semifurnished,Low,1,8.73,11.6,Mid Floor
flat,experion the heartsong,sector 108,2.94,2515,4,5,3+,0,0,8,Relatively New,unfurnished,Medium,1,11.69,58.8,Mid Floor
house,the laburnum,sector 43,14.17,4050,5,6,3+,0,1,3,New Property,semifurnished,High,1,34.99,283.4,Mid Floor
house,independent,sector 27,5.47,1350,5,5,3+,0,1,3,Relatively New,semifurnished,Low,1,40.52,109.4,Mid Floor
house,independent,sector 26,5.93,3771,4,4,3+,0,0,,Old Property,unfurnished,Low,1,15.73,118.6,Low Floor
flat,bestech park view ananda,sector 81,1.12,1300,2,2,3,0,0,8,Relatively New,semifurnished,Medium,1,8.62,22.4,Mid Floor
flat,godrej nature plus,sector 33,2.45,2143,3,3,3+,0,1,14,New Property,unfurnished,Medium,1,11.43,49,High Floor
flat,saan verdante,sector 95,2.58,1964,3,4,3+,0,1,5,New Property,unfurnished,Low,1,13.14,51.6,Mid Floor
house,independent,sector 24,5.79,1350,2,8,3+,0,1,4,Relatively New,semifurnished,Medium,1,42.89,115.8,Mid Floor
flat,tulip violet,sector 69,1.8,1428,3,3,2,0,0,1,Relatively New,unfurnished,Medium,1,12.61,36,Low Floor
house,unitech espace,sector 50,9.47,1760,4,4,3+,0,1,3,Moderately Old,semifurnished,Medium,1,53.81,189.4,Mid Floor
flat,dlf the ultima,sector 81,3.09,1800,3,3,2,0,1,10,Relatively New,furnished,High,1,17.17,61.8,Mid Floor
flat,capital residences 360,sector 70a,2.14,1900,3,3,3+,0,1,8,New Property,unfurnished,Medium,1,11.26,42.8,Mid Floor
flat,vatika boulevard residences and heights,sector 83,1.82,1972,3,3,2,0,0,2,Relatively New,semifurnished,Medium,1,9.23,36.4,Low Floor
flat,ansal heights 86,sector 86,0.96,1231,2,2,1,0,0,11,Under Construction,unfurnished,Low,1,7.8,19.2,High Floor
flat,m3m skycity,sector 65,4.5,2282,3,3,3,1,1,15,New Property,semifurnished,High,1,19.72,90,High Floor
flat,krishna appartment,sector 12,0.46,905,3,3,1,0,0,2,Old Property,unfurnished,Low,1,5.08,9.2,Low Floor
flat,raheja vedaanta,sector 108,1.22,1649,3,3,3,0,0,3,Relatively New,unfurnished,Medium,1,7.4,24.4,Mid Floor
flat,suncity platinum towers,sector 28,9.02,2488,4,3,2,0,1,10,Moderately Old,unfurnished,Low,1,36.25,180.4,Mid Floor
flat,umang winter hills,sector 77,1.28,1126,2,2,2,0,0,1,Relatively New,unfurnished,Medium,1,11.37,25.6,Low Floor
flat,parsvnath green ville,sector 48,2.39,2199,3,3,3+,0,1,6,Moderately Old,semifurnished,Medium,1,10.87,47.8,Mid Floor
flat,alpha corp gurgaonone,sector 84,2.84,3108,4,4,3+,0,1,15,Relatively New,unfurnished,Medium,1,9.14,56.8,High Floor
flat,hcbs sports ville,sohna road,0.41,744.000768,2,2,1,0,0,3,Relatively New,unfurnished,Medium,1,5.51,8.2,Mid Floor
house,independent,sector 43,10.93,2700,3,3,2,0,1,4,Relatively New,semifurnished,Low,1,40.48,218.6,Mid Floor
house,not applicable,sector 4,0.97,640,2,4,3,0,0,2,Moderately Old,unfurnished,Low,1,15.16,19.4,Low Floor
flat,chd avenue,sector 71,1.8,1958,3,3,2,0,0,1,Moderately Old,semifurnished,Medium,1,9.19,36,Low Floor
flat,supertech araville,sector 79,1.16,1295,2,2,0,0,0,12,Undefined,unfurnished,Low,1,8.96,23.2,High Floor
flat,sobha city,sector 108,2.7,1250,2,2,2,0,0,3,Under Construction,unfurnished,Medium,1,21.6,54,Mid Floor
flat,emaar mgf palm hills,sector 77,2.12,1765,4,3,3,0,1,9,Relatively New,unfurnished,Medium,1,12.01,42.4,Mid Floor
house,bptp visionnaire,sector 70a,5.93,2610,4,4,3+,1,1,3,Moderately Old,unfurnished,Medium,1,22.72,118.6,Mid Floor
flat,cghs airport apartment,sector 47,2.31,2857,4,4,3+,0,0,4,Moderately Old,semifurnished,Medium,1,8.09,46.2,Mid Floor
house,independent,sector 54,4.83,1440,4,4,3,0,1,3,Moderately Old,semifurnished,Low,1,33.54,96.6,Mid Floor
flat,godrej summit premia towers,sector 104,1.16,1259,2,2,0,0,0,16,Undefined,unfurnished,Low,1,9.21,23.2,High Floor
flat,emaar mgf emerald estate,sector 65,1.82,1010,2,2,2,1,0,6,Relatively New,semifurnished,High,1,18.02,36.4,Mid Floor
flat,piedmont taksila heights,sector 37,1.36,1738,3,3,3,0,0,7,Relatively New,semifurnished,Medium,1,7.83,27.2,Mid Floor
flat,paras dews,sector 106,1.55,1186,3,4,3+,0,1,9,Relatively New,unfurnished,High,1,13.07,31,Mid Floor
flat,la vida by tata housing,sector 113,3.93,2150,3,4,3,0,1,3,Relatively New,unfurnished,High,1,18.28,78.6,Mid Floor
flat,emaar mgf the palm drive,sector 66,5.93,2882,3,3,3,1,1,11,Relatively New,semifurnished,Medium,1,20.58,118.6,High Floor
flat,dlf express greens,manesar,1.93,2135,4,5,3+,0,1,10,New Property,unfurnished,Low,1,9.04,38.6,Mid Floor
house,rattan vihar rajendra park,dwarka expressway,1.09,600,1,5,3+,0,0,4,New Property,unfurnished,Low,1,18.17,21.8,Mid Floor
house,unitech uniworld resorts,sector 33,10.31,4500,6,5,3+,0,0,4,Undefined,unfurnished,Low,1,22.91,206.2,Mid Floor
flat,shree vardhman victoria,sector 70,2.31,1765,3,3,3+,0,0,10,New Property,semifurnished,Low,1,13.09,46.2,Mid Floor
house,independent,sector 14,4.38,2250,3,3,3,0,0,1,Old Property,unfurnished,Low,1,19.47,87.6,Low Floor
flat,ats triumph,sector 104,3.39,2953,4,4,3+,0,1,21,Relatively New,semifurnished,High,1,11.48,67.8,High Floor
flat,dlf regency park,sector 28,1.74,1109,2,2,2,0,0,1,Moderately Old,unfurnished,Low,1,15.69,34.8,Low Floor
flat,pioneer park,sector 61,4.64,2580,4,4,3,0,1,3,Moderately Old,semifurnished,Medium,1,17.98,92.8,Mid Floor
flat,radhakrishna society,sector 23,0.71,995,2,2,1,0,0,1,Moderately Old,semifurnished,Low,1,7.14,14.2,Low Floor
flat,shyamkunj ashok vihar pahse 2,sector 5,0.39,750,2,2,1,0,0,1,Relatively New,unfurnished,Low,1,5.2,7.8,Low Floor
flat,m3m woodshire,sector 107,1.3,1200,2,2,3+,0,0,11,New Property,unfurnished,Medium,1,10.83,26,High Floor
flat,bestech park view sanskruti,sector 92,2.45,1920,4,4,3+,1,1,10,Relatively New,unfurnished,Low,1,12.76,49,Mid Floor
flat,vatika lifestyle homes,sector 83,1.61,1654,3,2,1,1,1,6,Relatively New,furnished,High,1,9.73,32.2,Mid Floor
flat,ireo skyon,sector 60,4.89,2791,4,5,3,0,1,15,Moderately Old,semifurnished,Medium,1,17.52,97.8,High Floor
house,independent,sector 4,2.45,211,4,3,2,0,0,2,Moderately Old,semifurnished,Low,1,116.11,49,Low Floor
flat,m3m sierra 68,sector 68,1.39,1130,2,2,3,0,0,1,Relatively New,semifurnished,Medium,1,12.3,27.8,Low Floor
house,puri diplomatic greens,sector 111,11.59,8000,5,5,3+,0,1,3,Relatively New,unfurnished,Medium,1,14.49,231.8,Mid Floor
house,unitech aspen greens,sector 50,15.46,3240,3,4,2,1,1,1,Moderately Old,semifurnished,Medium,1,47.72,309.2,Low Floor
flat,paras dews,sector 106,1.82,2131,4,6,3+,0,1,11,Relatively New,unfurnished,Medium,1,8.54,36.4,High Floor
house,independent,sector 38,10.31,3123,10,10,3+,0,0,1,Undefined,unfurnished,Low,1,33.01,206.2,Low Floor
flat,bestech park view spa next,sector 67,2.99,1764,3,4,3+,0,1,14,Moderately Old,semifurnished,Medium,1,16.95,59.8,High Floor
flat,karmyogi apartment,sector 10,2.96,3951,6,4,2,0,0,6,Moderately Old,unfurnished,Low,1,7.49,59.2,Mid Floor
flat,signature global park,sohna road,1.17,1599,3,3,3,0,0,1,Relatively New,unfurnished,High,1,7.32,23.4,Low Floor
house,dlf city plots phase 2,sector 25,13.85,3600,9,9,3+,0,1,3,Old Property,unfurnished,Medium,1,38.47,277,Mid Floor
flat,mvn athens,sohna road,0.27,500,1,1,1,0,0,11,New Property,unfurnished,Low,1,5.4,5.4,High Floor
house,independent,sector 4,6.44,4950,3,3,2,0,0,1,Old Property,unfurnished,Low,1,13.01,128.8,Low Floor
flat,the lions cghs,sector 56,2.64,2667,4,4,3+,0,0,8,Moderately Old,semifurnished,Low,1,9.9,52.8,Mid Floor
flat,vatika gurgaon,sector 83,1.71,2193,4,4,3,0,1,3,Relatively New,unfurnished,Low,1,7.8,34.2,Mid Floor
house,independent,sector 2,3.8,1845,4,4,3+,0,0,2,Old Property,unfurnished,Low,1,20.6,76,Low Floor
flat,ss the leaf,sector 85,2.38,2179,3,4,3,1,1,2,Relatively New,semifurnished,Low,1,10.92,47.6,Low Floor
flat,chd avenue,sector 71,1.22,1200,2,2,0,0,0,5,Undefined,unfurnished,Low,1,10.17,24.4,Mid Floor
flat,shree vardhman victoria,sector 70,1.48,1222,2,2,3,1,0,8,Relatively New,unfurnished,Low,1,12.11,29.6,Mid Floor
house,independent,sector 39,2.19,900,2,2,3+,0,1,3,Moderately Old,unfurnished,Low,1,24.33,43.8,Mid Floor
flat,ireo the corridors,sector 67a,2.09,1346,3,3,2,0,0,4,New Property,semifurnished,Medium,1,15.53,41.8,Mid Floor
flat,ambience creacions,sector 22,3.09,1200,2,2,2,0,0,8,Relatively New,furnished,Medium,1,25.75,61.8,Mid Floor
flat,dlf new town heights,sector 90,1.56,1929,3,3,3+,0,1,7,Relatively New,unfurnished,Medium,1,8.09,31.2,Mid Floor
flat,ss the leaf,sector 85,1.68,1406,2,2,3+,0,0,16,Relatively New,unfurnished,Medium,1,11.95,33.6,High Floor
flat,greenopolis,sector 89,1.68,2122,3,3,3+,0,1,1,New Property,unfurnished,Low,1,7.92,33.6,Low Floor
flat,shree vardhman victoria,sector 70,2.15,1527,3,5,3,0,1,5,Moderately Old,unfurnished,Medium,1,14.08,43,Mid Floor
flat,vatika the seven lamps,sector 82,1.29,1299,2,2,2,1,0,14,Relatively New,unfurnished,Medium,1,9.93,25.8,High Floor
flat,paras quartier,gwal pahari,7.6,4842,4,4,3+,1,1,19,New Property,semifurnished,High,1,15.7,152,High Floor
house,international city by sobha phase 1,sector 109,7.73,2430,4,5,3+,0,1,2,Relatively New,semifurnished,Medium,1,31.81,154.6,Low Floor
flat,denso haryana housing society,manesar,1.16,2321,3,3,3+,0,1,5,Moderately Old,unfurnished,Low,1,5,23.2,Mid Floor
flat,dlf new town heights,sector 90,1.98,2200,4,4,3+,0,1,12,Moderately Old,semifurnished,Medium,1,9,39.6,High Floor
house,tulip yellow,sector 69,3.8,1800,4,3,2,0,0,3,New Property,furnished,Medium,1,21.11,76,Mid Floor
house,independent,sector 23,5.15,2430,3,3,2,0,1,2,Moderately Old,semifurnished,Medium,1,21.19,103,Low Floor
flat,pareena mi casa,sector 68,2.45,2288,3,3,3+,0,1,1,Under Construction,unfurnished,Low,1,10.71,49,Low Floor
flat,bestech park view ananda,sector 81,1.74,1989,3,3,3+,0,0,8,Old Property,unfurnished,Medium,1,8.75,34.8,Mid Floor
flat,eldeco accolade,sohna road,1.41,1319,2,2,3+,1,0,17,Relatively New,semifurnished,Low,1,10.69,28.2,High Floor
flat,mapsko casa bella,sector 82,1.78,2294,4,5,3+,0,1,20,Relatively New,unfurnished,Medium,1,7.76,35.6,High Floor
flat,dlf the skycourt,sector 86,1.74,1746,3,3,1,0,0,9,Relatively New,unfurnished,Medium,1,9.97,34.8,Mid Floor
flat,experion the heartsong,sector 108,1.31,1283,2,3,3,1,0,4,Relatively New,unfurnished,Medium,1,10.21,26.2,Mid Floor
flat,dlf new town heights,sector 86,1.98,2139,4,4,3+,1,1,21,Moderately Old,unfurnished,Medium,1,9.26,39.6,High Floor
flat,dlf regal gardens,sector 90,2.12,1900,4,4,3+,0,0,8,Relatively New,unfurnished,Medium,1,11.16,42.4,Mid Floor
flat,orchid island,sector 51,2.19,1773,3,4,3,0,0,2,Moderately Old,unfurnished,Medium,1,12.35,43.8,Low Floor
house,independent,sector 2,6.43,2642,4,4,3+,0,1,3,Moderately Old,unfurnished,Low,1,24.34,128.6,Mid Floor
flat,vatika lifestyle homes,sector 83,1.48,1588,3,2,3,0,0,15,Relatively New,unfurnished,Low,1,9.32,29.6,High Floor
flat,signature global city 37d ph 2,sector 37d,1.74,1600,3,3,3+,0,0,3,Under Construction,unfurnished,Medium,1,10.88,34.8,Mid Floor
flat,smart world orchard,sector 61,2.19,1244,2,2,2,1,0,4,Under Construction,unfurnished,Medium,1,17.6,43.8,Mid Floor
flat,trisara our homes 3,sohna road,0.47,522,2,2,1,0,0,1,New Property,unfurnished,Low,1,9,9.4,Low Floor
flat,experion heartsong,dwarka expressway,1.39,1758,3,3,0,0,0,,Under Construction,unfurnished,Low,1,7.91,27.8,Low Floor
flat,m3m golfestate,sector 65,6.44,2800,3,3,3+,0,1,28,Relatively New,semifurnished,High,1,23,128.8,High Floor
flat,signature global park,sohna road,1.07,1244,3,2,2,0,0,1,New Property,unfurnished,Low,1,8.6,21.4,Low Floor
flat,pioneer park,sector 61,2.7,1592,3,3,3,0,0,15,Relatively New,semifurnished,Low,1,16.96,54,High Floor
flat,mapsko mount ville,sector 79,1.61,1154,3,3,3,1,0,22,Relatively New,unfurnished,High,1,13.95,32.2,High Floor
flat,ats triumph,sector 104,3.41,2898,4,4,3+,0,1,14,Relatively New,semifurnished,Low,1,11.77,68.2,High Floor
flat,ss the leaf,sector 85,1.41,1173,2,2,3,1,0,12,Relatively New,unfurnished,Medium,1,12.02,28.2,High Floor
house,bptp visionnaire,sector 70a,5.18,5500,4,4,3+,1,1,3,Relatively New,unfurnished,Medium,1,9.42,103.6,Mid Floor
house,ansal florence super,sector 57,4.83,1620,3,4,3,1,1,2,Moderately Old,semifurnished,Low,1,29.81,96.6,Low Floor
flat,alpha corp gurgaonone,sector 84,1.09,1158,2,2,3,0,0,6,Relatively New,semifurnished,Low,1,9.41,21.8,Mid Floor
house,independent,sector 6,0.64,600,3,3,2,0,0,2,Moderately Old,unfurnished,Low,1,10.67,12.8,Low Floor
flat,sare crescent parc royal greens phase 1,sector 92,1.01,1175,3,2,2,0,0,15,New Property,unfurnished,Low,1,8.6,20.2,High Floor
flat,godrej icon,sector 88a,2.26,1306,3,3,3+,0,0,6,New Property,unfurnished,Medium,1,17.3,45.2,Mid Floor
flat,ss the leaf,sector 85,2.84,2545,4,5,3+,0,0,4,Relatively New,unfurnished,Medium,1,11.16,56.8,Mid Floor
house,independent,sector 9,0.46,360,2,2,1,0,0,2,Old Property,unfurnished,Low,1,12.78,9.2,Low Floor
flat,pivotal devaan,sector 84,0.47,531,2,2,1,0,0,9,Relatively New,furnished,Medium,1,8.85,9.4,Mid Floor
flat,suncity platinum towers,sector 28,7.99,2000,3,4,3+,0,1,21,Relatively New,semifurnished,High,1,39.95,159.8,High Floor
house,independent,sector 57,10.31,2700,5,4,3,1,1,2,Relatively New,unfurnished,Low,1,38.19,206.2,Low Floor
flat,tata primanti,sector 72,4.13,2600,4,4,3+,0,1,8,Moderately Old,semifurnished,High,1,15.88,82.6,Mid Floor
flat,paras dews,sector 106,1.36,1539,2,2,2,0,0,5,New Property,unfurnished,Medium,1,8.84,27.2,Mid Floor
flat,bptp terra,sector 37d,2.21,1373,3,3,3,1,0,9,Relatively New,semifurnished,Low,1,16.1,44.2,Mid Floor
flat,dlf the skycourt,sector 86,2,1500,3,3,3+,0,0,12,Relatively New,furnished,High,1,13.33,40,High Floor
flat,ats marigold,sector 89,2.19,1944,3,3,3+,1,0,8,Under Construction,unfurnished,Medium,1,11.27,43.8,Mid Floor
flat,rof ananda,sector 95,0.48,716,3,2,1,0,0,6,Relatively New,semifurnished,Medium,1,6.7,9.6,Mid Floor
flat,viridian the plaza 106,sector 106,0.59,778,1,1,1,0,0,18,New Property,unfurnished,Medium,1,7.58,11.8,High Floor
flat,signature global city,sector 37d,0.88,644,2,2,3,0,0,9,New Property,unfurnished,Medium,1,13.66,17.6,Mid Floor
flat,eldeco accolade,sohna road,1.22,1131,2,2,3,1,0,8,Under Construction,unfurnished,Low,1,10.79,24.4,Mid Floor
flat,dlf regal gardens,sector 90,1.53,1562,3,3,2,0,0,11,Relatively New,unfurnished,Medium,1,9.8,30.6,High Floor
flat,hcbs sports ville,sohna road,0.41,577,2,2,2,0,0,2,New Property,unfurnished,Low,1,7.11,8.2,Low Floor
flat,smart world gems,sector 89,1.25,1103,2,2,3+,0,0,2,New Property,unfurnished,Low,1,11.33,25,Low Floor
house,independent,sector 50,8.37,3000,5,6,0,0,0,1,Undefined,unfurnished,Low,1,27.9,167.4,Low Floor
flat,raheja vedaanta,sector 108,1.09,1500,3,3,2,0,1,2,Relatively New,unfurnished,Medium,1,7.27,21.8,Low Floor
flat,vatika the seven lamps,sector 82,1.21,1299,2,2,2,1,0,12,Relatively New,semifurnished,Medium,1,9.31,24.2,High Floor
flat,antriksh heights,sector 84,0.93,1026,2,2,3+,1,0,4,Relatively New,unfurnished,High,1,9.06,18.6,Mid Floor
house,independent,sector 7,2.9,1440,3,3,2,0,0,2,Old Property,semifurnished,Low,1,20.14,58,Low Floor
flat,bptp terra,sector 37d,2.31,1983,4,3,3,1,0,12,Relatively New,semifurnished,Medium,1,11.65,46.2,High Floor
flat,godrej nature plus,sector 33,1.48,103,2,2,2,0,0,15,Under Construction,unfurnished,Low,1,143.69,29.6,High Floor
flat,unitech sunbreeze,sector 69,1.29,1826,4,3,0,0,0,0,Undefined,unfurnished,Low,1,7.06,25.8,Low Floor
flat,adani m2k oyster grande,sector 102,2.45,1605,3,4,3,0,1,21,Relatively New,unfurnished,Medium,1,15.26,49,High Floor
flat,breez global heights,sohna road,0.54,564,2,2,2,0,0,2,New Property,unfurnished,Medium,1,9.57,10.8,Low Floor
flat,signature global solera,sector 107,0.32,318,1,1,0,0,0,0,Undefined,unfurnished,Medium,1,10.06,6.4,Low Floor
house,independent,sector 2,7.22,3240,8,6,3+,1,1,,Moderately Old,unfurnished,Low,1,22.28,144.4,Low Floor
house,independent,sector 26,7.47,1800,4,3,2,0,0,2,Relatively New,unfurnished,Low,1,41.5,149.4,Low Floor
flat,bajrang apartments,sector 6,0.49,944,2,2,2,0,0,1,Moderately Old,unfurnished,Low,1,5.19,9.8,Low Floor
flat,m3m heights,sector 65,2.45,1358,2,2,2,0,0,40,Undefined,unfurnished,Low,1,18.04,49,High Floor
flat,sare homes,sector 92,1.61,2040,4,3,0,0,0,16,Under Construction,unfurnished,Low,1,7.89,32.2,High Floor
flat,smart world gems,sector 89,1.55,1064,3,3,3,0,0,3,Under Construction,unfurnished,Medium,1,14.57,31,Mid Floor
flat,adani m2k oyster grande,sector 102,2.51,2334,3,4,3,1,1,9,Relatively New,semifurnished,Medium,1,10.75,50.2,Mid Floor
flat,dlf the ultima,sector 81,2.96,1893,3,4,3+,0,1,6,New Property,furnished,High,1,15.64,59.2,Mid Floor
flat,capital residences 360,sector 70a,1.52,1400,2,2,3,0,0,7,New Property,unfurnished,Medium,1,10.86,30.4,Mid Floor
flat,godrej summit,sector 104,1.61,1669,3,4,3+,0,1,12,Relatively New,unfurnished,Medium,1,9.65,32.2,High Floor
flat,dlf the ultima,sector 81,2.91,1900,3,4,3+,0,1,17,New Property,furnished,High,1,15.32,58.2,High Floor
flat,shapoorji pallonji joyville gurugram,sector 102,3.09,1957,4,4,3+,0,0,15,Relatively New,unfurnished,Medium,1,15.79,61.8,High Floor
flat,dnha group housing society,manesar,0.97,1502,3,2,2,0,0,5,Moderately Old,unfurnished,Low,1,6.46,19.4,Mid Floor
flat,raheja vedas,sector 108,2.77,4600,3,4,3+,1,0,12,Relatively New,unfurnished,Low,1,6.02,55.4,High Floor
flat,shree vardhman flora,sector 90,1.61,2861,4,4,3,1,0,10,Relatively New,unfurnished,High,1,5.63,32.2,Mid Floor
flat,shree vardhman victoria,sector 70,2.12,1765,3,4,3,0,1,12,Relatively New,unfurnished,Medium,1,12.01,42.4,High Floor
flat,ramprastha the atrium,sector 37d,1.16,1185,3,3,2,0,0,13,Relatively New,furnished,Low,1,9.79,23.2,High Floor
flat,ss the leaf,sector 85,1.47,1604,2,2,3,0,0,16,Relatively New,unfurnished,Low,1,9.16,29.4,High Floor
house,independent,sector 26,19.32,4500,4,4,3,0,1,3,Moderately Old,semifurnished,Low,1,42.93,386.4,Mid Floor
flat,bestech altura,sector 79,2.21,2050,3,4,3,0,0,9,New Property,unfurnished,Low,1,10.78,44.2,Mid Floor
flat,signature andour heights,sector 71,0.71,600,2,2,1,0,0,7,Relatively New,semifurnished,Low,1,11.83,14.2,Mid Floor
house,independent,sector 21,2.06,120,5,5,2,0,0,3,Relatively New,unfurnished,Low,1,171.67,41.2,Mid Floor
flat,smart world orchard,sector 61,2.45,1137,3,3,3,0,0,1,New Property,unfurnished,Low,1,21.55,49,Low Floor
flat,antriksh heights,sector 84,1.08,1561,3,3,3+,0,0,8,New Property,unfurnished,Medium,1,6.92,21.6,Mid Floor
flat,ansal housing highland park,sector 103,2.58,2416,4,5,3+,0,1,14,New Property,unfurnished,Low,1,10.68,51.6,High Floor
flat,apna enclave,sector 3,1.03,1000,3,3,1,0,0,0,Old Property,unfurnished,Low,1,10.3,20.6,Low Floor
flat,adani m2k oyster grande,sector 102,3.36,2200,3,3,3,1,1,14,Relatively New,unfurnished,Low,1,15.27,67.2,High Floor
flat,signature global superbia,sector 95,0.51,661,2,2,3,0,0,2,Under Construction,unfurnished,Low,1,7.72,10.2,Low Floor
flat,signature global city 92,sector 92,1,846,2,2,3,0,0,2,Under Construction,unfurnished,Low,1,11.82,20,Low Floor
house,ansal api spanish court,sector 2,3.74,1557,4,4,3,0,0,2,Relatively New,semifurnished,Low,1,24.02,74.8,Low Floor
flat,ireo uptown,sector 66,1.7,1048,2,2,2,0,0,6,Relatively New,unfurnished,Low,1,16.22,34,Mid Floor
flat,la vida by tata housing,sector 113,3.03,1930,3,4,3,0,1,3,Relatively New,unfurnished,High,1,15.7,60.6,Mid Floor
flat,tarc maceo,sector 91,1.12,1148,2,2,2,0,0,9,Relatively New,unfurnished,Medium,1,9.76,22.4,Mid Floor
flat,smriti apartment,sector 56,0.78,543,1,1,1,0,0,2,Moderately Old,unfurnished,Low,1,14.36,15.6,Low Floor
flat,sobha city,sector 108,3,1711,3,3,3,0,0,17,Relatively New,semifurnished,High,1,17.53,60,High Floor
flat,experion windchants,sector 112,7.22,3655.35,4,6,3+,0,1,8,Relatively New,semifurnished,High,1,19.75,144.4,Mid Floor
flat,raheja vedaanta,sector 108,0.9,1505,2,2,2,0,0,12,Undefined,unfurnished,Low,1,5.98,18,High Floor
flat,puri diplomatic greens,sector 111,4.77,2650,4,5,3+,0,1,12,Relatively New,semifurnished,High,1,18,95.4,High Floor
flat,godrej frontier,sector 80,1.8,1922,3,4,2,0,1,6,Moderately Old,unfurnished,Medium,1,9.37,36,Mid Floor
flat,emaar mgf palm hills,sector 77,1.4,1833,3,4,3+,0,1,5,Relatively New,semifurnished,High,1,7.64,28,Mid Floor
flat,ss the leaf,sector 85,1.39,1200,2,2,3,1,1,8,New Property,semifurnished,High,1,11.58,27.8,Mid Floor
flat,sbtl caladium,sector 109,1.68,1701,3,2,3,0,0,16,Moderately Old,unfurnished,Medium,1,9.88,33.6,High Floor
flat,umang winter hills,sector 77,1.19,1602,3,3,3,0,0,17,Relatively New,semifurnished,Low,1,7.43,23.8,High Floor
house,independent,sector 41,2.12,1200,1,1,0,0,0,1,Undefined,unfurnished,Low,1,17.67,42.4,Low Floor
flat,pyramid urban,sector 67a,0.72,778,2,2,2,0,0,0,Relatively New,unfurnished,Low,1,9.25,14.4,Low Floor
flat,ireo skyon,sector 60,3.86,2400,3,3,3,0,1,5,Relatively New,semifurnished,High,1,16.08,77.2,Mid Floor
flat,eldeco accolade,sector 33,1.55,1492,2,2,2,1,0,0,New Property,unfurnished,Medium,1,10.39,31,Low Floor
flat,ild grand,sector 37,1.55,1647,3,3,3,0,0,7,Under Construction,unfurnished,Low,1,9.41,31,Mid Floor
flat,tata primanti,sector 72,5.15,2701,4,5,3+,0,1,22,Relatively New,semifurnished,High,1,19.07,103,High Floor
house,independent,sector 7,0.58,900,3,2,1,0,0,2,Old Property,unfurnished,Low,1,6.44,11.6,Low Floor
flat,antriksh heights,sector 84,1.16,1833,3,3,3,0,1,18,Relatively New,unfurnished,Medium,1,6.33,23.2,High Floor
flat,paras dews,sector 106,1.55,1145,3,3,3,1,0,12,Relatively New,unfurnished,High,1,13.54,31,High Floor
flat,raheja atharva,sector 109,2.06,3008,4,1,0,0,0,0,New Property,unfurnished,Low,1,6.85,41.2,Low Floor
flat,central park resorts,sector 48,19.32,7444,5,6,3+,1,1,17,Relatively New,furnished,Low,1,25.95,386.4,High Floor
flat,bestech park view residency,sector 2,1.31,1281,2,2,3,0,0,11,Moderately Old,unfurnished,Medium,1,10.23,26.2,High Floor
flat,emaar gurgaon greens,sector 102,2,1315,3,4,3,0,1,7,Relatively New,semifurnished,High,1,15.21,40,Mid Floor
flat,ss the leaf,sector 85,1.61,1730,2,2,3,0,0,10,Relatively New,unfurnished,Low,1,9.31,32.2,Mid Floor
flat,pareena mi casa,sector 68,2.19,1809,4,4,3+,0,0,23,New Property,unfurnished,Medium,1,12.11,43.8,High Floor
flat,smart world gems,sector 89,1.16,1105,2,2,2,0,0,1,Undefined,unfurnished,Low,1,10.5,23.2,Low Floor
flat,m3m merlin,sector 67,3.74,2047,3,3,3,0,0,0,Relatively New,semifurnished,Low,1,18.27,74.8,Low Floor
house,independent,sector 38,2.7,900,2,7,3+,1,0,3,Relatively New,unfurnished,Low,1,30,54,Mid Floor
flat,dlf new town heights,sector 86,1.68,1747,3,3,3,0,1,12,Moderately Old,unfurnished,Medium,1,9.62,33.6,High Floor
flat,experion the heartsong,sector 108,1.16,1161,2,3,3,0,1,7,Relatively New,unfurnished,Medium,1,9.99,23.2,Mid Floor
flat,orris carnation residency,sector 85,1.16,1575,4,4,3,0,0,8,Moderately Old,semifurnished,Low,1,7.37,23.2,Mid Floor
flat,shree kirpalu gi sector 52,sector 52,1.87,1800,3,3,3+,0,0,7,Relatively New,semifurnished,Medium,1,10.39,37.4,Mid Floor
flat,vatika city homes,sector 83,1.36,1468,3,3,3,0,0,8,Moderately Old,semifurnished,Medium,1,9.26,27.2,Mid Floor
flat,la vida by tata housing,sector 113,4.79,2956,5,4,3+,0,0,0,New Property,furnished,Low,1,16.2,95.8,Low Floor
flat,bestech spa signature,sector 81,5.67,3700,4,4,3+,1,1,6,New Property,furnished,Low,1,15.32,113.4,Mid Floor
flat,hcbs sports ville,sohna road,0.39,743,2,2,2,0,0,3,Undefined,unfurnished,Low,1,5.25,7.8,Mid Floor
house,independent,sector 7,2.51,1440,2,2,2,0,0,2,Old Property,unfurnished,Low,1,17.43,50.2,Low Floor
flat,the close south,sector 50,3.99,2450,3,4,3+,0,1,4,Moderately Old,semifurnished,High,1,16.29,79.8,Mid Floor
house,vatika sovereign next,sector 82a,4.96,5140,5,6,3+,0,0,6,Undefined,unfurnished,Medium,1,9.65,99.2,Mid Floor
flat,signature global solera,sector 107,0.66,717,3,2,2,0,0,9,Relatively New,unfurnished,Low,1,9.21,13.2,Mid Floor
flat,ss the leaf,sector 85,2.7,2545,4,5,3+,0,0,9,Relatively New,semifurnished,Medium,1,10.61,54,Mid Floor
flat,mapsko mount ville,sector 79,1.61,1656,3,3,3+,0,0,16,Relatively New,semifurnished,Low,1,9.72,32.2,High Floor
flat,ashiana anmol,sohna road,1.28,1045,2,2,2,0,0,6,Under Construction,unfurnished,Low,1,12.25,25.6,Mid Floor
flat,godrej oasis,sector 88a,1.48,1380,2,2,3,1,0,14,Relatively New,unfurnished,High,1,10.72,29.6,High Floor
flat,tulip monsella,sector 53,7.75,2892,3,3,3,0,0,29,Under Construction,unfurnished,Medium,1,26.8,155,High Floor
house,independent,sector 2,0.51,583,2,2,1,0,0,1,Relatively New,unfurnished,Low,1,8.75,10.2,Low Floor
house,independent,sector 12,0.49,900,3,3,3,0,0,3,Relatively New,unfurnished,Low,1,5.44,9.8,Mid Floor
flat,ild greens,sector 37,1.36,1500,3,3,3,0,0,4,New Property,semifurnished,Low,1,9.07,27.2,Mid Floor
flat,godrej oasis,sector 88a,1.78,2296,3,3,3+,0,1,7,Relatively New,unfurnished,Medium,1,7.75,35.6,Mid Floor
flat,corona gracieux,sector 76,1.39,1774,3,3,3,0,1,1,New Property,unfurnished,Medium,1,7.84,27.8,Low Floor
flat,ss residency,sector 12,0.68,995,3,3,2,0,0,2,Relatively New,semifurnished,Low,1,6.83,13.6,Low Floor
flat,vatika gurgaon,sector 83,1.36,1618,3,3,3,0,0,3,Relatively New,unfurnished,Medium,1,8.41,27.2,Mid Floor
flat,sare green parc 2,sector 92,1.38,2040,4,3,3,1,1,10,Under Construction,unfurnished,Medium,1,6.76,27.6,Mid Floor
flat,experion the heartsong,sector 108,1.55,1550,3,2,3+,0,1,11,Relatively New,semifurnished,High,1,10,31,High Floor
flat,dlf regal gardens,sector 90,1.66,1817,3,3,3+,0,1,12,Relatively New,unfurnished,High,1,9.14,33.2,High Floor
flat,capital residences 360,sector 70a,2.17,1900,3,3,3+,0,1,5,New Property,unfurnished,Medium,1,11.42,43.4,Mid Floor
flat,signature global synera,sector 81,0.4,366,1,1,1,0,0,13,Relatively New,furnished,Medium,1,10.93,8,High Floor
flat,bestech park view grand spa,sector 81,2.86,2407,3,4,3+,0,1,15,Relatively New,semifurnished,High,1,11.88,57.2,High Floor
flat,vatika gurgaon,sector 83,1.52,1618,3,3,2,0,0,14,Relatively New,unfurnished,Low,1,9.39,30.4,High Floor
house,shri shyam residency,sector 104,0.8,900,3,3,1,0,0,2,Moderately Old,furnished,Low,1,8.89,16,Low Floor
flat,experion the heartsong,sector 108,1.55,1275.53,3,3,3+,1,0,10,Relatively New,unfurnished,Medium,1,12.15,31,Mid Floor
flat,gls arawali homes,sohna road,0.33,640,2,2,2,0,0,4,Relatively New,unfurnished,Low,1,5.16,6.6,Mid Floor
flat,assotech blith,sector 99,1.48,1235,2,2,2,0,0,2,New Property,semifurnished,Medium,1,11.98,29.6,Low Floor
flat,elan the presidential,sector 106,5.03,2450,3,3,0,0,0,20,Undefined,unfurnished,Medium,1,20.53,100.6,High Floor
flat,shapoorji pallonji joyville gurugram,sector 102,2.51,1465,3,3,3,0,0,12,New Property,unfurnished,Medium,1,17.13,50.2,High Floor
flat,sare homes,sector 92,1.06,1221.18,3,3,3+,0,0,12,Relatively New,unfurnished,Medium,1,8.68,21.2,High Floor
flat,m3m latitude,sector 65,6.05,2380,3,3,3+,0,1,9,Relatively New,semifurnished,Low,1,25.42,121,Mid Floor
flat,rof ananda,sector 95,0.49,716,2,2,2,1,0,5,Relatively New,unfurnished,Medium,1,6.84,9.8,Mid Floor
house,international city by sobha phase 1,sector 109,7.6,2430,4,5,2,0,1,2,Relatively New,semifurnished,Medium,1,31.28,152,Low Floor
flat,m3m merlin,sector 67,4.38,2134,3,4,3+,0,1,16,Relatively New,semifurnished,High,1,20.52,87.6,High Floor
flat,signature global solera,sector 107,0.39,544,2,2,1,0,0,5,Relatively New,unfurnished,Medium,1,7.17,7.8,Mid Floor
flat,ss the leaf,sector 85,1.61,1426,2,2,3+,0,0,17,Relatively New,unfurnished,High,1,11.29,32.2,High Floor
flat,antriksh heights,sector 84,0.78,1086,2,2,2,0,0,14,Relatively New,unfurnished,Medium,1,7.18,15.6,High Floor
house,independent,sector 43,10.11,2700,9,9,3+,1,1,3,Relatively New,furnished,Low,1,37.44,202.2,Mid Floor
flat,signature global solera,sector 107,0.46,608,2,2,2,0,0,8,Relatively New,unfurnished,Low,1,7.57,9.2,Mid Floor
flat,godrej nature plus,sector 33,1.61,1385,2,2,3,0,0,17,Undefined,unfurnished,Medium,1,11.62,32.2,High Floor
flat,tulip violet,sector 69,2,1428,3,3,2,0,0,5,Relatively New,unfurnished,Medium,1,14.01,40,Mid Floor
house,independent,sector 7,2.26,1575,4,2,2,0,0,2,Old Property,unfurnished,Low,1,14.35,45.2,Low Floor
flat,tulip violet,sector 69,2.14,1783,4,4,1,0,0,12,Relatively New,unfurnished,Medium,1,12,42.8,High Floor
flat,ss the leaf,sector 85,2.84,2390,4,5,3+,0,1,4,Relatively New,unfurnished,High,1,11.88,56.8,Mid Floor
flat,m3m woodshire,sector 107,1.7,1758,3,3,3,0,0,10,Relatively New,unfurnished,Medium,1,9.67,34,Mid Floor
flat,dlf the skycourt,sector 86,2.84,1747,3,3,1,0,0,7,Relatively New,furnished,Medium,1,16.26,56.8,Mid Floor
flat,vatika inxt floors,sector 82a,0.97,1000,2,2,2,0,0,1,Undefined,unfurnished,Low,1,9.7,19.4,Low Floor
flat,shree vardhman flora,sector 90,1.09,1679,3,4,3,0,1,3,Relatively New,unfurnished,Medium,1,6.49,21.8,Mid Floor
flat,ansal api sushant estate,sector 52,0.38,278,1,1,0,0,0,0,Moderately Old,semifurnished,Low,1,13.67,7.6,Low Floor
flat,uphar lakshya homes,sector 105,0.54,1111,3,2,1,0,0,1,Relatively New,unfurnished,Low,1,4.86,10.8,Low Floor
flat,m3m skywalk,sector 74,1.89,1281,2,2,3,0,0,26,New Property,semifurnished,Low,1,14.75,37.8,High Floor
house,independent,sector 55,2.11,1620,3,3,2,1,1,4,New Property,semifurnished,Medium,1,13.02,42.2,Mid Floor
flat,m3m golf hills,sector 79,1.87,1578,2,2,3,0,0,15,Under Construction,unfurnished,Medium,1,11.85,37.4,High Floor
flat,ss the leaf,sector 85,1.52,1420,2,3,3,0,0,12,Relatively New,semifurnished,High,1,10.7,30.4,High Floor
flat,chd avenue,sector 71,1.55,1466,3,3,3,0,0,4,Relatively New,semifurnished,Low,1,10.57,31,Mid Floor
flat,ats kocoon,sector 109,2.17,1579,3,3,3,0,0,8,Relatively New,unfurnished,Medium,1,13.74,43.4,Mid Floor
flat,sare homes,sector 92,1.03,1893,4,4,3,0,0,1,Moderately Old,unfurnished,Medium,1,5.44,20.6,Low Floor
flat,bestech altura,sector 79,2.45,1946,3,4,3,0,0,11,Under Construction,unfurnished,Medium,1,12.59,49,High Floor
house,project mianwali colony,sector 12,2.58,1350,5,5,2,0,0,3,Undefined,unfurnished,Low,1,19.11,51.6,Mid Floor
flat,dlf the skycourt,sector 86,2,1900,3,3,3,0,0,5,Relatively New,unfurnished,Low,1,10.53,40,Mid Floor
house,independent,sector 105,1.68,1125,3,3,1,0,0,2,Moderately Old,unfurnished,Low,1,14.93,33.6,Low Floor
flat,imperia elvedor,sector 37,0.71,669,1,1,0,0,0,5,Undefined,unfurnished,Low,1,10.61,14.2,Mid Floor
flat,spaze privy at,sector 84,1.74,1750,3,3,3,0,0,7,Relatively New,unfurnished,Medium,1,9.94,34.8,Mid Floor
flat,birla navya,sector 63a,4.5,1350,3,3,3,0,0,1,Under Construction,unfurnished,Low,1,33.33,90,Low Floor
flat,antriksh green,sector 45,2.9,3194,4,4,2,0,1,9,Old Property,furnished,Low,1,9.08,58,Mid Floor
house,independent,sector 4,0.87,76,3,3,2,0,0,2,Relatively New,unfurnished,Low,1,114.47,17.4,Low Floor
flat,emaar mgf emerald floors premier,sector 65,3.21,1493,3,3,3,1,1,3,Relatively New,unfurnished,Low,1,21.5,64.2,Mid Floor
flat,tulip ivory,sector 70,2.58,2172,4,5,3+,0,1,2,Relatively New,semifurnished,Low,1,11.88,51.6,Low Floor
flat,bptp mansions park prime,sector 66,3.48,2501,4,4,3,0,1,6,Relatively New,unfurnished,Low,1,13.91,69.6,Mid Floor
flat,bestech altura,sector 79,3.47,2152,3,4,3+,0,1,3,New Property,unfurnished,Low,1,16.12,69.4,Mid Floor
flat,tata primanti,sector 72,4.25,2185,3,4,3+,0,1,15,New Property,furnished,High,1,19.45,85,High Floor
flat,sbtl caladium,sector 109,2.31,2000,3,3,3+,0,0,10,Relatively New,unfurnished,High,1,11.55,46.2,Mid Floor
flat,dlf the skycourt,sector 86,2.21,1746,3,3,1,0,0,8,Relatively New,semifurnished,Low,1,12.66,44.2,Mid Floor
flat,ss the leaf,sector 85,1.48,1380,2,2,3+,0,0,18,Relatively New,unfurnished,High,1,10.72,29.6,High Floor
flat,rk tower,sector 2,1.22,1100,2,2,1,0,0,1,Relatively New,unfurnished,Medium,1,11.09,24.4,Low Floor
flat,experion the heartsong,sector 108,2.06,1500.29,3,4,3+,0,1,3,Relatively New,semifurnished,Medium,1,13.73,41.2,Mid Floor
flat,aipl club residences,sector 70a,1.64,1449,2,2,3+,0,0,24,Relatively New,semifurnished,Medium,1,11.32,32.8,High Floor
flat,shree vardhman victoria,sector 70,2.14,1527,3,5,3,0,1,8,Relatively New,unfurnished,Medium,1,14.01,42.8,Mid Floor
flat,emaar mgf the palm drive,sector 66,3.86,2100,4,5,3+,0,1,10,Relatively New,semifurnished,Low,1,18.38,77.2,Mid Floor
flat,la vida by tata housing,sector 113,2.12,1420,3,2,2,0,0,3,Relatively New,unfurnished,Low,1,14.93,42.4,Mid Floor
flat,krrish florence estate,sector 70,1.68,1865,3,3,3,0,0,17,Under Construction,semifurnished,Medium,1,9.01,33.6,High Floor
flat,mapsko mount ville,sector 79,1.61,1212,3,3,2,1,0,1,Relatively New,semifurnished,High,1,13.28,32.2,Low Floor
flat,signature the serenas,sohna road,0.58,590,2,2,1,0,0,10,New Property,unfurnished,Low,1,9.83,11.6,Mid Floor
flat,rail vihar cghs,sector 56,1.74,1275,3,2,2,0,0,1,Old Property,unfurnished,High,1,13.65,34.8,Low Floor
flat,ss the leaf,sector 85,1.5,1660,2,2,3,0,0,11,Relatively New,unfurnished,Low,1,9.04,30,High Floor
house,independent,sector 7,1.74,330,4,5,0,0,0,3,Undefined,unfurnished,Low,1,52.73,34.8,Mid Floor
house,independent,sohna road,8.05,9000,3,3,0,0,0,1,Moderately Old,unfurnished,Low,1,8.94,161,Low Floor
flat,vipul lavanya,sector 81,0.78,1000,2,2,1,0,0,0,Relatively New,unfurnished,Low,1,7.8,15.6,Low Floor
flat,ansal heights 86,sector 86,0.87,1231,2,2,1,0,0,10,Relatively New,unfurnished,Medium,1,7.07,17.4,Mid Floor
flat,puri emerald bay,sector 104,1.93,1403,2,2,2,0,0,7,Under Construction,unfurnished,Low,1,13.76,38.6,Mid Floor
house,emaar mgf marbella,sector 66,11.33,2115,4,4,3+,0,1,3,Relatively New,unfurnished,Medium,1,53.57,226.6,Mid Floor
flat,shree arihant apartment,sector 54,2,2000,3,3,3+,0,0,3,Moderately Old,semifurnished,Medium,1,10,40,Mid Floor
flat,m3m skywalk,sector 74,1.96,1250,2,2,3,0,0,6,Relatively New,unfurnished,High,1,15.68,39.2,Mid Floor
flat,m3m soulitude,sector 89,1.47,1581,3,3,2,1,0,2,Under Construction,unfurnished,Medium,1,9.3,29.4,Low Floor
flat,tulip violet,sector 69,2.19,1819,4,4,2,0,0,10,New Property,unfurnished,Medium,1,12.04,43.8,Mid Floor
flat,indiabulls enigma,sector 110,4.38,3000,4,5,3,0,1,10,Relatively New,unfurnished,High,1,14.6,87.6,Mid Floor
house,unitech aspen greens,sector 50,8.76,2160,4,5,3,1,1,3,Old Property,semifurnished,Medium,1,40.56,175.2,Mid Floor
flat,indiabulls centrum park,sector 103,2.45,3716,3,4,3+,1,1,10,Relatively New,semifurnished,Low,1,6.59,49,Mid Floor
house,independent,sector 5,1.29,1500,1,1,0,0,0,1,Undefined,unfurnished,Low,1,8.6,25.8,Low Floor
flat,nul,gwal pahari,0.72,1028,2,2,1,0,0,11,Old Property,semifurnished,Low,1,7,14.4,High Floor
flat,signature global park,sohna road,0.71,828,2,2,3,0,0,4,New Property,unfurnished,Medium,1,8.57,14.2,Mid Floor
flat,dlf the ultima,sector 81,2.9,2090,3,4,3+,0,1,11,Relatively New,furnished,High,1,13.88,58,High Floor
house,international city by sobha phase 1,sector 109,7.09,2430,4,4,3+,0,1,2,New Property,unfurnished,Medium,1,29.18,141.8,Low Floor
house,suncity essel towers,sector 28,7.73,2700,4,4,3+,1,0,3,Old Property,semifurnished,Medium,1,28.63,154.6,Mid Floor
house,vipul tatvam villa,sector 48,10.57,3240,3,3,2,1,1,2,Moderately Old,furnished,High,1,32.62,211.4,Low Floor
flat,corona optus,sector 37,1.86,2211,3,3,3+,0,1,8,New Property,unfurnished,Low,1,8.41,37.2,Mid Floor
house,ats tourmaline,sector 109,2.41,2150,3,4,0,0,0,12,Undefined,unfurnished,Low,1,11.21,48.2,High Floor
flat,tulip leaf,sector 69,2.66,1640,3,3,3,0,0,16,Relatively New,unfurnished,Low,1,16.22,53.2,High Floor
flat,chintels paradiso,sector 109,2.31,1910,3,3,2,0,1,0,Moderately Old,unfurnished,Medium,1,12.09,46.2,Low Floor
flat,antriksh heights,sector 84,1.15,1833,3,3,3,0,0,8,Relatively New,unfurnished,Medium,1,6.27,23,Mid Floor
flat,orchid petals,sector 49,3.24,2061,3,3,3+,1,0,7,Old Property,semifurnished,Medium,1,15.72,64.8,Mid Floor
flat,godrej nature plus,sector 33,1.61,1539,2,2,3+,0,0,15,Under Construction,unfurnished,Low,1,10.46,32.2,High Floor
flat,orris aster court,sector 85,1.16,1436,3,3,3,0,0,8,Relatively New,unfurnished,Low,1,8.08,23.2,Mid Floor
flat,puri diplomatic greens,sector 111,4.7,2670,4,5,3+,0,1,17,Moderately Old,unfurnished,Medium,1,17.6,94,High Floor
flat,green campus chs,manesar,1.16,2070,3,3,3+,0,1,6,Moderately Old,unfurnished,Low,1,5.6,23.2,Mid Floor
flat,tulip violet,sector 69,2.58,1819,4,4,2,0,0,0,Relatively New,unfurnished,Medium,1,14.18,51.6,Low Floor
flat,dlf new town heights,sector 90,2.12,2139,4,4,3+,0,1,15,Moderately Old,semifurnished,Medium,1,9.91,42.4,High Floor
house,independent,sector 14,5.79,2778,5,5,1,0,0,1,Relatively New,unfurnished,Low,1,20.84,115.8,Low Floor
flat,bptp terra,sector 37d,2.06,2000,4,3,3+,0,0,7,Relatively New,semifurnished,Medium,1,10.3,41.2,Mid Floor
flat,whiteland blissville,sector 76,2.47,1628,3,3,2,0,0,3,Undefined,unfurnished,Medium,1,15.17,49.4,Mid Floor
flat,emaar mgf emerald floors premier,sector 65,3.6,2194,4,4,3,1,1,2,Relatively New,semifurnished,Medium,1,16.41,72,Low Floor
flat,imperia the esfera,sector 37,1.22,1578,2,2,0,0,1,17,Under Construction,unfurnished,Medium,1,7.73,24.4,High Floor
house,independent,sector 13,1.93,1426,2,2,2,1,0,3,Old Property,unfurnished,Low,1,13.53,38.6,Mid Floor
house,independent,sector 12,1.16,675,2,4,0,0,0,2,Undefined,unfurnished,Low,1,17.19,23.2,Low Floor
house,ansal sushant residency,sector 57,5.93,2700,6,6,3,1,1,3,Old Property,furnished,Medium,1,21.96,118.6,Mid Floor
flat,suncity heights,sector 54,4.96,2119,3,3,3+,0,1,8,Old Property,unfurnished,Medium,1,23.41,99.2,Mid Floor
flat,ats kocoon,sector 109,2.86,1896,3,3,3,0,1,20,Relatively New,unfurnished,Medium,1,15.08,57.2,High Floor
flat,hcbs sports ville,sohna road,0.49,750,2,2,2,0,0,9,Undefined,unfurnished,Low,1,6.53,9.8,Mid Floor
flat,mvn athens,sohna road,0.32,681,2,2,1,0,0,11,Relatively New,semifurnished,Medium,1,4.7,6.4,High Floor
flat,hcbs sports ville,sohna road,0.41,644,2,2,1,0,0,7,New Property,unfurnished,Low,1,6.37,8.2,Mid Floor
house,malibu towne,sector 47,1.48,275,3,3,3,0,0,2,Old Property,semifurnished,Low,1,53.82,29.6,Low Floor
flat,pioneer araya,sector 62,12.81,3933,4,6,3,0,1,12,Relatively New,semifurnished,Medium,1,32.57,256.2,High Floor
flat,emaar mgf palm hills,sector 77,1.39,1810,3,4,3+,1,1,5,Relatively New,semifurnished,High,1,7.68,27.8,Mid Floor
house,independent,sector 50,13.6,3240,5,5,3,0,1,3,Moderately Old,unfurnished,Low,1,41.98,272,Mid Floor
flat,shree vardhman flora,sector 90,0.9,1224,2,2,3,1,0,9,New Property,unfurnished,Medium,1,7.35,18,Mid Floor
flat,vatika independent floors,sector 82,0.87,1150,2,2,3,0,0,2,Moderately Old,unfurnished,Medium,1,7.57,17.4,Low Floor
flat,meditech apartment,sector 56,3.16,2900,4,4,3+,0,0,1,Relatively New,semifurnished,Medium,1,10.9,63.2,Low Floor
flat,dlf the ultima,sector 81,3.09,1903,3,4,3+,0,1,19,Relatively New,furnished,High,1,16.24,61.8,High Floor
flat,central park flower valley,sector 33,2,1444,3,3,3+,0,0,7,New Property,semifurnished,Low,1,13.85,40,Mid Floor
flat,dlf the skycourt,sector 86,1.93,1780,3,3,3+,1,0,18,Relatively New,unfurnished,High,1,10.84,38.6,High Floor
flat,shree vardhman victoria,sector 70,2.12,1586,3,4,3,0,1,1,Relatively New,furnished,High,1,13.37,42.4,Low Floor
flat,gls arawali homes,sohna road,0.33,640,2,2,2,0,0,5,New Property,unfurnished,Medium,1,5.16,6.6,Mid Floor
flat,ambience lagoon,sector 24,5.47,3201,3,4,3+,0,1,3,Old Property,semifurnished,Medium,1,17.09,109.4,Mid Floor
flat,pyramid urban,sector 67a,0.68,657,2,2,1,0,0,6,Relatively New,semifurnished,Low,1,10.35,13.6,Mid Floor
flat,puri emerald bay,sector 104,2.87,2359,3,4,3+,0,1,10,Relatively New,semifurnished,High,1,12.17,57.4,Mid Floor
flat,trisara our homes 3,sohna road,0.49,602,2,2,2,0,0,1,Undefined,unfurnished,Low,1,8.14,9.8,Low Floor
flat,bestech park view residency,sector 2,1.95,1738,3,4,3+,0,1,8,Moderately Old,unfurnished,Medium,1,11.22,39,Mid Floor
house,independent,sector 41,5.47,1620,2,9,3+,1,1,4,Moderately Old,semifurnished,Low,1,33.77,109.4,Mid Floor
house,unitech espace,sector 50,12.62,3240,4,4,3,0,1,2,Moderately Old,unfurnished,Low,1,38.95,252.4,Low Floor
flat,suncity platinum towers,sector 28,7.73,2983,3,3,2,0,1,8,Moderately Old,unfurnished,Low,1,25.91,154.6,Mid Floor
house,independent,sector 23,6.44,3078,4,4,2,0,0,2,Old Property,unfurnished,Low,1,20.92,128.8,Low Floor
flat,puri diplomatic greens,sector 111,3.41,2005,3,4,3+,1,1,19,Relatively New,unfurnished,Medium,1,17.01,68.2,High Floor
flat,puri diplomatic greens,sector 111,2.9,1538,3,3,2,0,0,12,Relatively New,unfurnished,Medium,1,18.86,58,High Floor
flat,tulip violet,sector 69,1.65,1428,3,3,2,0,0,12,Relatively New,semifurnished,Low,1,11.55,33,High Floor
flat,ambience creacions,sector 22,2.56,1285,2,2,2,0,0,9,New Property,unfurnished,Low,1,19.92,51.2,Mid Floor
flat,signature global park,sohna road,1.12,1210,3,2,3,0,0,4,Undefined,unfurnished,Medium,1,9.26,22.4,Mid Floor
flat,my home,sector 110,0.28,556,2,2,1,0,0,1,New Property,semifurnished,Low,1,5.04,5.6,Low Floor
flat,ansal maple crescent,sector 43,1.74,1320,3,3,3,0,0,2,Old Property,semifurnished,Medium,1,13.18,34.8,Low Floor
flat,chd avenue,sector 71,1.48,1541,3,3,2,0,1,15,Moderately Old,semifurnished,Medium,1,9.6,29.6,High Floor
flat,the castle society,sector 56,2.58,2081,4,4,2,0,0,4,Under Construction,unfurnished,Low,1,12.4,51.6,Mid Floor
flat,la vida by tata housing,sector 113,1.74,1090,2,2,3,0,0,10,New Property,unfurnished,High,1,15.96,34.8,Mid Floor
flat,whiteland the aspen,sector 76,4.32,2111,3,4,3+,0,1,5,Under Construction,furnished,High,1,20.46,86.4,Mid Floor
flat,eldeco accolade,sohna road,0.91,1154,2,2,3,0,0,10,Relatively New,unfurnished,High,1,7.89,18.2,Mid Floor
flat,smart world one,dwarka expressway,2.12,3094,3,4,3,0,0,6,Under Construction,unfurnished,Low,1,6.85,42.4,Mid Floor
flat,shree vardhman victoria,sector 70,2,1527,3,3,3,1,1,6,Relatively New,unfurnished,Low,1,13.1,40,Mid Floor
flat,ss the leaf,sector 85,1.55,1380,2,2,3+,0,0,14,Relatively New,unfurnished,Medium,1,11.23,31,High Floor
flat,bptp terra,sector 37d,2,2100,4,3,3+,0,0,19,Relatively New,semifurnished,Medium,1,9.52,40,High Floor
flat,pareena mi casa,sector 68,1.48,1127,2,2,3,0,0,8,New Property,unfurnished,Low,1,13.13,29.6,Mid Floor
flat,swarn jayanti cghs,sector 54,2.26,1900,4,3,3+,0,0,3,Old Property,semifurnished,Low,1,11.89,45.2,Mid Floor
flat,sare crescent parc,sector 92,1.03,1719,4,3,2,0,0,10,Relatively New,unfurnished,Low,1,5.99,20.6,Mid Floor
flat,ats triumph,sector 104,2.38,2072,3,4,3+,1,1,14,Relatively New,unfurnished,Medium,1,11.49,47.6,High Floor
flat,pareena coban residences,sector 99,2.06,1810,3,3,3,0,0,6,Under Construction,unfurnished,Low,1,11.38,41.2,Mid Floor
house,independent,sector 7,1.49,1102,2,4,2,0,0,3,Moderately Old,unfurnished,Low,1,13.52,29.8,Mid Floor
flat,raheja vedaanta,sector 108,0.9,1548,2,2,3,0,0,1,Undefined,unfurnished,Low,1,5.81,18,Low Floor
flat,ss the leaf,sector 85,1.55,1190,2,2,2,0,1,4,Relatively New,unfurnished,Medium,1,13.03,31,Mid Floor
flat,indiabulls centrum park,sector 103,1.71,1671,3,3,3+,1,0,8,Relatively New,unfurnished,High,1,10.23,34.2,Mid Floor
house,signature global city 81,sector 81,0.97,1095,3,2,3,1,0,4,Under Construction,unfurnished,Medium,1,8.86,19.4,Mid Floor
flat,breez global heights,sohna road,0.27,438,1,1,1,0,0,2,Relatively New,unfurnished,Low,1,6.16,5.4,Low Floor
flat,signature global city,sector 37d,1.41,1242,2,2,2,0,0,4,Undefined,unfurnished,Medium,1,11.35,28.2,Mid Floor
flat,vatika city homes,sector 83,1.39,1537,3,3,3,0,0,6,Relatively New,unfurnished,Medium,1,9.04,27.8,Mid Floor
flat,ambience creacions,sector 22,5.96,2796,3,5,3+,0,1,5,New Property,unfurnished,Medium,1,21.32,119.2,Mid Floor
flat,signature the roselia,sector 95,0.52,670,2,2,2,0,0,12,New Property,semifurnished,Medium,1,7.76,10.4,High Floor
flat,shree vardhman victoria,sector 70,2.09,1527,3,3,3,0,1,9,Relatively New,unfurnished,Medium,1,13.69,41.8,Mid Floor
flat,puri the aravallis,sector 61,5.03,1174,3,4,3+,0,1,33,Under Construction,unfurnished,High,1,42.84,100.6,High Floor
house,independent,sector 21,0.58,594,3,2,1,0,0,1,Undefined,unfurnished,Low,1,9.76,11.6,Low Floor
flat,ss the leaf,sector 85,2.29,2179,3,4,3+,0,0,6,New Property,unfurnished,Medium,1,10.51,45.8,Mid Floor
flat,sare homes,sector 92,1.22,1983,4,3,2,0,0,16,New Property,unfurnished,Medium,1,6.15,24.4,High Floor
flat,kiran residency,sector 56,2,1800,3,3,3+,0,1,5,Old Property,unfurnished,High,1,11.11,40,Mid Floor
flat,shyam apartment,sector 3,0.33,611,2,1,2,0,0,2,Relatively New,unfurnished,Low,1,5.4,6.6,Low Floor
flat,dlf royalton tower,sector 43,8.37,2712,4,4,3+,0,1,9,Moderately Old,unfurnished,Low,1,30.86,167.4,Mid Floor
flat,ss the leaf,sector 85,1.48,1263,2,2,3,0,0,20,Relatively New,unfurnished,Medium,1,11.72,29.6,High Floor
flat,tata primanti,sector 72,5.15,2629,4,5,2,0,1,7,Moderately Old,unfurnished,Low,1,19.59,103,Mid Floor
flat,shree vardhman mantra,sector 67,0.72,889,2,2,1,0,0,8,New Property,unfurnished,Medium,1,8.1,14.4,Mid Floor
house,independent,sector 48,10.82,3240,4,4,3,0,1,2,Old Property,semifurnished,Low,1,33.4,216.4,Low Floor
flat,brisk lumbini terrace homes,sector 109,1.78,2419,3,3,1,0,0,4,Moderately Old,unfurnished,Low,1,7.36,35.6,Mid Floor
flat,imperia the esfera,sector 37,1.12,1428,2,3,3+,1,0,9,New Property,unfurnished,Low,1,7.84,22.4,Mid Floor
flat,sidhartha ncr one,sector 95,0.73,1364,2,2,2,0,0,10,Undefined,unfurnished,Low,1,5.35,14.6,Mid Floor
flat,orris aster court premier,sector 85,1.78,1616,3,4,2,0,1,6,Relatively New,unfurnished,Medium,1,11.01,35.6,Mid Floor
house,huda sector-56 gurgaon,sector 56,4.64,1449,5,5,3+,0,0,3,Moderately Old,unfurnished,Low,1,32.02,92.8,Mid Floor
flat,corona gracieux,sector 76,1.36,1597,3,3,3+,0,0,7,Relatively New,semifurnished,Medium,1,8.52,27.2,Mid Floor
flat,signature global city 37d ph 2,sector 37d,1.41,1500,3,3,1,0,0,2,Under Construction,unfurnished,Low,1,9.4,28.2,Low Floor
flat,indiabulls centrum park,sector 103,1.48,1080,2,2,3,1,0,10,Relatively New,semifurnished,High,1,13.7,29.6,Mid Floor
flat,emaar mgf the enclave,sector 66,2.45,1850,3,4,2,0,1,8,Relatively New,semifurnished,High,1,13.24,49,Mid Floor
flat,paras dews,sector 106,1.65,1186,3,4,3+,0,1,24,Relatively New,unfurnished,Low,1,13.91,33,High Floor
flat,krisumi waterfall residences,sector 36,4.7,2297,3,3,2,0,0,17,New Property,unfurnished,Low,1,20.46,94,High Floor
house,independent,sector 17,12.24,4050,8,8,3,1,0,3,Relatively New,semifurnished,Low,1,30.22,244.8,Mid Floor
flat,antriksh heights,sector 84,0.63,1018,2,2,2,0,0,16,Relatively New,unfurnished,Medium,1,6.19,12.6,High Floor
flat,dlf new town heights,sector 86,1.62,1747,3,3,3,0,1,5,Moderately Old,unfurnished,Medium,1,9.27,32.4,Mid Floor
flat,sare homes,sector 92,1.22,1765,4,3,3,0,0,13,New Property,unfurnished,Low,1,6.91,24.4,High Floor
flat,sare green parc phase 3,sector 92,1.01,1175,3,2,2,0,0,15,New Property,unfurnished,Low,1,8.6,20.2,High Floor
flat,suncity avenue 76,sector 76,0.97,665,2,2,2,0,0,11,Under Construction,unfurnished,Medium,1,14.59,19.4,High Floor
house,independent,sector 37d,3.21,1900,5,5,3+,0,0,2,Relatively New,unfurnished,Low,1,16.89,64.2,Low Floor
flat,mapsko royale ville,sector 82,1.48,1620,3,4,2,0,1,15,Relatively New,semifurnished,Medium,1,9.14,29.6,High Floor
flat,ansal sushant residency,sector 57,1.93,273,3,2,3+,0,0,1,Moderately Old,unfurnished,Medium,1,70.7,38.6,Low Floor
flat,godrej nature plus,sector 33,2,1730,3,2,3+,0,0,8,New Property,unfurnished,Low,1,11.56,40,Mid Floor
flat,deepak minda,manesar,1.55,2944,3,3,3+,0,1,6,Moderately Old,unfurnished,Low,1,5.26,31,Mid Floor
flat,vipul belmonte,sector 53,8.37,2683,3,4,3+,1,0,0,Old Property,unfurnished,Medium,1,31.2,167.4,Low Floor
flat,bptp terra,sector 37d,1.93,1692,3,3,3,0,0,17,Relatively New,unfurnished,Low,1,11.41,38.6,High Floor
flat,bestech park view residency,sector 2,0.71,588,1,1,2,0,0,7,Moderately Old,unfurnished,Low,1,12.07,14.2,Mid Floor
house,international city by sobha phase 2,sector 109,8.3,2430,4,5,3+,1,1,3,New Property,unfurnished,Medium,1,34.16,166,Mid Floor
flat,ss the leaf,sector 85,1.61,1934,2,2,2,0,0,16,Relatively New,semifurnished,Low,1,8.32,32.2,High Floor
flat,gls arawali homes,sohna road,0.35,640,2,2,2,0,0,1,New Property,unfurnished,Low,1,5.47,7,Low Floor
house,independent,sector 27,10.31,3042,9,9,3,1,1,4,Relatively New,furnished,Medium,1,33.89,206.2,Mid Floor
flat,eldeco accolade,sohna road,1.12,1131,2,2,3+,1,0,10,Relatively New,unfurnished,Medium,1,9.9,22.4,Mid Floor
flat,paras dews,sector 106,1.19,940,2,2,3+,0,0,2,Relatively New,unfurnished,High,1,12.66,23.8,Low Floor
house,surendra homes dayaindependentd colony,sector 6,0.97,480,4,4,2,0,0,1,Undefined,unfurnished,Low,1,20.21,19.4,Low Floor
flat,pivotal devaan,sector 84,0.48,532,2,2,1,0,0,5,Relatively New,unfurnished,Medium,1,9.02,9.6,Mid Floor
house,international city by sobha phase 1,sector 109,7.73,6228,5,5,3+,1,1,2,Relatively New,unfurnished,High,1,12.41,154.6,Low Floor
flat,ansal api celebrity suites,sector 2,0.78,665,1,1,1,0,0,5,Moderately Old,semifurnished,Medium,1,11.73,15.6,Mid Floor
house,independent,sector 43,19.96,5490,5,6,3,1,1,3,Moderately Old,unfurnished,Medium,1,36.36,399.2,Mid Floor
flat,m3m ikonic,sector 68,2.29,1845,3,3,3+,0,0,27,Relatively New,semifurnished,Medium,1,12.41,45.8,High Floor
